:02000004080AE8
:1000000000000A08B49B0B08000006000800050168
:080010000402BD0B000000001A
:04001800DC6C0B0889
:1000200009480A4908B5884205D0094A824202D0E7
:10003000121A12F023FE0748074A0021121A12F082
:1000400045FE064808BD00BF000000203C990B0893
:100050004C020020500200208D1100208D11002044
:1000600070B50FF011FD0025054E064CA41BA40829
:10007000A54200D170BD56F8043B98470135F7E71B
:10008000FC980B0830990B0804F0AABE08B504F0E0
:1000900029FEBDE808400FF0B9BC0DF031BF0DF0EE
:1000A0002FBF0DF035BF0DF033BF000000210C2035
:1000B00008B5024A0DF09AFDFEE700BF85D70A0891
:1000C0000078B0FA80F04009704701230370704750
:1000D0002DE9F0430E68002301274FF0030E07FAC5
:1000E00003F202EA060C944531D15D000EFA05F2E6
:1000F000D2430468144004600C79D0F8008004FAFC
:1001000005F9013C49EA0808012CC0F8008016D81E
:10011000846891F8058014408460846808FA05F8C2
:1001200048EA04048460446824EA0C0444608C793E
:10013000D0F804C09C40A4B244EA0C044460C468F3
:100140002240C260CA79C468AA402243C260013317
:10015000102BC4D1BDE8F083018370474183704701
:1001600001F00703C90800EB810010B59B00046A89
:100170000F21994024EA01010162016A9A4011436A
:10018000016210BD044B1A6B09B1104301E022EA71
:1001900000001863704700BF00380240044B1A6C1F
:1001A00009B1104301E022EA00001864704700BF63
:1001B0000038024003884A8810B503F441540B8884
:1001C00013438A881343CA8813430A8913434A890D
:1001D00013438A891343CA89134323439BB2038081
:1001E000838B23F400631B041B0C83830B8A038221
:1001F00010BD038819B19BB243F0400303E023F024
:1002000040031B041B0C03807047808980B2704739
:10021000818170470389194214BF01200020704773
:100220002DE9F04190B004AC0F461E46C169036948
:1002300001942D2401FB07330094162105469046B6
:1002400004F058FA041E04DA6C64204610B0BDE8CD
:10025000F081D5E906C4BCFBF4F2B7FBF2F1B4EBD4
:10026000420F4FEA420302FB117094BFB3FBF4F359
:1002700001230DF10E0201920222D5F810E0C31AFB
:100280000CFB01E1009201EB430342461421284696
:1002900004F030FA041ED7DBBDF80E307781C3F3CB
:1002A0000E0333809DF81C300DF11D013372069B47
:1002B00006F10C005A1C08BF00232022736013F0C3
:1002C000B5FDC2E72DE9F04184681D46631C074671
:1002D0000E4690461BD0944219D9A41AAC42A8BF2E
:1002E0002C460A462346414602F042FA00280CDB1F
:1002F0002B1B2644A044002B06DD324641463846DF
:1003000001F0A8FE002800DB2846BDE8F0812B465E
:10031000F1E773B501AA054603F0F2FA041E03DA09
:100320006C64204602B070BD019EB38B9B06F8D46E
:10033000336A23B93146284604F0B0FA3062019896
:10034000026A002AEDD0E969EC6D01F114035178DD
:10035000246959431431138A2144D268FFF7B2FF4C
:10036000019B041EB8BF6C642846196A04F0C8FAE1
:10037000D7E7000070B5144BC26F05469A4202D011
:100380001248686470BD90F8744024B1104B436407
:100390004FF0FF30F6E70DF0F7F826462A6AA1B2D3
:1003A000914203D30DF0F6F80020EBE72846A5F8BC
:1003B000566001F041F801340028EFD0054C6C6420
:1003C0000DF0E8F82046DDE715030920D8D8FFFF37
:1003D000D6D8FFFFD5D8FFFF2DE9F04F04460E46D3
:1003E00087B0129FDDE91089CDE903871D460369B7
:1003F0005A49029343699246019383690093C36902
:10040000C26857480DF0A4F80DF0BEF88022002114
:100410002046D4F878B012F059FC3146234606F154
:10042000200251F8040B914243F8040BF9D1A26960
:10043000E3680021B3FBF2F3E269284652442362E9
:100440006263C4F878B04246C4F838A012F03EFCAB
:10045000302215F003031CBFC3F10403A8EB03080B
:10046000B8FBF2F218BFED1819F003031EBFC3F179
:100470000403FF1A9944BB07E36918BF27F0030779
:100480005B01BB4294BF2366276620462264E56376
:10049000C4F85C9004F04EFAD4E90632B3FBF2F3F0
:1004A000B2EB430F4FEA430194BFB1FBF2F10121DC
:1004B00050085B1AB3FBF0F100FB1133043AB2EBC6
:1004C000430F0DD3274B2046E36701F027F8051EA5
:1004D00008DA65640DF05EF8284607B0BDE8F08FD5
:1004E000214DF6E7E16921480DF016F8D4E906320E
:1004F000B3FBF2F3B2EB430F4FEA430194BFB1FBFE
:10050000F2F101211A480DF007F8D4E90613194851
:10051000B1FBF3F10DF000F8052117480CF0FCFFDA
:10052000E16916482D3949080CF0F6FFE1691448D5
:10053000083949080CF0F0FF216C12480CF0ECFF70
:10054000A16C11480CF0E8FF139B0025E366012322
:1005500084F874300DF01EF8BEE700BF906E0B08F3
:10056000006D0B0815030920D4D8FFFF496D0B0857
:100570006A6D0B088B6D0B08AC6D0B08CD6D0B080D
:10058000EE6D0B080F6E0B08306E0B082DE9F04373
:100590000546884616461F464448134685B00A4617
:1005A00043490CF0D5FFEA6F424B9A4204D04248CF
:1005B000686405B0BDE8F08395F874300BB93F4826
:1005C000F6E7404613F018FC1F2801D93C48EFE736
:1005D0000CF0DAFF4246284603A903F001F9041E95
:1005E00004DA6C640CF0D6FF20B2E2E70DF10809E2
:1005F0004A464146284602F091FB7207044637D42A
:10060000002824DA039B2846B3F9041003F05CF9B0
:10061000E7E7002CF6DB33462846039ABDF80810BE
:10062000009701F0A5FC041EECDBB30706D5002201
:100630000398114602F0AEFB041EE3DB0022039B8D
:100640009A610CF0A7FF039BB3F90400B1E7E2D174
:1006500006F04403442BDED1039B1A4CB3F904107B
:10066000284603F031F96C640CF094FF2046A0E7B3
:100670000028EDD0144B9C42CBD1002228460DF12E
:100680000A0102F0AFFF041EBCDB012342460093C7
:1006900028460023BDF80A10CDF8049001F026FB8F
:1006A000041EAFDB26F00206B6B2B4E7516E0B08AB
:1006B0009D6E0B0815030920D8D8FFFFF0D8FFFF67
:1006C000CCD8FFFFD2D8FFFFEED8FFFF2DE9F341D2
:1006D00005460E46904638480A4638491C460CF0F6
:1006E00037FFEA6F364B9A4205D0364C6C64204691
:1006F00002B0BDE8F08195F874300BB9324CF5E7E3
:100700000CF042FF3146284601AA03F0F9F8071E13
:1007100008DA6F640CF03EFF3C462C4B9C4208BF4D
:100720000024E4E7019B9A8B120704D4284C6C64E4
:100730000CF030FFDBE79B68013307D1002C05DDAF
:10074000224B00246B640CF025FFD0E7314628468D
:10075000FFF7DFFD0198816983680A199A4219D36E
:100760005C1A002CECDD4346224602F017FE174BC4
:100770000646984208D1019A26469369234493611C
:100780000CF008FF3446B2E700280EDA68640CF07B
:1007900001FFF7E74346224602F000FE061E04DA98
:1007A0006E640CF0F7FE3446B7E7019A9369234470
:1007B00093610CF0EFFEB0E75F6E0B08A96E0B08BB
:1007C00015030920D8D8FFFFF0D8FFFFEDD8FFFFB1
:1007D000DAD8FFFF2DE9F34105460C469046614803
:1007E0000A4661491F460CF0B3FEEA6F5F4B9A421E
:1007F00005D05F4C6C64204602B0BDE8F08195F8EE
:1008000074300BB95B4CF5E70CF0BEFE2146284670
:1008100001AA03F075F8041E03DA6C640CF0BAFE4A
:10082000E9E7019CA38BDA0601D4534CF5E7DB071B
:1008300004D5A3685E1C08BF0023A361236AA669D0
:1008400023B92146284604F029F820620198818BBB
:10085000CC070BD58668721C026A08BF00262AB135
:10086000138AD26813449E4238BF1E468B0674D446
:10087000E969026AB9425BDDFAB1D2F80CC0138AA9
:10088000B44508D803EB0C04B44204D3BC1901EB03
:100890000C0E74451ED9527814315143EC6D14314D
:1008A000246962462144FFF70DFD0446019B28465A
:1008B000196A04F025F8002CAFDB019C284621467C
:1008C00004F00FF8019B20621A6A1AB1D660002268
:1008D0001B6A1A820198026AEAB1D3685078F61A44
:1008E000EB69E96D143300FB0363086914333A467E
:1008F0004146184412F0C2F9019B3E441A6A3C4634
:10090000118A8E4238BF0E4616829A693A449A611D
:100910000CF040FE6FE73B4632464146FFF7D2FC03
:10092000041EFFF67AAF019A93693B44936175E721
:100930009AB1547814316143EB6D14311C69138AF8
:100940002144D268FFF7BEFC0446019B2846196A81
:1009500003F0D6FF002CFFF660AF3B46324641461F
:100960000198DBE75F6E0B08B56E0B0815030920D5
:10097000D8D8FFFFF0D8FFFFDBD8FFFF2DE9F0410B
:100980001E4688B0424B032E08AC054688461746E3
:100990000FCB04E90F003346A8BF032304EB830306
:1009A00053F8103C424600933A493B463A480CF013
:1009B000CFFDEA6F394B9A4205D0394C6C64204622
:1009C00008B0BDE8F08195F874300BB9354CF5E707
:1009D0000CF0DAFD4146284603AA02F091FF041EFE
:1009E00003DA6C640CF0D6FDE9E741462846FFF7D0
:1009F00090FC03998A68531C08BF0022012E05D081
:100A0000022E06D0002F06DA274CEAE78B691F4436
:100A1000F8E71744F6E7974202DD244C8A61E0E7E5
:100A2000002F32D07E1EEB695A1FB6FBF2F6A3F1FF
:100A30002D02B6B2B6EB520F28BF083B4FEA520068
:100A400023BF361A5B08B6FBF3F6002628BF013633
:100A50000B8A28BFB6B2B34211D0C9880DF10A0380
:100A6000009332460023284641F4004100F05EFE28
:100A7000041EB6DB039BBDF80A201E82DA81039BAD
:100A80003C469F610CF086FD99E73E46CBE700BFF0
:100A9000806E0B08C26E0B08696E0B0815030920E7
:100AA000D8D8FFFFF0D8FFFFC8D8FFFFEDD8FFFF71
:100AB00073B505460C4616461A480A461A490CF004
:100AC00047FDEA6F194B9A4204D0194C6C642046DA
:100AD00002B070BD95F874300BB9164CF6E70CF007
:100AE00053FD2146284601AA02F00AFF041E03DA3C
:100AF0006C640CF04FFDEAE7019B9A8BD20601D49F
:100B00000D4CF5E7196A284603F0FAFE002231463B
:100B1000019802F03FF9041EEADB0CF03BFD0024D3
:100B2000D5E700BF766E0B08CF6E0B0815030920C2
:100B3000D8D8FFFFF0D8FFFFDBD8FFFFF7B5054699
:100B40000E46174616480A4616490CF001FDEA6F94
:100B5000154B9A4204D0154C6C64204603B0F0BD8E
:100B600095F874300BB9124CF6E70CF00DFD3146D8
:100B7000284601AA02F0C4FE041E03DA6C640CF0DD
:100B800009FDEAE731462846FFF7C3FB01993B46DA
:100B9000324628468989FFF743FB0446EFE700BF4A
:100BA000766E0B08E06E0B0815030920D8D8FFFFFE
:100BB000F0D8FFFF38B505460A460C460E480F49E7
:100BC0000CF0C6FCEA6F0E4B9A4203D00D4C6C64DD
:100BD000204638BD95F874300BB90B4CF7E70CF094
:100BE000D3FC21462846FFF794FB041EB8BF6C6473
:100BF0000CF0D0FCECE700BF766E0B08ED6E0B0836
:100C000015030920D8D8FFFFF0D8FFFF70B50546BF
:100C10000A460E46114812490CF09AFCEA6F114B35
:100C20009A4203D0104C6C64204670BD95F8743025
:100C30000BB90E4CF7E70CF0A7FC31462846FFF73E
:100C400068FB041E01DA6C6405E03146284602F0B8
:100C50003BFE041EF7DB0CF09DFCE5E7766E0B080F
:100C6000FB6E0B0815030920D8D8FFFFF0D8FFFF53
:100C700073B505460A460E46134814490CF068FC45
:100C8000EA6F134B9A4204D0124C6C64204602B0B7
:100C900070BD95F874300BB90F4CF6E70CF074FC8E
:100CA0003146284601AA02F02BFE041E03DA6C64CA
:100CB0000CF070FCEAE731462846FFF72AFB041ED9
:100CC000F5DB019B9C69F3E7766E0B08086F0B0858
:100CD00015030920D8D8FFFFF0D8FFFFF0B50D4667
:100CE000D0E90617B1FBF7F1B7EB410F4FEA41042A
:100CF00094BFB4FBF7F4012401FB02F292B285B079
:100D000098BFA4B21A44144402AA036901920522AE
:100D1000A4B200920021152207FB04330A9E03F0BF
:100D2000E9FC00281ADBBDF80830AB4218D10B9B58
:100D3000BDF80A201B88934212D19DF80C2002F0C6
:100D4000830180290CD1290402D5520600D43BB17D
:100D500046B133880448A34218BF002005B0F0BD57
:100D60000148FBE73046F9E7AAD8FFFFF0B51E4679
:100D70004FF6FF739A420D4685B039D0D0E906434D
:100D8000B4FBF3F4B2FBF4F76100B3EB440F94BF90
:100D9000B1FBF3F1012104FB17278F422AD3C1686D
:100DA000B1FBF3F18A4227D802AC01690194052412
:100DB00003FB021300941621B5F9042003F09AFCFA
:100DC000002813DB9DF80C30DC0717D4190617D563
:100DD0009A0717D45B0717D4B5F90630002B13DA3E
:100DE000BDF80A20094BB24218BF184605B0F0BD45
:100DF0000748FBE70748F9E70748F7E70748F5E73B
:100E00000748F3E70748F1E70748EFE7E3D8FFFFB4
:100E1000DED8FFFFDDD8FFFFDCD8FFFFE4D8FFFFFF
:100E2000ECD8FFFFEBD8FFFFEAD8FFFF70B5D0E9A1
:100E30000656B5FBF6F56A436C00B6EB450F98BF56
:100E4000B4FBF6F492B288BF01241A4447F6FE734D
:100E500098BFA4B281F40041144499428EB0A4B268
:100E600002D911480EB070BD02AA036901922D2269
:100E70001521009206FB0433002203F03BFC0028FE
:100E8000F0DBBDF80A30002BEBD19DF80C3003F0FD
:100E9000C203C02BE5D112980DF1150112F01CFA16
:100EA0000028DFD0DDE700BFAAD8FFFFF0B5054678
:100EB0004FF6FD700C46013989B28FB08142149F04
:100EC00001D9274837E015990E88002F35D0210425
:100ED00033D5D5E90610B1FBF0FCB0EB4C0F0CFBA1
:100EE00002F14FEA4C0294BFB2FBF0F2012289B248
:100EF00098BF92B219440A4402A901912D212B698D
:100F000092B200FB0233009100221521284603F023
:100F1000F1FB00280FDBBDF80A3073B99DF80C30E7
:100F200003F0C203C02B08D138460DF1150112F0B1
:100F3000D3F910B90B480FB0F0BDC4F30E04A41BD5
:100F4000E210BED4EB699342BBD90123A96B04F034
:100F5000070403FA04F48B5C1C438C54B1E700BF14
:100F6000AAD8FFFFD9D8FFFF4FF6FF72914205D1F3
:100F700013B9836C013383640548704719B9036D55
:100F800001330365F8E7C36C0133C364F4E700BFC2
:100F9000AAD8FFFF421E00F11F0341F2055012F8CC
:100FA000011F09B19A4200D1704700EB4010484040
:100FB000F5E70000F0B51E464FF6FF739A4285B084
:100FC00035D0D0E90645B4FBF5F4B2FBF4F7630085
:100FD000B5EB440F94BFB3FBF5F3012304FB1727D4
:100FE0009F4226D3C368B3FBF5F39A4223D802ACE1
:100FF000036901940524009405FB0233B1F9002034
:10100000172103F077FB00280FDB9DF80C30DC077D
:1010100013D4190613D59A0713D45B0713D5BDF85B
:101020000A200A4BB24218BF184605B0F0BD084866
:10103000FBE70848F9E70848F7E70848F5E70848F4
:10104000F3E70848F1E70848EFE700BFE2D8FFFF01
:10105000E1D8FFFFE0D8FFFFDFD8FFFFE4D8FFFFB4
:10106000ECD8FFFFEBD8FFFFE5D8FFFF2DE9F04FED
:10107000CE6A8046006834891546A0F12D02B4EB93
:10108000520F1F464FEA520321BFA0F10802520837
:10109000A4EB030CBCFBF2FC894671892ABF0CF15E
:1010A000010C4FF0000C1FFA8CFC8B429FBFA0F18B
:1010B000080ECA1A4FEA5E0EB2FBFEF296BF01326C
:1010C000002292B2AC4587B01FD895421DD89BB282
:1010D000F5B10838C0F34F006A1E02FB00339AB224
:1010E000034613449BB201318B42A8BF0B46944286
:1010F00038BF14464FF6FF7B9BB2059307F12D0ACC
:10110000059AA3B29A421A4804D807B0BDE8F08FF6
:101110002A46E6E7ADB93AF814205A45F5D03389A6
:101120003168E31A21F81320338902927A88B9F8DA
:101130000610019272890092E21A0CF0EDF9013466
:10114000DEE7D8F80020A2F12D01B4EB510F4FEAF1
:10115000510303D263000833FA5ADEE7083AE11A72
:101160005208B1FBF2F302FB131304335B00F3E705
:10117000286F0B08F0B505460C4681F4004047F691
:10118000FE718FB08842149E3FD8D5E90670B7FB38
:10119000F0FCB0EB4C0F4FEA4C0194BFB1FBF0F107
:1011A0000121194402AB01932D23D5F810E00093DF
:1011B00007FB02E200FB012300221521284603F071
:1011C00099FA10BBBDF80A30FBB99DF80C3003F05A
:1011D0008603802B19D1B06838B10DF1150112F0DA
:1011E0007BF810B90A480FB0F0BD3388C4F30E0184
:1011F00099420AD372888A4207D3C91A7368AA6BC4
:10120000B1FBF3F1535C013353540248EBE700BFE9
:10121000D9D8FFFFAAD8FFFF2DE9F04781468A46BB
:1012200015461F4692B01A9C02AE1CB9204612B059
:10123000BDE8F087402CA04628BF4FF040083B4651
:1012400052460B214846CDE9008603F053FA0028A8
:10125000EDDB2B4652460F214846CDE9008603F0D0
:10126000D5FA0028E3DBA4EB080447444544DCE757
:101270002DE9F04F05468BB00393BDF8503014466E
:10128000D5E906720893B7FBF2F30E46B2EB430FB3
:101290004FEA430194BFB1FBF2F10121006A5B1AEE
:1012A00003FB00F10591696BA34207914FEA520BD2
:1012B00000F3B5800136B6B2B0421FD9002406FB58
:1012C00007F30293039B03F001030993059B002B93
:1012D00019DD94FBFBF9274609FB0BF30693D5E9CF
:1012E0000612B1FBF2F14B00B2EB410F94BFB3FB1E
:1012F000F2F301234B450BDC002439E0039B13F090
:10130000040400F090804A4C20460BB0BDE8F08FFA
:1013100002992B6928460B44696B09FB0233CDE91E
:1013200000210022142103F0E5F9B8460446059B8C
:101330000493069BA7EB030A049B47460593AB69FE
:101340007CB9D3450DDDE969B3FBF1F3B1EB430F94
:101350004FEA430294BFB2FBF1F201229B1A4345CC
:1013600013DC069B09F101095B440693002CB6D0FF
:101370002A6A0136B6B29642AB6948D2029A1A443A
:101380000292002CA2D0BFDBBDE7099B2BB1079BCB
:10139000089A33F81A30934231D1189B03B11E805A
:1013A000199B0BB1C3F80080159B002BACD0039B9D
:1013B00032469B0756BF079B089933F81A10179BB4
:1013C00028460193169B159F00934346B84700F5A6
:1013D0001D531733012B29D8164B98420FD1029970
:1013E0002A69EB690A44696B2846CDE9003109FB9B
:1013F00003231421002203F07DF9002816DB049B4F
:1014000008F10108013B04930AF1010A94E7039BE8
:1014100013F004077FF477AF3E460297B1E707FB6E
:1014200006F302934EE7264602944BE704466BE729
:10143000A8D8FFFFA9D8FFFF2DE9FF4104460D46BC
:1014400086690769DFF8D08006FB0177002E54DC3F
:10145000D4E90621B2FBF1F6A36C2069013302380E
:10146000B1EB460F02FB0502A36404F156004FEAFC
:10147000460394BFB3FBF1F301230190022003FB69
:101480000123009000221921204603F0BFF9002813
:1014900030DBD4E90702521B424082F4A56282F09D
:1014A0000102ADF80E20A2692169B2FBF0F6043901
:1014B000B0EB460F02FB05154FEA46030DF10E0295
:1014C00094BFB3FBF0F301230192022203FB00530C
:1014D000009219210022204603F098F9002809DB28
:1014E000B4F8563001339BB2B3F5004F08BF002368
:1014F000A4F8563004B0BDE8F08139464046626930
:101500000CF00AF83946A368204662699847636977
:101510001F44F61A9AE700BF606F0B082DE9F043ED
:101520004FF6FF760025044637464FF0020889B093
:10153000ADF818500DF11A09BDF81810236A994238
:1015400023D3AB1BB3F5004F4FF6FF73ACBF751C35
:101550000135ADB29F42A4F8565079D1002307AAB5
:10156000059206AACDE903323F4A1946CDE9003279
:10157000C4E912331A46236502932046FFF778FE2A
:101580003A4B984208BF00205FE0D4E90620B2FB46
:10159000F0FEB0EB4E0F4FEA4E0394BFB3FBF0F3F7
:1015A0000123D4F810C0CDE90089ACF1040C01FB93
:1015B00002C2152103FB00230022204603F09AF803
:1015C000002842DBBDF81810226AE069521A424036
:1015D00082F4A562BDF81A3082F0010292B2934201
:1015E00004D04FF6FF739F422ED10F46D4F818C097
:1015F0002269BCFBF0FEB0EB4E0F4FEA4E0394BFE6
:10160000B3FBF0F30123023A0CFB012107AA03FB11
:101610000013CDE9008215210022204603F06AF86C
:10162000002812DB4FF6FF72BDF81C30934205D044
:101630009E4228BF1E469D4238BF1D46BDF8183049
:101640000133ADF8183077E7094809B0BDE8F083F9
:1016500008480BF061FF39462046FFF7EDFE0028F1
:10166000BFF67CAFF1E700BF690F0A08A8D8FFFFFB
:10167000D7D8FFFF6F6F0B0810B586B0099C059493
:10168000089C04940024CDE90034CDE902440123F0
:10169000FFF7EEFD034A044B904208BF184606B020
:1016A00010BD00BFA8D8FFFFEED8FFFF2DE9F7431C
:1016B000884690F85410054691461E460A9F89B107
:1016C0004FF6FF734A4641462846CDE90067FFF7CB
:1016D000D3FF0446B0B1124B98421DD111480BF014
:1016E0001BFF19E0836C012BEAD802F043F90E4B83
:1016F0000446984201D000280EDBAB6C012BDFD8EA
:10170000074C09E03388AB843B680133AB623B682C
:1017100013B9AB6C013BAB64204603B0BDE8F0836A
:10172000EFD8FFFF886F0B08D3D8FFFFF0B5044652
:101730008BB00846ADF81E20109DA18D226BADF830
:101740001C3003B107AB09AE05960DF122060496D5
:101750000DF11E06CDE90236144BCDE9000301233D
:101760002046FFF785FD124B98421CD0002818DB5D
:10177000BDF82270099E95B1D4E9061CB1FBFCF1BD
:101780004B00BCEB410F94BFB3FBFCF3012301FB07
:1017900007F292B298BF9BB2324413442B80A785C4
:1017A00026630BB0F0BD0348FBE700BFDD0C0A0861
:1017B000A8D8FFFFEED8FFFF2DE9F04387B01F4602
:1017C00005AB0093ADF80E101546818C826A0DF1C1
:1017D000120304469DF84080119EFFF767FF002822
:1017E000C0F2A1800DF10E0001900220059A23693C
:1017F000A16903EB4203BDF81220009001FB023304
:1018000020460022042103F001F80028C0F28B805A
:10181000E36C0133E3642B7923F001032B71D4E9EA
:101820000601B0FBF1FCB1EB4C0F4FEA4C0294BF48
:10183000B2FBF1F20122059BD4F810E01A44BDF886
:101840001230019500FB03E3052001FB02330090F9
:1018500000220721204602F0D9FF002863DB17B3DE
:10186000D4E906C0BCFBF0FEB0EB4E0F4FEA4E02CF
:1018700094BFB2FBF0F201220F99D4F81090BDF89A
:101880001230053149440CFB0313059901970A44B2
:101890000E9900FB0233009100220721204602F03E
:1018A000B5FF00283FDBB8F1000F26D02B799A074F
:1018B00023D523F002032B71D4E90671B7FBF1F3B2
:1018C000B1EB430F4FEA430294BFB2FBF1F20122A6
:1018D0002069BDF81230043007FB03030598043576
:1018E0000244012001FB0233009000220721204620
:1018F000019502F08BFF002815DBA6B1D4E906158F
:10190000B1FBF5F14B00B5EB410F94BFB3FBF5F321
:101910000123BDF8122098BF9BB24A43059992B2A9
:101920000A441344338007B0BDE8F083F0B50D4698
:10193000D0E90676B7FBF6F10023B5FBF1F285B0EE
:10194000B6EB410FADF80E304FEA410394BFB3FB45
:10195000F6F30123D0F810C0044601FB125007FB38
:1019600002C2C31A0DF10E01019102EB43030221E1
:10197000002200912046114602F048FF002817DBA4
:10198000236D0DF10D0101332365E36C0191013BE2
:10199000E3647E23012122698DF80D30E36904326E
:1019A00003FB0523009100220321204602F02EFFB5
:1019B00005B0F0BD2DE9F04786B0ADF80E3005ABAF
:1019C00000930F469046818C826A0DF11203044603
:1019D000BDF83C60DDF84090FFF768FE0028C0F2DB
:1019E0008A80D4E90621B2FBF1F25500B1EB420F37
:1019F00094BFB5FBF1F50125BDF8123098BFADB22B
:101A00005343059A9BB213441D44ADB2B9F1000F84
:101A100001D0A9F80050B8F1000F26D12169E26980
:101A2000204602FB0613009205FB02123946FFF71F
:101A3000F3FB4FF00009DDF838802DE0424698F8BE
:101A40000430204623F0030302F8043F01920122F0
:101A50002169E369043103FB0513009207213A462B
:101A600002F0D4FE002842DA45E098F8043007215D
:101A700083F0020923F0010343F0020388F80430E5
:101A8000E3692269CDE90038204605FB03230022E3
:101A9000C9F3400902F0BAFE00282CDBD4E906ECB9
:101AA000BEFBFCF1B5FBF1F2BCEB410F4FEA410389
:101AB00001FB125094BFB3FBFCF301230DF10E01A7
:101AC00001910221D4F810A0C31A0EFB02A20091CA
:101AD00002EB430304210022204602F097FE002877
:101AE00009DBE36C0133E364B9F1000FA6D13146A1
:101AF0002046FFF71BFF06B0BDE8F0872DE9F04F49
:101B000014468FB0DFF8DCC1069308AFC3F30E03B1
:101B1000D0F83CB0079105930546BCE80F000FC70D
:101B20009CE80300052C87E803002146A8BF052197
:101B3000BDF86480DDF86890BDF86060CDE900898B
:101B40000EAB03EB8101069A334651F8181C60482E
:101B50000BF0E2FC4FF0000A0BF104072B6C53452D
:101B600012D8012C09D84FF00009DFF87CA15F469C
:101B700005F11C0B2B6C4B456FD82F6F002F40F0DD
:101B800085800FB0BDE8F08F7A88059922F4004374
:101B90008B4242D1002E30D1022C46D0BB8C002B80
:101BA0003BD0B7F90010CDE901893B694948009362
:101BB0007B690BF0B1FCA7F80880B9F1000F1CD0CD
:101BC000B9F1FF3FF969C7F804902AD059B30B8ADD
:101BD000CA6813444B4538BF4B463A699A427A6902
:101BE00088BF3B619A4288BF7B6131B1CA680133CB
:101BF0009A4202D9284602F083FEBB89B3420CD137
:101C0000022C27D07A88B7F9001033463248CDF835
:101C100000800BF081FCA7F80A800AF1010A303736
:101C20009CE73346D9E74B46D7E7B7F9003023B1F5
:101C3000F96911B1284602F063FE00237A88B7F9EA
:101C400000102648CDF800800BF066FC00233B8096
:101C50007B80D2E700237B81DFE7B7F9041089B1ED
:101C6000FB6A7BB1FA88059822F40043834209D1CC
:101C7000334650460BF050FC324639465846079BD7
:101C8000FFF7F4F909F10109303773E7002E7FF40B
:101C900078AF069B1B047FF574AF012C0CD0A4B168
:101CA000E31E012B11D9022C214606D00C480FB09F
:101CB000BDE8F04F0BF030BC314643462846BC46E9
:101CC000059A0FB0BDE8F04F60470121F5E700BF6E
:101CD000916F0B08CD6F0B0865700B0824700B0813
:101CE000DB700B08D47B0B08A6700B08F0B595B021
:101CF000ADF81610C1690446053917461B9E02F05F
:101D000065FB051EC0F2B680BDF8163020466FEAAE
:101D100043436FEA5343ADF8163007AB0093A26A12
:101D2000A18C0DF11A03FFF7C1FC051EC0F2A280C1
:101D3000D4E90635B3FBF5F3B5EB430F4FEA4301A6
:101D400094BFB1FBF5F10121BDF81A2098BF89B20B
:101D500003FB02F0079B80B21844014489B2474854
:101D60000BF0DAFB0DF1160001900220079A2369AF
:101D7000A16903EB4203BDF81A20009001FB023376
:101D800020460022042102F041FD051E72DBE36CB7
:101D900039460133E364BDF816302022ADF8203017
:101DA0000023ADF82230F8238DF824309DF86830F8
:101DB0000DF12D008DF82C304FF0FF330A9312F007
:101DC00035F8D4E90601B0FBF1F5B1EB450F4FEA68
:101DD000450294BFB2FBF1F20122079B27691A4426
:101DE000BDF81A3000FB03732D2008AF01FB02334E
:101DF0000090002207212046019702F007FD051EF2
:101E000038DBD4E9060CB0FBFCF0BDF81A10420038
:101E1000BCEB400F00FB01F14FF0FF3094BFB2FB71
:101E2000FCF201220290079889B2014498BF92B255
:101E30000A4492B2019200223946009220460122C1
:101E4000BDF81630FFF75AFEA6B1D4E90610B1FB73
:101E5000F0F14B00B0EB410F94BFB3FBF0F3012363
:101E6000BDF81A2098BF9BB24A43079992B20A4420
:101E700013443380284615B0F0BD00BF0F710B0826
:101E80002DE9F04F87B00746DDE910AB0E469946C5
:101E900042F40048BAF1000F52D10269C369816B64
:101EA000CDE9003103FB09231621B6F9042002F025
:101EB00021FC041E40DBBD6B2B79D80744D41906E6
:101EC00044D59A0744D45B0744D46B88002B43D194
:101ED000BBF1000F05D02022594605F10D0011F08D
:101EE000A5FF139B03B1AB6066B3B6F904100DF107
:101EF0001603CDE9019300232A4600933846434652
:101F0000FFF758FD0446B8B9149ABDF8163002B16F
:101F10001380AA68BAF1000FCDE901326B880CBFBB
:101F2000042200220093294643463846FFF7E6FD87
:101F300016B1BDF81630B381204607B0BDE8F08F6A
:101F40005546B9E73146D2E7044CF5E7044CF3E7D0
:101F5000044CF1E7044CEFE7044CEDE7E4D8FFFF55
:101F6000ECD8FFFFEBD8FFFFEAD8FFFFE3D8FFFF75
:101F70002DE9F04190B00F4604A915469846C26974
:101F8000036901912D2102FB07330091B5F904206B
:101F90001621064602F0AEFB041E41DBD6E90624FC
:101FA000B2FBF4F0B7FBF0FCB4EB400F4FEA40019A
:101FB00094BFB1FBF4F1012100FB1C735B1A0DF11E
:101FC0000E013069019102210CFB0202009102EB2B
:101FD000430314210022304602F08CFB069BBDF81F
:101FE0000E20AB6000236B612B829DF81430AF8113
:101FF000EF81DF0704462E60EA80A5F81C8013D429
:102000001E0613D5980713D4590713D4130411D5FA
:10201000BDF8123083B9B5F9041008480BF07CFA0A
:10202000204610B0BDE8F081054CF9E7054CF7E714
:10203000054CF5E7054CF3E7054CF1E743710B0858
:10204000E4D8FFFFECD8FFFFEBD8FFFFEAD8FFFF93
:10205000E3D8FFFF2DE9F04F05468B4691B0CDE95F
:102060000A32066883680A4677480A990BF054FAE0
:10207000AB685B4504D275480BF04EFAD5F808B052
:102080000A9B3046591FF369194402F09FF9044630
:1020900000286ED1B36B00270793AB894FF6FF7A08
:1020A000ADF83030F369B846053BBBFBF3F203FBF8
:1020B00012B31FFA82F90893002C00F08581BDF855
:1020C00030200BEB0809C5F80890C5F81490EA8198
:1020D0002F82002F00F0DF823B46E9885C48CDF874
:1020E00000800BF019FA3B4629463046BDF83020F7
:1020F000FEF73CFE0028C0F22A83F269BDF83010DA
:102100003369B06B02FB0133CDE900200621304674
:10211000B5F9042002F07AFB0028C0F218830027EA
:10212000BDF8303002970193079B30465B883A46F2
:102130000093B16BEB88FFF7E1FC0DF13203294608
:102140003046CDE90393EA88AB89CDE90177009762
:10215000FFF796FE0646CDE901804A46BDF83230CB
:10216000E9883C4800970BF0D7F9BE42B8BF344627
:1021700005E0014638480BF0CFF9002C8ADA2046FA
:1021800011B0BDE8F08F0DF13202CDE90332CDE997
:1021900001AAB36B294600933046AB89EA88FFF762
:1021A0006FFE041EEBDB5346BDF83220E9882B4856
:1021B000CDF800800BF0B0F952E153462946304685
:1021C000BDF83020FEF7D2FD041ED8DBF269BDF861
:1021D00030103369B06B02FB0133CDE900200621DA
:1021E0003046B5F9042002F011FB041EC7DB4FF0A6
:1021F000000ABDF83030CDF808A00193079B524685
:102200005B8830460093B16BEB88FFF777FC0BEBF4
:10221000080309930DF132030493099B2946CDE984
:1022200002A33046CDE900AAAB89EA88FFF728FE71
:10223000041EA4DBCDE900A8BDF83230099AE98874
:1022400007480BF069F90BE15F710B0886710B0809
:1022500047740B087D740B08A7710B08F1710B080C
:102260002A720B08F269AB68501F013BB3FBF0F315
:10227000A2F12D00B3EB500F4FEA50040CD3B8F18C
:10228000000F09D1083A1B1B5208B3FBF2F30133CC
:102290009BB29F4240F22081F9238DF83C300CAB79
:1022A0004FF0000A0393012341F40041CDE901A35B
:1022B00030465346CDF800A00EAAADF83810ADF860
:1022C0003A70FFF779FA041EFFF659AFFF21F26961
:1022D000B06B10F0FBFCB36B0E9818609DF83C20BF
:1022E00030461A71BDF83030CDF808A0CDE9007342
:1022F0000122EB88B16BFFF701FC3B46BDF83020B3
:10230000E988B748CDF800800BF006F9BA46BDF869
:1023100030302F82EB810BEB08036B61AB60F2690D
:102320000899531F591A0A9BA3EB0803994228BF27
:102330001946089B0991002B40F01E81FD238DF862
:102340003C300DAB039301230293089BE988019372
:10235000099BC1F30E0100930B9B0EAA4344304628
:10236000ADF83810ADF83A90FFF726FA099B04460D
:102370000193089BBDF8342000934B46E9889948A7
:10238000CDF808800BF0C8F8002C7FF498AEBDF8AB
:102390003420002F40F04E81079B934803EB490304
:1023A000A3F82D20BDF834204B46E9880BF0B4F893
:1023B000079A0BEB08039360099B09F10109984404
:1023C00000231FFA89F908930A9B9845BFF477AE5A
:1023D000F369A3F12D02B9EB520F4FEA520721BF67
:1023E000083BA9EB07075B08B7FBF3F732BF0027F1
:1023F0000137BFB2BA4592D0B8F1000F34D053467E
:10240000BDF83020E9887948CDF800800BF084F8D9
:10241000BAF1000F7FF4D1AE079A0BEB080393607B
:10242000BBF1000F7FF4AFAE5B4629463046BDF8E6
:102430003020FEF79BFC041EFFF6A1AEF269BDF84A
:1024400030103369B06B02FB0133CDE90020062167
:102450003046B5F9042002F0D9F9041EFFF68FAE1C
:102460000BEB0803AB606B61E988002F7FF4FAAED9
:102470003B46BDF830205E480BF04EF8F269BDF8DF
:1024800030103369B06B02FB0133CDE90020162117
:102490003046B5F9042002F02DF9041EFFF66FAEA8
:1024A000079B1B79D80700F14A81190640F1498141
:1024B0009A0700F148815C0700F14781B5F90630C1
:1024C000002B80F24281079BB3F802A0BAF1000F03
:1024D0003FF425AF474C52E63A4647480BF01CF80C
:1024E0002B8ABB4237D1EB89ADF83630AB68BDF8EB
:1024F0003620E98841480BF00FF8F269BDF8361034
:102500003369B06B02FB0133CDE900201621304660
:10251000B5F9042002F0EEF8041EFFF630AE079B7A
:102520001B79D80700F10B81190640F10A819A073F
:1025300000F109815B0700F10881B5F90630002B35
:1025400080F20381079B5B88BB42C3D1BDF8363064
:10255000ADF83030DAE6E9880DF136036FEA414133
:102560006FEA514100933A464346304689B2FFF73D
:10257000DDF8041EBADA02E6002F43D1079B03EB15
:102580004903B3F82D30ADF8343030464B46BDF832
:102590003420291DFEF70EFD041EFFF6F0AD326952
:1025A000F169BDF83430053201FB03230B9A072192
:1025B00042440192099A30460092089A1344B5F9B0
:1025C000042002F023F9099B04460193089BBDF8FF
:1025D00034200093E9884B460948CDF80880D1E6BD
:1025E0009B720B0833730B08D1730B08C1710B0876
:1025F00070720B08E3D8FFFFD2720B08F8720B0859
:102600007E730B08A2F12D01B9EB510F4FEA510374
:1026100021BF083AA9EB03015208B1FBF2F32CBF2A
:1026200002FB131309F10403079A28BF04335B006C
:10263000D35AA8E7F169A1F12D00B9EB500F4FEA89
:10264000500321BF0839A9EB03004908B0FBF1F39F
:102650002CBF01FB130309F10403079928BF0433BE
:102660005B00CA52F369E988A3F12D0CB9EB5C0F4A
:102670004FEA5C0021BF083BA9EB00005B08B0FB00
:10268000F3FC2CBF03FB1C034B46324828BF9BB214
:102690000AF042FF90E6BBF1000F33D1079B2E48B2
:1026A000C3F80880E9885B46CDF800800AF034FF63
:1026B0005B4629463046BDF83020FEF757FB002820
:1026C00045DBF269BDF830103369B06B02FB0133B2
:1026D000CDE9002006213046B5F9042002F096F835
:1026E000002834DB079B04229B6830460293BDF828
:1026F00030300193079B5B880093B16BEB88FFF749
:10270000FDF93CE50DF13203CDE90393CDE9017705
:10271000B36B29463046EA880093AB89FFF7B0FBDC
:1027200006463B46BDF83220E9880C48CDF80080CB
:102730000AF0F2FE34EA260428BF34461FE5084CAE
:102740001DE5084C1BE5084C19E5084C17E5044647
:1027500015E500BF0E740B08CC740B080C750B0844
:10276000E4D8FFFFECD8FFFFEBD8FFFFEAD8FFFF6C
:102770002DE9F04F056891B0CDE90A320991591F52
:10278000EB6906461944284601F020FE041EC0F2FB
:102790009081B389099A0793EB694FF00007A3F181
:1027A0000503B2FBF3F209994FF6FF7B03FB12130B
:1027B000B946D5F838A01FFA82F8069300F0408198
:1027C000099B37824B447361079BF381002F00F014
:1027D00073823B4631462846079AFEF7C7FAB0F1A6
:1027E0000008C0F267824FF0000B0DF13603029330
:1027F000079B5246B6F9041001932846F388CDF89A
:1028000000B0FFF7D7F880464B463A46BDF8361081
:10281000BE480AF081FEBDF83630D845F3813782D4
:10282000C0F24882CDE9013BBAF802305A46009323
:1028300051462846F388FFF761F93AE15B46314695
:102840002846079AFEF792FA041EC0F232814FF032
:10285000000B0DF136030293079B5246B6F90410A4
:1028600001932846F388CDF800B0FFF7A3F804469B
:102870004B46BAF80220BDF83610A5480AF04CFEC7
:102880005C45C0F21681BDF83630CDF808B0019332
:10289000BAF802305A46009351462846F388FFF7AB
:1028A0002DF977BB3A4607999A480AF035FEEB694D
:1028B000A96B2A69CDE900310799284603FB01235A
:1028C0001621B6F9042001F015FF041EC0F2F180B4
:1028D0009AF80430D80700F10A82190640F10982FB
:1028E0009A0700F108825C0700F10782B6F906300A
:1028F000002B80F20282BAF80230002B3DD0864CC9
:10290000D7E0394685480AF007FE338ABB4240F0DB
:10291000D480F389ADF83630BDF8361080480AF01F
:10292000FBFDEA69BDF836102B69A86B02FB013389
:10293000CDE9002016212846B6F9042001F0DAFE80
:10294000041EC0F2B6809AF80430D80700F1CF8197
:10295000190640F1CE819A0700F1CD815B0700F1A5
:10296000CC81B6F90630002B80F2C781BAF802306C
:10297000BB42C4D1BDF836300793079B3782F38141
:10298000099B4B447361E969069B4A1FD01A0A9B55
:10299000A3EB0903984228BF18460890002F40F087
:1029A0009E800AEB4803B3F82DB0FF23F1888DF821
:1029B0003C30069BC1F30E01ADF83810ADF83A80FB
:1029C000002B40F0B580089B9A4240F0B1800DABDF
:1029D000039301230293069B0EAA0193089B2846AA
:1029E00000930B9B4B44FEF7E7FE089B4246009387
:1029F000BDF83410069B4B48CDF804900AF08CFDCE
:102A000059462846FEF792FF044600287FF4D8AEC8
:102A1000BDF83410002F40F0208142460AEB4803F5
:102A2000A3F82D10BDF834103F480AF075FD089B3F
:102A3000BB469944002308F101081FFA88F8069361
:102A40000A9B9945BFF4BCAEEB69A3F12D02B8EB2C
:102A5000520F4FEA520721BF083BA8EB07075B085C
:102A6000B7FBF3F732BF00270137BFB2BB458AD0AF
:102A7000B9F1000F3FF415AFBBF1000F7FF4DEAEEC
:102A80000DF13203CDE903B3CDE901BBAB6B3146A8
:102A9000F28800932846B389FFF7F2F904464B46C3
:102AA0005A46BDF8321021480AF036FD002CBFF618
:102AB000F8AE204611B0BDE8F08FF1880DF1360375
:102AC0006FEA41416FEA514100933A46002328469C
:102AD00089B2FEF72BFE041EBFF61EAFE9E7A1F197
:102AE0002D00B8EB500F4FEA500321BF0839A8EB77
:102AF00003004908B0FBF1F32ABF01FB130308F1FF
:102B0000040304335B003AF803B04EE74E770B083A
:102B10008D750B08D0750B08E3D8FFFFF6750B0811
:102B200017760B0840760B08E2760B084F750B08FA
:102B300043465A462846311DFEF73CFA041EB8DBD0
:102B40000DAB03930023F1882846CDE901330093B0
:102B50000EAAC1F30E01FEF72FFE044600287FF4F3
:102B60002FAE069B002B48D1069B089AE8699C185B
:102B7000A0F1050E744554D32A69E969BDF83430D3
:102B8000053201FB03230B9A07214A440192089A5C
:102B900028460092069A1344B6F9042001F036FE46
:102BA000044600287FF40CAE0FA8E9692A69019059
:102BB00001209DF83C30043223F002038DF83C30B4
:102BC000BDF83430009001FB032328460721B6F9F5
:102BD000042001F01BFE044600287FF4F1AD089BA1
:102BE00059460193069BBDF8342000934448434660
:102BF000CDF808900AF090FC02E72969EA69BDF86F
:102C00003400069B0531009302FB0B1302FB0012FC
:102C10002846B6F90410FEF7FFFA04460028A3D0B0
:102C2000CEE52A69069BBDF834C0053208991344E5
:102C300000FB0C220B44069900FB0B330A44AEEB5D
:102C400004010091089928460A44B6F90410FEF7D9
:102C5000E3FA044600288FD0B2E5EA69A2F12D001C
:102C6000B8EB500F4FEA500321BF083AA8EB03001E
:102C70005208B0FBF2F32ABF02FB130308F104036E
:102C800004335B002AF80310EA69A2F12D03B8EBC4
:102C9000530F4FEA530021BF083AA8EB0000520837
:102CA000B0FBF2F32CBF02FB13024246154828BFCB
:102CB00092B2BAE64446FCE60DF13203CDE9037365
:102CC000CDE90177AB6B31462846F2880093B38992
:102CD000FFF7D6F805464B463A46BDF832100A488B
:102CE0000AF01AFC34EA250428BF2C46E1E6074C1A
:102CF000DFE6074CDDE6074CDBE6074CD9E600BF14
:102D000086760B081A770B084F750B08E4D8FFFF7F
:102D1000ECD8FFFFEBD8FFFFEAD8FFFFF0B589B092
:102D200007AB05930DF11A03049300231546164AC9
:102D3000CDE90213CDE90032026B818D0446FEF726
:102D400097FA124B98421CD0002818DBBDF81A7075
:102D5000079E95B1D4E9062CB2FBFCF25300BCEB04
:102D6000420F94BFB3FBFCF3012302FB07F189B2CE
:102D700098BF9BB231440B442B80A785266309B0D2
:102D8000F0BD0348FBE700BF2D0E0A08A8D8FFFFDF
:102D9000EED8FFFF2DE9F04F83688FB0013B03337E
:102DA000054691460468079140F2B180002A00F080
:102DB0005D82AB89AE68ADF82A30002E40F0B88055
:102DC0003746E1694A1FB7FBF2F7721CA26B08BFD6
:102DD0000026BFB20692B9F1000F16D0079AA2B929
:102DE000B8220CA88DF8302022690190012004320D
:102DF00001FB0323009006212046B5F9042001F0D1
:102E000005FDB0F1000AC0F28F804FF6FF7B4FF056
:102E10000008079B9E424BD9E369A3F12D02B7EB53
:102E2000520F4FEA5208C0F03282083BA7EB080865
:102E30005B08B8FBF3F808F101081FFA88F8C345EE
:102E400040F02B82B8F1000F40F09F80069A7B0083
:102E50002D3332F803B04FF6FF724FF00008069999
:102E6000CA525946C4480AF057FB079B5BB1B9F1F7
:102E7000000F08D1E369053B0893079B089AF31AF2
:102E80009342C0F0BE803B46291D5A462046FEF7BD
:102E900091F8BA4B0146984200F09B80002800F060
:102EA00090800B3B984200F09480B5480AF034FBC8
:102EB000B8F1000F40F09C81002E40F09081BDF8E9
:102EC0002A10B9F1000F00F06B81AE480AF024FB24
:102ED000334629462046BDF82A20FDF747FFB0F1CA
:102EE000000A21DB2046BDF82A10FEF71FFDB0F1D5
:102EF000000A19DBBDF82A300222CDE90063314611
:102F00002046EB880296FEF7F9FDAE600CE0002A41
:102F10007FF44FAFE16920460539490001F056FAC8
:102F2000B0F1000ABFF645AF50460FB0BDE8F08FD4
:102F3000771E46E733465A46A98993480AF0ECFAC9
:102F40000BABCDE9036329462046CDE90199AB8956
:102F5000EA88CDF80090FEF793FFB0F1000A80F206
:102F6000CE81E1E7E9880DF12A036FEA41416FEA7A
:102F70005141009342460023204689B2FEF7D6FB1A
:102F8000B0F1000A80F2C381CEE7E269A2F12D011F
:102F9000B7EB510F4FEA510321BF083AF91A520813
:102FA000B1FBF2F32CBF02FB13133B1D069A28BFA3
:102FB00004335B0032F803B04FF6FF720699CA5231
:102FC0004FE759462046FEF7B1FC014608B16F486D
:102FD0006CE7E269511FB6FBF1F301FB136373B9B0
:102FE000C2F1050216443A46594633466848AE6077
:102FF0006E61013F0AF090FAC346BFB209E7F61AC4
:10300000F1E7DDE90732B3FBF2F30799009602FB23
:1030100013130993DDE908103B46091A5A465D4827
:103020000AF07AFA3B465A462046291DBA46FDF771
:10303000C1FF00287FF43CAFFF23E9888DF83430CE
:103040000DF12E03CDE90293C1F30E014B4620464C
:10305000CDE900990CAAADF83010ADF83270FEF74A
:10306000ABFB00287FF424AFE069099A431F216974
:103070001344089ABDF82EC005319B1A009300FB3B
:103080000C1200FB0B1349462046FEF7C5F800283A
:103090007FF40EAF59462046FEF748FC00287FF427
:1030A00007AF9DF834300DA823F002038DF83430BB
:1030B000E169226901900120BDF82E30043201FB44
:1030C0000323009007212046B5F9042001F09EFB60
:1030D00000287FF4EDAEBDF82E10B8F1000F20D11E
:1030E000069B03EB4703A3F82D10E369BDF82E10F0
:1030F000A3F12D00B7EB500F4FEA500208D3083B65
:10310000BF1A5B08B7FBF3FA03FB1A771FFA87FABB
:10311000524621480AF000FA079B1E46AB606B61DD
:10312000C6E6E269A2F12D00B7EB500F4FEA50035B
:1031300021BF083AF81A5208B0FBF2F32CBF02FB89
:1031400013033B1D069A28BF04335B00D152E36989
:10315000A3F12D00B7EB500F4FEA500208D3083B04
:10316000BF1A5B08B7FBF3FA03FB1A771FFA87FA5B
:1031700052460A48CEE700BF1D780B08ECD8FFFF87
:103180003A780B0884790B08AF770B0860780B0846
:1031900084780B08C5780B0814790B084E790B0856
:1031A00074480AF0B9F9E269A06BFF212D3A2D307D
:1031B0000FF08CFD0BAB04934FF0FF33CDE90263AE
:1031C0000196A36B0093BDF82A3029462046EA8871
:1031D000FEF756FEB0F1000ABFF697AEA4E66648C9
:1031E0000AF09AF90BABCDE90363CDE90188E8E772
:1031F000434629462046BDF82A20FDF7B7FDB0F129
:10320000000AFFF691AE00270CAB0293BDF82A30FE
:1032100020460193069AEB88B5F904100097FEF753
:10322000C9FBB0F1000AFFF67FAEBDF8303002975F
:103230000193069B3A465B88204606990093EB88EB
:10324000FEF75CFC4246BDF830104C480AF064F9C9
:10325000BDF83030CDE90177EB810BABCDE90363ED
:10326000A5F81080AB896E610097AEE792465BE6E9
:10327000DFF814A158E6DFF814A155E6DFF810A135
:1032800052E6DFF810A14FE6DFF80CA14CE6BBF1E7
:10329000000F3FF4DBAD4FF000084FF6FF739B4586
:1032A0002ED05A46BDF82A1035480AF035F95B464B
:1032B00029462046BDF82A20FDF758FDB0F1000A46
:1032C000FFF632AE2046BDF82A10FEF72FFBB0F114
:1032D000000AFFF629AE0021BDF82A3002910193C1
:1032E000069B02225B8820460093EB88FEF706FCD3
:1032F000BBF1000F04D0B9F1000F3FF41BAEAE607C
:10330000B8F1000F7FF42EAEAB89ADF82A303B4602
:103310004246BDF82A101B480AF0FEF8E269BDF8E3
:103320002A102369A06B02FB0133CDE9002016218E
:103330002046B5F9042001F0DDF9B0F1000AFFF6EE
:10334000F3AD069B1B79D80792D4190693D59A073B
:1033500094D45B0795D4B5F90630002B91DA069B1F
:103360005B88434590D1BDF82A30A5F81080EB81E9
:103370006E6167E5B4790B08D9790B081A7A0B08E6
:1033800088770B08E5770B08E4D8FFFFECD8FFFF40
:10339000EBD8FFFFEAD8FFFFE3D8FFFF2DE9F04F9E
:1033A00007680646FC698846053CB1FBF4F44FF615
:1033B000FF7B002089B0CDE90432BB6B0391A4B23E
:1033C0000293039B059A03EB020AC24540F2CB80AD
:1033D000F26A62B11389A34209D85189A14206D386
:1033E0001268E31A32F81390B9F1000F58D1FB6953
:1033F000A3F12D02B4EB520F4FEA5205C0F0DB806F
:10340000083B651B5B08B5FBF3F50135ADB2AB4579
:103410003DD0002D40F08A800025B389ADF81E30E4
:1034200023462A46BDF81E1065480AF075F8FA6969
:10343000BDF81E103B69B86B02FB0133CDE90020DB
:1034400016213846B6F9042001F054F90028C0F2DC
:103450008A80029B1B79D80700F1A180190640F1F0
:10346000A0809A0700F19F805B0700F19E80B6F96B
:103470000630002B80F29980029B5B88AB4240F0C3
:103480009680BDF81E30C6F81480F3813582002D79
:103490006CD14FF0000B029B03EB4403B3F82D906B
:1034A000F969AAEB080A4A1FB8FBF2F302FB138082
:1034B000B368151A9A4528BF9A46554528BF554600
:1034C0003B692A460533034409FB01333D48CDE9F6
:1034D0000093414623460AF01FF8002D69D0234689
:1034E0004A463846311DFDF765FD00283BDBF8698B
:1034F0003969431FB8FBF3F203FB128205315318FD
:10350000049A00FB0933CDE9005217213846B6F979
:10351000042001F0EFF8002825DB049BA8442B448D
:1035200001340493C6F81480A4B24AE72A46F1880D
:10353000254809F0F1FF338AAB4203D1F389ADF896
:103540001E306DE7F1880DF11E036FEA41416FEA0D
:10355000514100932A460023384689B2FEF7E6F827
:103560000028BFF65DAF09B0BDE8F08FFA69AB4641
:10357000A2F12D01B4EB510F4FEA510321BF083ADC
:10358000E11A5208B1FBF2F32CBF02FB1313231D07
:10359000029A28BF04335B0032F8039080E70B489F
:1035A000E1E70B48DFE70B48DDE70B48DBE70B48BB
:1035B000D9E70B48D7E7BBF1000F7FF42DAF68E7E1
:1035C000667A0B089A7A0B084A7A0B08E4D8FFFF50
:1035D000ECD8FFFFEBD8FFFFEAD8FFFFE3D8FFFFEF
:1035E000EDD8FFFF2DE9F04F05469046D5E90703DA
:1035F000AA690124B2FBF0F20F46B0EB420F4FEA8A
:10360000420194BFB1FBF0F12146521A53435B08CB
:1036100001339AB21B0448BF47F6FF738DB048BF11
:10362000ADF826304FF00003CDE90A38DFF8A49159
:10363000DFF8A4A1DFF8A4B1ADF8244058BFADF87D
:103640002620BDF82620BDF82430D5F81CE0D11A7C
:103650001FFA8EF0B1EBC00F39DC1946574809F05C
:103660005BFF0021EA69A86B0FF030FB002309AA79
:10367000CDE90282524A1946CDE90032CDE9043340
:103680001A462846FDF7F4FD4E4B984201D000281B
:1036900015DB0021EA698A4201D14B480FE0AB6B90
:1036A0005E5CFF2E11D0002346FA03F010F00100FB
:1036B00008D1BDF82420134403EBC1033B800DB0B7
:1036C000BDE8F08F0133082BEED10131E3E7DDF8DF
:1036D00028C0BCF1000F24D1BDF82620BDF824106D
:1036E000E869531AB3FBF0F3002658460A9309F031
:1036F00013FF0021EA69A86B0FF0E8FA09AB029307
:10370000324B3246CDE90063314633462846CDE997
:1037100004660396FDF7ACFD2A4CA04247D10B96F8
:103720008FE7A96BFF26079100210846864505D142
:10373000B4451FD1264809F0EFFEAEE7079C245C94
:10374000B44202D21CB1264601460130EEE70146E2
:103750004846CDE9002C2246079109F0DDFE079985
:103760000A988EB244B9BDF8241000FB0616204614
:103770003E80A4E73446EBE7BDF8242001FB00239C
:103780000146504609F0C8FEBDF82830BDF82410A7
:10379000AA8B06FB0316B6B233449BB2ADF82630B3
:1037A0009B1BB3EBC20FADF8246095DC49E7002802
:1037B00085DB0B963FF445AF81E700BFDB7A0B0852
:1037C000AD0E0A08A8D8FFFFEFD8FFFF75110A0851
:1037D000307B0B08567B0B08A37B0B08007B0B0888
:1037E0002DE9F84304468946154610460AB1FDF70F
:1037F000D1FBE36B25B11A460027216CB9420DD8E5
:103800001F464FF0FF324FF6FF7C0021D4F8408076
:1038100088450FD1511C20D12A484CE0B2F9041040
:1038200029B9118D012984BF01F1FF3111850137BB
:103830003032E2E7B7F904E0BEF1000F09D115B16B
:103840007E6A864208D0B7F828E0E6453CBF0A46C3
:10385000F44601313037DBE70A46302101FB023301
:1038600025B3596A814228D1198D31B3D4E90607AD
:10387000B0FBF7F09989B7EB400FB1FBF0F1A185F0
:103880009D89B5FBF0F100FB11514FEA400594BF53
:10389000B5FBF7F00120081A20634FF6FA70198D76
:1038A00081428CBF4FF6FF7104311985002001322F
:1038B0009A80C9F80030BDE8F88304215862198560
:1038C000F4E700BFE9D8FFFF002910DDB0F9403070
:1038D0008B420CDB30234B43A3F13001C36B0B4411
:1038E000B3F904202AB100209880D86270470248BA
:1038F00070470248704700BFE6D8FFFFE8D8FFFFD7
:103900000B1E10DDB0F9401099420CDB30215943F9
:10391000C36B303919441160B1F904300348002BEE
:1039200018BF002070470248704700BFE8D8FFFF6B
:10393000E6D8FFFFF8B504460F460D4809F008FE2B
:1039400039462046FDF778FD051E0FDA2846F8BDFA
:1039500003FB0763204699B200F0BFFE0136D4E9AD
:103960000631B3FBF1F3B342F2D8EFE70026F6E7F6
:10397000EC7B0B082DE9F04F4FF000080446C146E0
:10398000036A89B00493436B4C480593039109F093
:10399000DFFDA36D0133A365E3695B0802931FFAA2
:1039A00088F30793049B98454ED1454882E0029BDB
:1039B000616B05FB03FB2369CDE900214B4402FB4E
:1039C000053314210022204600F094FEA369AAEBDF
:1039D0000B0C06930BEB0C0A50BB029B9C4527DAA1
:1039E000E369069AB2FBF3F2B3EB420F4FEA4201EE
:1039F00094BFB1FBF3FE4FF0010EA2EB0E02524555
:103A000016DD059A32F81C2022B90137BFB20CF13D
:103A1000010CDFE74FF6FF7E72450ED1039A0136A7
:103A2000B6B29642F3D98B420CD8B1FBF3F5012024
:103A3000013568B1012818D035E08B42F5D9012550
:103A40002846F5E70125F2E700252E462F46AA462F
:103A5000D4E90612B1FBF2F14B00B2EB410F94BF77
:103A6000B3FBF2F30123AB42A1DCD4E90630B3FB94
:103A7000F0F3B0EB430F4FEA430294BFB2FBF0F216
:103A80000122B9199B1A99420CD1039BB34209D365
:103A90002046236D0799DF1B276509B0BDE8F04F6D
:103AA000FFF748BF0020A36908F1010899440028E6
:103AB0003FF475AF09B0BDE8F08F00BF027C0B0882
:103AC000D3D8FFFF2DE9F04F002504462F462E46A0
:103AD000AA46A8464FF6FF7BC36985B04FEA530953
:103AE000436B03910293D4E90632B3FBF2F0410039
:103AF000B2EB400F94BFB1FBF2F10121414501DC73
:103B0000002318E02169039803FB0013616B02FB9B
:103B10000833CDE9002120461421002200F0EAFDFF
:103B20000346AAEB050101EB050ABBB108F1010848
:103B30004D44002BD7D0324639461648029309F03F
:103B400007FD029BE26C1846D71B226DE764961BAB
:103B5000266505B0BDE8F08F013718E08945E5DD41
:103B6000D4E9062CB2FBFCF2BCEB420F4FEA420058
:103B700094BFB0FBFCF00120121A5245D6DD029A28
:103B800032F811205A4502D0002AE5D10136013120
:103B9000C9E700BF157C0B082DE9F04F91B00692E4
:103BA00006221D46036A00260993436B04460D93C3
:103BB000C3690F46083BB3FBF2F3099AFF219A420F
:103BC00028BF1A469346069B1E60C269806B0FF0A1
:103BD0007DF8A36BB542039303EB4B03079303F10B
:103BE000030323F003030293039B04963B60E36902
:103BF0004FEA5303089314BF334632230C93029BBE
:103C000003EB8B030B93B3B20A93099BB34243D1EB
:103C10000025ABE0049920460B44616B02FB0A339C
:103C2000CDE900210022142100F064FD059B05462A
:103C3000A069DA1BBB1805938DB9089B93420EDD72
:103C4000D4F81CC0B0FBFCF35900BCEB430F94BF8D
:103C5000B1FBFCF101215B1A05998B4207DC089B43
:103C60000AF1010A1F44E5B1012D77D127E04FF693
:103C7000FF710D9B33F812308B420BD02BB908F13A
:103C800001081FFA88F80132D4E709F101091FFA87
:103C900089F9F8E70125E2E70027BA46B946B846B0
:103CA0000597D4E90632B3FBF2F35900B2EB430FA8
:103CB00094BFB1FBF2F1012151452369AADCD4E99B
:103CC0000651B5FBF1F22069B1EB420F4FEA420316
:103CD000A0F10200B2B205FB02020DF13E0094BF5A
:103CE000B3FBF1F301230190022003FB01230090B9
:103CF00000221521204600F0FDFC051E36DBBDF834
:103D00003E30B4F856700C9A9F4296BFDB43FF1AC0
:103D1000FF1808EB8803A3EB0903BFB202FB0737C8
:103D200022484B4642460097B1B209F011FC0023ED
:103D300003985B450DDA01464FF6FF7C029A02308C
:103D400002EB830E0A88624514D10A9B0B80CEF8E1
:103D50000070069B069A1B6801331360049AA369DE
:103D600001361A440492002D3FF44DAF284611B09D
:103D7000BDE8F08F029A52F82320BA4214DADDF837
:103D80001CC00B9AABF1020A5345A2F10408DCDC1B
:103D90003CF8049C0AF1FF3A2CF8029D52F8080CFA
:103DA00042F8040C4246EFE70133C2E7377C0B08C8
:103DB0002DE9F04FC36995B05B080893436B054646
:103DC0000B93836BBF480693079109F0C1FB142244
:103DD00000210FA80EF07AFF0022AB8C07998DF816
:103DE0003C208B420CD1286A01310B46B1FBF0F12B
:103DF00000FB1131AA62A984B34889B209F0A8FB7B
:103E00004FF00008464682E032464946AF4809F086
:103E10009FFB00238DF84C30089B96FBF3FB0BFBBC
:103E200003F30A93D5E90632B3FBF2F04100B2EB9B
:103E3000400F94BFB1FBF2F101218B456FDBB9F16B
:103E4000010F00F05C82B9F1020F00F09F82B9F11E
:103E5000000F40F051829DF84C30002B00F0498259
:103E600001230DA901910521EA698DF83C302B69E8
:103E7000009102FB083315214A462846129600F0AD
:103E800039FC041EC0F21981EA69BDF83630A2F18E
:103E90002D01B3EB510F4FEA510009D3083AA3EBC0
:103EA00000095308B9FBF3F909F101091FFA89F96F
:103EB00049468748ADF8409009F04AFBBDF83E10EE
:103EC0000DF1320300934A460023284641F4004195
:103ED000FDF72CFC7F4B0446984240F0D481BDF89E
:103EE00044407D48214609F033FB21462846FDF732
:103EF0001DFD041EC0F2E18000238DF83C309DF8CA
:103F00003C10764809F024FB002C40F0D6809DF848
:103F10003C90B9F1030F7FF477AF0024CDE029691D
:103F2000079803FB0013696B0BFB0233CDE90021FB
:103F300028460022142100F0DDFB04460A9BF31AF8
:103F4000099394B9DDE9082393420EDAD5E90623F3
:103F5000B2FBF3F2B3EB420F4FEA420194BFB1FB65
:103F6000F3F00120101AB04201DC012334E08B424F
:103F700094BFB1FBF3F101210B98099F98BF89B25F
:103F800030F817A00798B9F1010F02FB00F292B2C6
:103F9000324401EB02081FFA88F82AD0B9F1020F67
:103FA00000F0FF80B9F1000F0FD10FFA8AF3002B58
:103FB00052DD524649464A4809F0CAFA0123ADF893
:103FC0003EA08DF84C30ADF844800023099A0136AC
:103FD00001320992002BB4D10BF1010B002B00F040
:103FE0004E810A9B089A13440A93002C3FF41AAF9F
:103FF00063E0BDF83E2052452ED10DA90191052167
:104000002A69009103FB082315210022284600F0AD
:1040100071FB041E51DB43465146BDF83620314842
:1040200009F096FAE969BDF83620A1F12D00B2EB4E
:10403000500F4FEA500321BF0839D31A4908B3FB88
:10404000F1F338BF0023BDF8407028BF01339F4211
:1040500004D0254809F07CFA0123B7E79DF93830F0
:10406000002B45DA00220DF13203CDE901830DABBF
:104070001146009328465346FDF79CFC0446BDF8C4
:10408000323051460093BDF836204346174809F0B8
:104090005FFA002C11DBD5E906232969079802FB9A
:1040A0000012696B2846CDE900310BFB0323142174
:1040B000002200F01FFB041E29DA204615B0BDE8DF
:1040C000F08F00BF627C0B08817C0B08AB7C0B0877
:1040D000D67E0B08EED8FFFF037F0B08E97F0B08A5
:1040E000CA7C0B08FC7C0B08327D0B08707D0B082A
:1040F00043465146A84809F02BFA41462846FDF7A9
:1041000015FC041ED9DB4FF6FF73ADF83230BDF855
:104110003630BDF83210E7B9069A02EB4303A3F834
:104120002D10EB69BDF83620A3F12D00B2EB500F36
:10413000BDF832104FEA500707D3083BD21B5B088B
:10414000B2FBF3F003FB102292B2944809F000FA9C
:1041500082E7E869A0F12D02B3EB520F28BF0838BF
:104160004FEA520721BFDB1B4008B3FBF0F200FB14
:104170001233069A04335B00D152EB69BDF8362046
:10418000A3F12D00B2EB500F4FEA500707D3083BC5
:10419000D21B5B08B2FBF3F003FB102292B2804803
:1041A000D4E747F6FE728AF4004191423FF654AFDD
:1041B00005212A690DAF03FB082300910022152178
:1041C0002846019700F096FA041EFFF676AF9DF997
:1041D0003830002B3ADA00220DF132031146CDE9D6
:1041E0000183284653460097FDF7E4FB0446BDF8DB
:1041F000323051460093BDF836204346694809F0F5
:10420000A7F9002CFFF659AF0024BDF83230032285
:104210000193BDF836303946284602940093534640
:10422000FDF76CFCD5E906232969079802FB00120B
:10423000696B2846CDE900310BFB0323142122468C
:1042400000F058FA041EBFF607AF36E74346514662
:10425000BDF83620544809F07BF941462846FDF761
:1042600065FB041EEFD1BDF836304A460093214667
:1042700053462846CDE90184FDF740FCECE6002CCE
:104280003FF4DDAD19E70028FFF617AFBDF8321097
:10429000464809F05DF9EA69BDF83210A86B2B6950
:1042A000CDE9002002FB013328460022152100F051
:1042B00021FA041EFFF601AF069B1E79F0070ED40B
:1042C00031060ED5B2070ED416F004060DD15B8868
:1042D0004B450CD1BDF83230ADF842300FE6344CCE
:1042E000EBE6344CE9E6344CE7E6344CE5E6344C96
:1042F000E3E602238DF83C3000263446FFE5002734
:10430000BDF83E90BDF840A0129EAA6BBDF84230A9
:104310008DF83C7049F400410DA8BAF1000F14D19A
:10432000CDE903A0009228460A46CDE901AA5146EC
:10433000FDF7A6FD04465246BDF83410214809F0A9
:1043400007F9BC42BFF6DBADB7E6CDE90130009717
:104350000B4628463946FDF72DFB0446069BBDF863
:1043600034105A88184809F0F3F8002CFFF6A5AE6F
:10437000BDF8343002970193069B3A465B88284685
:104380000093A96B4B46FDF7B9FBB8E50323002466
:104390008DF83C30B3E500BFAC7D0B08E07D0B0829
:1043A000247E0B08647E0B08A17E0B083C7F0B0863
:1043B000E4D8FFFFECD8FFFFEBD8FFFFEAD8FFFF00
:1043C000E3D8FFFF717F0B08AF7F0B082DE9F04F9B
:1043D000D0E90632B3FBF2F30F46B2EB430F4FEADC
:1043E000430194BFB1FBF2F101210446006A5B1A5C
:1043F00002384343E16C206D5B1AA16C89B003293C
:10440000A3EB0006A2F1050504D906FB05FCBC459B
:1044100000F3B180A7F106089044B8FBF5F84345D6
:104420000ADA009033464246544809F091F8544D58
:10443000284609B0BDE8F08F4FF0000971E04FF059
:10444000010AA36D20460133A365069BB3F800B0B3
:1044500084F854A05946FFF7ABFC0023051E2A46FA
:104460005946484884F8543002DA09F071F8DFE719
:1044700009F06EF859462046FFF724FB051ED7DBEE
:1044800059462046FFF756FA051ED1DBD4E906321D
:10449000B3FBF2F35900B2EB430F98BFB1FBF2FA52
:1044A000216AA3EB0A0A02390AFB01FAD4E91331A3
:1044B000002E0B44AAEB030A25DC564523D13248D3
:1044C00009F046F8D4E90632D4E91301B3FBF2F35C
:1044D000B2EB430F4FEA430694BFB6FBF2F6012658
:1044E0000144206A9B1B02384343053A5B1A5A4336
:1044F0002348BA42B8BF0546A26CCDE900952348CF
:1045000009F026F894E709F10109B9F1050FD9D0AE
:10451000A36C022B04D9053A0AFB02F2BA42D1DAA3
:104520005646D4E91321E3691948053B7343CDE9A5
:10453000037353183344CDE90113009233464946BF
:10454000A26C09F005F8002ECCBF00230123204601
:1045500007AA06A9FFF720FB051EFFF669AF079D16
:10456000002D7FF46CAF0B4808F0F2FF044BB04510
:10457000A8BF1D465CE700255AE700BFFF7F0B0878
:10458000EFD8FFFFA8800B08D0800B0808810B082C
:1045900034800B0887800B08F0B5C46D0546D4E95C
:1045A000026316EA030019D000224FF0010E94F8BE
:1045B00000C0944501DC002010E00EFA02F3334203
:1045C0000DD0EB69276914335343F818FB56002BC1
:1045D00005DB03898B4202D163684360F0BD013281
:1045E000E7E72DE9F0410E460124C56DB440AB6804
:1045F0001146234025D0C2692F6902F114035E439E
:1046000007EB060EC9B1B957BB5D002915DB13F0E6
:10461000010314D0BEF808E0016906F1140302FB9F
:104620000E11D0F804803B44C047AB6823EA040471
:104630000023AC60BB55BDE8F0810020F5E71846CB
:10464000F3E71846F7E770B5C16D8A68531C04D0CC
:10465000002301260D789D4201DC00200CE006FAC3
:1046600003F4224209D1C0690D69143003FB0050E4
:104670004B6822438A60436070BD0133EBE72DE94C
:10468000F041C46DD4E90223934323D100254FF0B8
:10469000FF312A4694F800C0624506DB4B1C19D056
:1046A000BDE8F0410122FFF79CBFC36927691433BD
:1046B00002FB03F807EB080EDEF8046063689E1B3C
:1046C000AE4205D917F90830002BA4BF3546114674
:1046D0000132E1E70020BDE8F08110B50446FFF7A4
:1046E0005BFF30B1417800222046BDE81040FFF763
:1046F00078BF10BD2DE9F14F0E46DDE90AAB016927
:104700001D46591AC369D0F85C90B1FBF3F189B228
:104710000446FFF741FFD9F804300133C9F80430EB
:10472000E8B1636E002601336366D9F80430436054
:104730002169E2696D1AB5FBF2F102FB115145786E
:104740001432143102FB0511D9F810305246584684
:1047500019440EF093FA304601B0BDE8F08F06F030
:104760000306012E09D126685B465246294620469B
:10477000B44601B0BDE8F04F6047A36E2046013358
:10478000A366FFF77CFF06462046FFF75CFF8046E6
:1047900090B3022303702369E269EB1AB3FBF2F3CF
:1047A0000381E269417802F114034B432169D9F88E
:1047B0001000691AB1FBF2F702FB1711143303441E
:1047C000691A20462768B8472169E2696D1AB5FB66
:1047D000F2F102FB115198F801501432143102FB2E
:1047E0000511D9F81030002818BF06465246584621
:1047F00019440EF043FAAEE75B465246294620467E
:104800002768B847002818BF0646A4E72DE9F14FEE
:104810001D46DDE90A8903698B46C169EB1AB3FBC2
:10482000F1F189B20446D0F85CA0FFF7B5FE074667
:1048300058B10BF01C02182A07D041787AB91BF046
:10484000030F0CD02046FFF7CCFE66684B4642466D
:1048500029462046B44601B0BDE8F04F60472669BE
:10486000E269A81BB0FBF2F602FB160614321436FE
:1048700001FB0266DAF810004246494630440EF069
:10488000FDF9DAF804300133CAF8043038787B6077
:1048900010F00200D9D101B0BDE8F08FF0B5C46DC1
:1048A0000546D4E9026316EA030007D000224FF060
:1048B000010E94F800C0944501DC0020F0BD0EFA12
:1048C00002F333420BD0EB69276914335343F818D2
:1048D000FB56002B03DA0789CB889F42EED00132CA
:1048E000E9E738B505460C46FFF7C9FE2846FFF74D
:1048F000AAFE20B180230370E3880381206238BDC3
:1049000038B50C4659B100221546C36B016C914273
:1049100006D800226178FFF764FE0023238138BDAA
:10492000B3F9041019B1196AA14208BF1D6201321E
:104930003033EBE7F0B5C36D054687B0002B3AD0B6
:10494000046EC269143C1432B4FBF2F4002C32DD64
:1049500000210A46013152008C4242F00102F9D195
:104960000021CDE9011103F1140105914FF0FF3150
:104970008DF80440CDE9031205AF01AA164603CE17
:10498000BE4218605960324603F10803F6D1306820
:1049900000211860EE6DEA69337814325A433069A9
:1049A0000EF094F9D6E9023223EA0203B360002341
:1049B000E4B29C4201DC07B0F0BDEA69316914320F
:1049C00003FB021253700133F3E77047006A036878
:1049D000DB68184703681268D1E900011847012A0B
:1049E00003D0022A03D0002070470160FBE70B6868
:1049F0000360F8E71FB50146684609F043FC6946C5
:104A0000044806F0BAFC0446684609F0A7FB2046B5
:104A100004B010BD8402002008B5044909F0D7FC99
:104A200010B104F02BFC012008BD00BF57810B081A
:104A30001FB50146684609F025FC6946044806F0A2
:104A4000A3FC0446684609F089FB204604B010BD6B
:104A5000840200201FB50146684609F013FC694630
:104A6000044806F0F3FD0446684609F077FB20464B
:104A700004B010BD840200201FB50146684609F04D
:104A800001FC6946044806F010FE0446684609F039
:104A900065FB204604B010BD840200201FB501460E
:104AA000684609F0EFFB6946044806F003FE044639
:104AB000684609F053FB204604B010BD8402002074
:104AC0001FB50146684609F0DDFB6946044806F05B
:104AD0000BFE0446684609F041FB204604B010BDB9
:104AE000840200201FB50146684609F0CBFB6946E9
:104AF000044806F01DFE0446684609F02FFB2046D8
:104B000004B010BD840200201FB50146684609F0BC
:104B1000B9FB6946044806F011FE0446684609F0F0
:104B20001DFB204604B010BD840200201FB50146C5
:104B3000684609F0A7FB6946044806F023FE0446D0
:104B4000684609F00BFB204604B010BD840200202B
:104B500008B509F0ADFCC1170AF086FD012008BDBB
:104B60001FB50146684609F08DFB6946044806F00A
:104B700095FE0446684609F0F1FA204604B010BDDF
:104B8000840200201FB50146684609F07BFB694698
:104B9000044806F0A5FE0446684609F0DFFA204600
:104BA00004B010BD8402002008B509F05BFA0120B2
:104BB00008BD04F08DBB30B51368006885B0019363
:104BC0008368D1E90045CDE902450BB90CF02BFB18
:104BD000C36801AA02A9984705B030BD30B585B0B9
:104BE0000446089860B1406850B1856845B1CDE988
:104BF0000241CDE90023C4686A4601AB02A9A0477F
:104C000005B030BD10B50446006808B109F080F960
:104C1000204610BD10B50446094B036009F02CFE78
:104C200021460AF045F80BF009FB0BF0EDFA20469F
:104C3000044B40F8043B09F029FF204610BD00BF9B
:104C400050820B0838820B0810B50446FFF7E2FFCC
:104C5000204624210CF0E1FA204610BD0A2A08B5AE
:104C60000AD10022054B1146586809F0C1F818B95D
:104C700003F0A6FE0123837708BD00BF00110020CA
:104C800010B58368044613B10322014698472046B5
:104C900010BD10B504462430FFF7F2FF204610BDCA
:104CA000024601480AF07DBF77FB0A0808B50BF001
:104CB000CDFB4FF416510BF0C3FB01200AF03FFE71
:104CC0000022114610460AF04AFE00F0E5FB00F013
:104CD00049FF01F009FB01F095F9BDE8084000F03B
:104CE0006BBD000008B5054806F0A2FA08F052FDB9
:104CF000034B1860BDE8084009F0CAB884020020E0
:104D00002011002038B5002383608B6804460D46CF
:104D10002BB102229847EB68E360AB68A3602046A2
:104D200038BD0000F0B500248FB007460E4602A83B
:104D3000114606ADFFF7E6FF02A92846FFF7E2FF9E
:104D400010200C94FBF7A9F9034698B195E80300ED
:104D50006A4682E8030093E8030085E8030092E8CE
:104D60000300089A83E803009A60D968099A0894B6
:104D70000991DA600A93164B10200D93154B0C9392
:104D8000FBF78BF90446B0B1002383600C9B33B171
:104D900002220AA998470D9BE3600C9BA3600E4B6F
:104DA0003846CDE9003431466B460C4A08F070FFB6
:104DB000041E18BF01240AA8FFF762FF2846FFF768
:104DC0005FFF02A8FFF75CFF20460FB0F0BD00BFF9
:104DD000B74B0A083D4F0A0801000800DD4B0A08DE
:104DE0001FB531493148FFF75BFF31493148FFF7C3
:104DF00057FF31493148FFF753FF31493148FFF739
:104E00004FFF31493148FFF74BFF31493148FFF738
:104E100047FF31493148FFF743FF31493148FFF738
:104E20003FFF31493148FFF73BFF31493148FFF738
:104E300037FF31493148FFF733FF31493148FFF738
:104E40002FFF31493148FFF72BFF31493148FFF738
:104E500027FF31493148FFF723FF0023042230495F
:104E6000304809F005F804222F49032008F0EAFC35
:104E70002E4B6A4600932E4B002103932D4B20208E
:104E80000293FFF74FFF6846FFF7FAFE0022072064
:104E9000114608F00DFF00200AF051FD264806F0EB
:104EA00025FD05B05DF804FBF5490A085C810B0897
:104EB000194A0A0868810B08B34B0A0874810B0869
:104EC000314A0A0889810B08554A0A0897810B085C
:104ED000794A0A08A3810B089D4A0A08AD810B088C
:104EE000C14A0A08B7810B08E54A0A08C4810B08C1
:104EF000094B0A08D5810B082D4B0A08DF810B08E6
:104F0000514B0A08EB810B08614B0A08F3810B082F
:104F1000854B0A0802820B08A94B0A0874820B0809
:104F20000D820B0813820B081A820B085D4C0A08CD
:104F3000D5490A08DF490A0884020020022A70B510
:104F4000044607D0032A10D0012A01D10B68036060
:104F5000002070BD10200E68FBF79FF8054610B1C9
:104F60003146FFF7CFFE2560F2E70468002CEFD052
:104F70002046FFF785FE102120460CF04EF9E7E7AA
:104F800070B51426D0E90053044606FB0356AE4222
:104F900004D0284609F0E2F81435F8E7206808F054
:104FA000B7FF204670BD2DE9F843B1F10008074670
:104FB00035DD4FF0140909FB08F008F0A1FF0546A4
:104FC000A8B3D7E90046844209FB064615D28642BB
:104FD00014D9143EA4F11409341B0444B1451FD064
:104FE0002CB13146204609F033F9337C2374304626
:104FF00009F0B4F8143E143CF0E711D0A946A642DB
:105000000ED02146484609F023F9237C204689F832
:10501000103009F0A3F8143409F11409EFE7002562
:10502000386808F075FF01203D60C7F80880BDE8CA
:10503000F88300232DE9F041C0E9003383600D4679
:1050400049680446994217DDFFF7ADFFA0B1D5E9E5
:1050500000634FF0140808FB03682768B04509D0C7
:105060002FB13146384609F00DF9337C3B741436C4
:105070001437F3E76B6863602046BDE8F0810000F9
:1050800030B597B00BF080FD002342F216511A465E
:105090000BF082FD0BF078FD002300241A46282136
:1050A0000BF082FD0021012008F0FAFD424D434B38
:1050B0000320AB602C60AC80AC7108F0D9FD2846B1
:1050C00001253F4A3F490CF0A3F80121042008F0D4
:1050D000C1FBFFF7EBFD3C490CA809F089F83B49FF
:1050E00011A88DF8405009F083F802216846CDE9F7
:1050F00000448DF854500294FFF755FF98B1009C7E
:1051000034B120460CA909F0BDF89DF84030237455
:1051100011A904F1140009F0B5F89DF8543084F891
:105120002430022301930BF089F80546694603A851
:10513000FFF77FFF03A906A8254CFFF77AFF254B51
:1051400006A9236009A8FFF774FF09AA0121201D01
:1051500009F000FF09A8FFF713FF06A8FFF710FFEB
:105160001D4B2562236003A8FFF70AFF1B4B23603A
:105170000BF064F84FF416510BF042F809F07CFB89
:10518000214609F07AFE6846FFF7FAFE11A808F0FA
:10519000E5FF0CA808F0E2FF094A114920460CF08F
:1051A00037F8104805F0EAFF054A0F490D480CF0A2
:1051B0002FF817B030BD00BF540200200000FFFFE1
:1051C00050020020054C0A081F820B0823820B089E
:1051D0006002002038820B08B8900B0850820B0840
:1051E000154C0A0884020020934C0A0807B50022D7
:1051F00001A81146019208F035FB019803B05DF853
:1052000004FB000038B5054C25682DB90120FAF7DC
:1052100044FF00B105702060206838BDB80200204E
:1052200013B500221F4920480DF1030304F0CCFE02
:1052300000221E491C4801AB04F070FD9DF803409C
:1052400074B9012300221749174805F0BCFD0AF084
:1052500022FB002203461549134805F002FF13E024
:10526000042C13D900230F491A460F4805F0ABFD53
:1052700000230E491A460C4805F0F3FE05200AF0FB
:1052800053FB002008F0F1FE02B010BD0AF003FB52
:10529000019BC01AB0F5167FF6D89DF80330013394
:1052A000DBB2CFE760820B086E820B087A820B08B4
:1052B00013B500221F4920480DF1030304F084FEBA
:1052C00000221E491C4801AB04F028FD9DF8034054
:1052D00074B9012300221749174805F074FD0AF03C
:1052E000DAFA002203461549134805F0BAFE13E026
:1052F000042C13D900230F491A460F4805F063FD0B
:1053000000230E491A460C4805F0ABFE05200AF0B2
:105310000BFB002008F0A9FE02B010BD0AF0BBFA9A
:10532000019BC01A7828F7D89DF803300133DBB20F
:10533000D0E700BF8B820B0899820B08A4820B0870
:1053400010B50446FFF752FF822804D12046BDE87D
:105350001040FFF765BFFFF749FF8C2804D12046B6
:10536000BDE81040FFF7A4BFFFF740FF282802D197
:105370000123237010BDBDE81040FFF737BF704711
:10538000002210B50446044B114640F8043B08F0D7
:105390005DFC204610BD00BF04830B0810B5044619
:1053A000FFF7EEFF204620210BF037FF204610BD0F
:1053B00010B56C22002104460DF088FC0123002268
:1053C00020461146236008F0A3FC204610BD2DE9BD
:1053D000F04105460E4617469DF818100022184663
:1053E0001C4608F09DFC234606903A463146284666
:1053F000BDE8F04108F00CBEF0B5064635468BB06E
:1054000000F052FF1A4B002245F8083B14210120FE
:1054100008F086FC0124142703462246CDE90074D7
:105420006FF07F41284608F0D1FD39460022022066
:1054300008F076FC1E220346019400920D490222D8
:1054400002A806F10C0403AD08F0C0FD0FCD0FC497
:1054500095E8070084E8070002A8FFF791FF002302
:1054600030463385102386F82A300BB0F0BD00BFDC
:1054700018830B080060FF0038B5064C23683BB961
:105480002C20FAF70AFE054608B1FFF7B5FF2560A4
:10549000206838BDBC02002030B514249FB003A89A
:1054A000FFF786FF03A803236FF07F4200210094DB
:1054B000FFF78DFF03A803236FF07F4201210094C3
:1054C000FFF785FF02231E25194603A8FF2200943B
:1054D000FFF77DFF03A80223FF2203210094FFF7BB
:1054E00076FF03A80323FF2204210094FFF76FFF38
:1054F00003A80223FF2205210095FFF768FF03A8F8
:105500000223FF2206210095FFF761FF03A8032372
:105510006FF07F4207210094FFF759FF0A2303A889
:1055200000934FF47F4202230921FFF750FF00222E
:1055300003A8114608F0E4FB1FB030BD10B51424D9
:105540009EB003A8FFF734FF03A803236FF07F4248
:1055500002210094FFF73BFF032303A819466FF0D5
:105560007F420094FFF733FF03A803236FF07F42CD
:1055700004210094FFF72BFF03A803236FF07F4261
:1055800005210094FFF723FF032303A86FF07F4258
:1055900006210094FFF71BFF002203A8114608F024
:1055A000AFFB1EB010BD38B505460C4681B10AF000
:1055B000C4F928B100200AF0C2F9012385F8283087
:1055C000214605F10C000022BDE8384008F03EBB42
:1055D00090F82830002BF3D001200AF0B0F92246D1
:1055E000214620460AF0BBF985F82840E8E700008C
:1055F00013B50446084909480DF1070204F02DFDD2
:105600009DF8073033B91121236884F82A10204609
:105610001B68984702B010BDB5820B08BB820B080F
:10562000F0B54B1E04460D468DB0172B11D8DFE8A0
:1056300003F00C1673737310107362731010101054
:105640001048181010101010108701212046FFF785
:10565000AAFF2946204600F021FE0DB0F0BD002132
:10566000F4E70AF06AF9064638B901200AF067F94A
:105670003246314630460AF072F9002239493A483A
:1056800005F05EFB1123394984F82A30684608F09A
:10569000AFFD374904A808F0ABFD364908A808F06B
:1056A000A7FD694608AB04AA532002F047FF08A8EB
:1056B00008F054FD04A808F051FD684608F04EFDBE
:1056C000C7E70AF03AF920B194F8290008B90AF0BE
:1056D00036F901222349244805F032FB10232649DC
:1056E00084F82A30684608F083FD214904A808F0B0
:1056F0007FFD2249D2E7012780F829700AF01DF9C1
:1057000006460028A5D138460AF019F93246314636
:1057100030460AF024F99CE70026124980F82960F7
:1057200008AA114804F099FC9DF82030002B90D075
:105730000AF003F900288CD030460AF000F988E717
:10574000FFF7AAFE0AF0F9F810B100200AF0F7F806
:1057500001220449044805F0F3FA182384F82A309A
:1057600077E700BFB5820B08BB820B08C6820B0827
:10577000CC820B08D8820B08E7820B08ED820B085D
:1057800010B5044600F090FD024B2046236015231F
:10579000A36010BD7C830B0838B5064C23683BB969
:1057A0000C20FAF77AFC054608B1FFF7E9FF2560FF
:1057B000206838BDC002002008B5012119200BF077
:1057C000FDFBBDE80840002119200BF008BC0000DB
:1057D000002213B511460DF107030446074804F0F3
:1057E000F3FB9DF80710A1F11603012B03D82368E2
:1057F00020461B68984702B010BD00BF1C830B08F1
:1058000030B54B1E04460D468DB0162B36D8DFE85A
:1058100003F09FA399939935993599359982828C94
:105820008C35353535355F0C3B001623002203726D
:1058300011464E4805F0C7FA4D49684608F0D8FCB5
:105840004C4904A808F0D4FC4B4908A808F0D0FC47
:10585000694608AB04AA532002F070FE08A808F0BD
:105860007DFC04A808F07AFC684608F077FCA37A6F
:1058700023B90121E17219200BF0B1FB2946204622
:1058800000F00CFD0DB030BD17230022037211464D
:10589000364805F098FA3949684608F0A9FC3549B8
:1058A00004A808F0A5FC364908A808F0A1FC694640
:1058B00008AB04AA532002F041FE08A808F04EFCF1
:1058C00004A808F04BFC684608F048FC0021D1E72A
:1058D0001523002203721146244805F074FA684625
:1058E000284908F085FC234904A808F081FC2649D2
:1058F00008A808F07DFC694608AB04AA532002F012
:105900001DFE08A808F02AFC04A808F027FC684639
:1059100008F024FCB2E7037A152BAFD1437A002BB1
:10592000ACD1837A002BA9D1D0E7037A152BA5D16E
:10593000437A002BA2D19AE701234372037A152BF5
:105940009CD194E700234372037A152B96D1BDE7CF
:105950000123002143818EE700238372037A162BF3
:1059600087D0437A002B84D188E700BF1C830B08C3
:1059700027830B082D830B0839830B0847830B08FB
:105980004D830B085C830B0862830B08D0B504467B
:1059900016461F4607F0FEFEDDE90423C4E9062390
:1059A000DDE90623C4E90823DDE90823C4E90A2365
:1059B000DDE90A23C4E90C2300220023A060C4E926
:1059C00004672046C4E90E23C4E91023D0BD2DE9A5
:1059D000F3471F46836882464360164607F0DAFEA7
:1059E000DDE90A2304463946CAF8080030460BF0C0
:1059F00039FEDAE9082306460F460BF0EBFF4FF4B9
:105A00007A73CDE90001DAF80400B0FBF3F0201A54
:105A10000BF066FF32463B4604460D460BF0DAFFBC
:105A2000DAE910230BF020FEDAE90E2380468946DE
:105A30003046CAE9108939460BF014FE22462B463F
:105A40000CF0F2F8DAE90A230BF0C4FFDAE90C23D0
:105A500004460D46404649460BF0BCFFDDE90023F5
:105A60000BF002FE02460B46204629460BF0FCFDD9
:105A7000DAE904458046894602460B462046294617
:105A80000CF01AFA50B9DAE9064542464B46204670
:105A900029460CF02FFA08B944464D4620462946BF
:105AA000CAE90E6702B0BDE8F0870000024A136839
:105AB00001331360704700BFC402002000000000E3
:105AC000D0B5044688B000F0EFFB20460026002742
:105AD0000022194B40F8503B184BCDE90667CDE941
:105AE000022313A3D3E90023CDE90467CDE9002302
:105AF0000022134BFFF74AFF4FF448534FF49661CF
:105B0000C4E90267C4E90467A38504F12C0204F127
:105B1000180323F8021B9342FBD100232046C4E95B
:105B20001233E385012384F8303008B0D0BD00BFC4
:105B30000000000000407FC0B4830B080000E03F7D
:105B400000407F4038B5064C23683BB99820FAF7EF
:105B5000A4FA054608B1FFF7B3FF2560206838BDF9
:105B6000C802002008B5012118200BF027FA0021F7
:105B70001B200BF023FA082118200BF0B5FABDE822
:105B800008404FF47A72FF2118200BF091BA000000
:105B9000002313B50B4C01220B49236000931B20FB
:105BA0004FF0FF330AF0B2FB4FF47A7009F0BCFEFD
:105BB0001B200AF0D5FB2068C0EB0010400080B22B
:105BC00002B010BDC4020020AD5A0A080000000057
:105BD000F7B5054607F0DEFDAB6CC01AB0F5FA6FFD
:105BE0002BD3284695F82D40FFF7D2FF0BF078FE17
:105BF000D5E9022305F15006CDE900013046FFF753
:105C0000E6FE00223C4B06460F460CF069F9B0B1A7
:105C1000103CE4B2042C38BF0424322C28BF3224B8
:105C200095F82D30A34205D0214618200BF01AFA22
:105C300085F82D4007F0AEFDA86403B0F0BD00224A
:105C4000304639462D4B0CF04BF908B1083CE0E7E3
:105C5000304625A3D3E9002339460CF041F908B1B9
:105C6000043CD6E7002230463946254B0CF038F983
:105C700008B1023CCDE7002230463946214B0CF0FA
:105C80002FF908B1013CC4E70022304639461E4BCB
:105C90000CF01CF908B10134BBE70022304639464C
:105CA0001A4B0CF013F908B10234B2E70022304667
:105CB0003946174B0CF00AF908B10434A9E7002261
:105CC00030463946134B0CF001F908B10834A0E70F
:105CD000304607A3D3E9002339460CF0F7F8002833
:105CE00098D0103495E700BF0000000000C072405B
:105CF0000000000000407FC000407F40000079406D
:105D000000004E4000804640008046C000004EC06B
:105D100000C072C0000079C0F8B51F469DF8183069
:105D20000446164683B100220023304639460CF063
:105D3000B9F870B34FF47A72FF2118200BF0B8F95C
:105D4000002384F83030F8BD90F82C2039460A2A18
:105D500008BF80F82C3090F82C506B1C80F82C3049
:105D600030460CF0F9F80C3580B224F8150094F8A0
:105D70002E30002BE7D194F82F30002BE3D104F123
:105D8000180304F12C0233F8021B8842DBD1934242
:105D9000F9D1C4E90267D6E738B590F82F30044648
:105DA0000D4643B941B94FF47A72FF2118200BF028
:105DB0007FF984F8305038BD80F830304FF47A7273
:105DC000BDE8384018200BF073B910B5044694F8BC
:105DD0002F3008463BB9D4E90223C4E904230BF071
:105DE0007FFDC4E9020110BD2DE9F0434B1E0446BE
:105DF0000D468FB01A2B30D8DFE803F00E1B9599B3
:105E0000992F992F992F2F206B79872F2F2F2F2F95
:105E10002F2F2F95B4CC170001234FF47A7280F8FE
:105E20002F30FF2118200BF043F9002384F8303085
:105E300013E0002380F82F300123F7E7002200F160
:105E40000801D1E90001564B0CF02CF828B90022CA
:105E5000534B00902046FFF75FFF94F8303013B1AA
:105E60002046FFF7B5FE07F095FCE36CC01A4D4BDA
:105E7000984227D994F82F300BBB94F83030F3B107
:105E80002046FFF785FED0B9474902A808F0B0F9CF
:105E9000464906A808F0ACF945490AA808F0A8F94F
:105EA0000AAB06AA02A9532002F048FB0AA808F090
:105EB00055F906A808F052F902A808F04FF907F0C2
:105EC00069FCE0642946204600F0E8F90FB0BDE81F
:105ED000F083002200F10801D1E90001354B0BF0FD
:105EE000E1FF0028B9D10022324B0090B2E7002236
:105EF00000F10801D1E900012F4B0BF0D3FF00287E
:105F0000ABD100222C4B0090A4E7002200F1080145
:105F1000D1E90001294B0BF0C5FF00289DD10022DB
:105F2000264B009096E7002380F82E3095E701235A
:105F3000042980F82E3004D10022204BC4E902232A
:105F40008BE74B1F012B02D80022154BF6E70729E0
:105F500002D100221A4BF1E709297FF47EAF00221B
:105F6000184BEBE790F82F3013B9012380F830304D
:105F70000026D4E90489002732463B46404649467C
:105F80000BF090FF00287FF468AFC4E90289C4E9F0
:105F9000046762E790F82F30002B7FF45EAF4BE789
:105FA00000C09240002E930280830B0886830B086A
:105FB00092830B0800E0954000209C4000409F40E9
:105FC00000407F4000208C4010B5044600F06CF982
:105FD000034B1222236000232046C4E9022310BD94
:105FE00064840B0838B5064C23683BB91020FAF7D7
:105FF00054F8054608B1FFF7E7FF2560206838BD73
:10600000CC02002008B5012102200AF0D7FF0021B0
:106010000B200AF0D3FFBDE80840002102200AF05F
:10602000DEBF0000002213B511460DF10703044640
:10603000074803F0C9FF9DF80710A1F11303012BD6
:1060400003D8236820461B68984702B010BD00BFE4
:10605000B8830B0870B5C37ADBB9012102200AF0BE
:10606000BEFF0A2009F060FC01260F2400252DB98F
:106070000B200AF0CDFF051E18BF0125013C14F0CE
:10608000FF04F4D11EB1214602200AF0A8FF2846E1
:1060900070BD0026E9E7000030B54B1E04460D46F2
:1060A0008DB0132B3ED8DFE813F0D400D800CD001C
:1060B000C600CD003D00CD003D00CD003D00CD002F
:1060C000B300B300BD00BD003D003D0090001400D2
:1060D0006C001323002203721146654804F073FE1E
:1060E0006449684608F084F8634904A808F080F819
:1060F000624908A808F07CF8694608AB04AA532056
:1061000002F01CFA08A808F029F804A808F026F8FC
:10611000684608F023F8A37A23B90121E17202202E
:106120000AF05DFF07F036FBE368C01A544B984253
:1061300021D92046FFF78EFFD0B95249684608F0B2
:1061400057F84D4904A808F053F84F4908A808F03B
:106150004FF8694608AB04AA532002F0EFF908A8EB
:1061600007F0FCFF04A807F0F9FF684607F0F6FF08
:1061700007F010FBE0602946204600F08FF80DB0D4
:1061800030BD1423002203721146394804F01BFE6F
:106190003E49684608F02CF8374904A808F028F86A
:1061A0003B4908A808F024F8694608AB04AA532024
:1061B00002F0C4F908A807F0D1FF04A807F0CEFF49
:1061C000684607F0CBFF0021A8E7122300220372E4
:1061D0001146274804F0F7FD68462E4908F008F8F4
:1061E000254904A808F004F82B4908A808F000F88D
:1061F000694608AB04AA532002F0A0F908A807F0EA
:10620000ADFF04A807F0AAFF684607F0A7FF89E7DB
:10621000037A122B86D1437A002B83D1837A002B09
:1062200080D1D0E7037A122B7FF47CAF437A002B26
:106230007FF478AF6FE701234372037A122B7FF468
:1062400071AF68E700234372037A122B7FF46AAFC1
:10625000B9E701230021438161E700238372037AB8
:10626000132B3FF45AAF437A002B7FF456AF59E714
:10627000B8830B08C6830B08CC830B08E0830B089C
:10628000002E930231840B0837840B08F6830B0829
:10629000FC830B0813840B0819840B08406810B1A9
:1062A00003681B6818477047024A02600022426078
:1062B000704700BF70840B08416070470346406818
:1062C0000028FBD15960704738B5064C25683DB9A8
:1062D0001420F9F7E2FE10B10223C56003802060AC
:1062E000206838BDD002002000211C200AF066BEC4
:1062F000002370B586B004938B6804460E4602AD49
:1063000033B1022228469847F3680593B368049393
:106310006A4695E80300231D82E8030093E8030022
:1063200085E8030092E8030083E80300049AE36829
:106330002169E260059A0493059122611BB1032251
:1063400029462846984706B070BD07B582688DF883
:1063500007100AB90AF067FFC3680DF107019847F3
:1063600003B05DF804FB000010B504468CB01C209F
:106370000AF04EFE012801462CD12378022B29D1A8
:1063800040F20113204620F8043BFFF7DEFF1D49D1
:10639000684607F02DFF1C4904A807F029FF1B4998
:1063A00008A807F025FF694608AB04AA532002F0AD
:1063B000C5F808A807F0D2FE04A807F0CFFE68468B
:1063C00007F0CCFE01220023A118114807F050FD70
:1063D0000CB010BD1C200AF01BFE0028F2D123785F
:1063E000012BEFD10221204620F8041BFFF7ADFF5F
:1063F0000849684607F0FCFE034904A807F0F8FEC8
:106400000549CDE774840B087B840B0889840B084D
:10641000BE840B08A0840B08A7840B08436913B142
:1064200083690C301847704713B5002104460846AD
:1064300007F030FA0023204601A9019307F042FA41
:10644000019C0CB1012323710021012007F022FAE5
:106450002CB1236820469B6898470023237102B023
:1064600010BD022A38B5044607D0032A11D0012AEC
:1064700001D10B682360002038BD0C200D68F9F7AE
:106480000CFE03460028F5D095E8070083E80700D6
:10649000F0E700680028EED00C210AF0BEFEEAE723
:1064A00010B403685A689968541001EB6200D2076F
:1064B00048BF0A591B6810BC48BFD3581847000092
:1064C00037B5134B044603608068C8B100256FF0F0
:1064D00000430221CDE900352A462B4607F0FAF9A0
:1064E0002946A06807F046FA237903F0FF0513B1A7
:1064F00007F0C8F9F8E72946A06807F0DBF9A560BE
:1065000004F10C00FEF7BCFB204603B030BD00BF19
:1065100010860B0810B50446FFF7D2FF20461C2159
:106520000AF07BFE204610BD10B5044601F0E2F8EB
:1065300000232361022320602371204610BD000048
:1065400038B5064C23683BB91820F9F7A6FD054677
:1065500008B1FFF7E9FF2560206838BDD4020020AC
:106560002DE9F04F044600688FB00378002B00F04F
:10657000AC8001F0CFF800258046554FDFF874A1BC
:10658000544E5FFA85F9C84576D939460AA807F00E
:106590002FFE019501350A22294606A807F0A7FE1D
:1065A00006A90AA807F0D1FE2268019B01684FEAFC
:1065B000830B02EB83035B68524693F90430304649
:1065C00004F053FC06A807F0C9FD0AA807F0C6FDB1
:1065D00039460AA807F00CFE0A22294606A807F049
:1065E00086FE06A90AA807F0B0FE00233A4A016811
:1065F000304604F03AFC06A807F0B0FD0AA807F000
:10660000ADFD39460AA807F0F3FD0A22294606A87F
:1066100007F06DFE06A90AA807F097FE2368016837
:106620005B445B6830465B692C4A04F070FC06A84A
:1066300007F094FD0AA807F091FDB9F1000FA0D171
:1066400039460AA807F0D4FD0A22294606A807F011
:106650004EFE06A90AA807F078FE236801685B6869
:1066600030469B691E4A04F052FC06A807F076FDEE
:106670000AA807F073FD84E7236800221B781949F4
:10668000144804F0A0FB0022236817491A7702A8D7
:1066900007F0AEFD154906A807F0AAFD14490AA89F
:1066A00007F0A6FD0AAB06AA02A9532001F046FF97
:1066B0000AA807F053FD06A807F050FD02A807F04E
:1066C0004DFD01200FB0BDE8F08F0520FAE700BFB7
:1066D000C9840B08D6840B08E0840B08EF840B08F0
:1066E000EB840B08F6840B08FB840B0802850B086F
:1066F00010850B08CF840B08006803785BB14378E2
:1067000000EB83035B681B7F0BB901F059B8037F73
:106710000BB101F033B8704730B5032905460C467C
:1067200095B000F093800B4601710022484949481A
:1067300004F09BFB2B685A7803EB82035B681B7F9A
:10674000002B2ED1631E062B25D8DFE803F0045B57
:1067500024246A247900042105F10800FFF7F5FDDF
:106760003D4908A807F044FD3C490CA807F040FD4E
:106770003B4910A807F03CFD10AB0CAA08A9532018
:1067800001F0DCFE10A807F0E9FC0CA807F0E6FC1D
:1067900008A807F0E3FC2346002232492D4804F004
:1067A00064FB314908A807F023FD2C490CA807F029
:1067B0001FFD2E4904A807F01BFD0A22214668464A
:1067C00007F095FD694604A807F0BFFD014610A833
:1067D00007F058FD10AB0CAA08A9532001F0AEFE3B
:1067E00010A807F0BBFC684607F0B8FC04A807F047
:1067F000B5FC0CA807F0B2FC08A807F0AFFC01201C
:1068000015B030BD052105F10800FFF79EFD1849C0
:1068100008A807F0EDFC11490CA807F0E9FC1549A0
:10682000A7E7072105F10800FFF78FFD124908A827
:1068300007F0DEFC09490CA807F0DAFC0F4998E7DD
:106840000B2105F10800FFF780FDA4E70220D7E740
:106850002D850B0835850B0841850B0802850B0833
:1068600047850B0885850B088D850B0893850B08DC
:1068700057850B085D850B086C850B0873850B0825
:1068800010B5013104468CB008D108AB00223A495A
:106890003A4803F045FB9DF82030237123685A786D
:1068A00003EB82035B681B7F002B30D194F904302B
:1068B000072B25D8DFE803F0042D3C24244B245A71
:1068C000032104F10800FFF740FD2D49684607F059
:1068D0008FFC2C4904A807F08BFC2B4908A807F073
:1068E00087FC694608AB04AA532001F027FE08A8DC
:1068F00007F034FC04A807F031FC684607F02EFCD2
:10690000002294F9043021491C4804F0AEFA0CB07E
:1069100010BD042104F10800FFF717FD1C4968466B
:1069200007F066FC174904A807F062FC1949D5E78F
:10693000052104F10800FFF708FD1749684607F034
:1069400057FC104904A807F053FC1449C6E7072177
:1069500004F10800FFF7F9FC1149684607F048FC0C
:10696000084904A807F044FC0E49B7E70B2104F1DD
:106970000800FFF7EAFCC3E72D850B0835850B08F7
:10698000AD850B0802850B08B3850B0885850B08C0
:1069900041850B0847850B0857850B085D850B085B
:1069A0006C850B0873850B0830B50D468FB00DF163
:1069B0000703044600221A491A4803F0B1FA9DF968
:1069C0000730AB4229D1002315491A4623711548D7
:1069D00004F04BFA204694F90410FFF751FF1249D6
:1069E00002A807F005FC114906A807F001FC1049B0
:1069F0000AA807F0FDFB0AAB06AA02A9532001F082
:106A00009DFD0AA807F0AAFB06A807F0A7FB02A8AD
:106A100007F0A4FB01200FB030BD0320FBE700BF4F
:106A20002D850B0835850B08C3850B0802850B08DF
:106A3000C9850B0813B56C460B46024603C884E8AB
:106A4000030093E8030082E8030094E8030083E86E
:106A5000030002B010BD000070B58CB00E4605AD4D
:106A600002A981E80C0085E80C00002304460C20F4
:106A70000A93F9F712FB034628B195E80300109A30
:106A800083E803009A6000250893134B04F10C017E
:106A90000B93124B08A80A93114B25712360A56034
:106AA0006561FFF7C7FF0A9B626963610B9B0A92EE
:106AB000A269A3619DF8443031460B920093094AC4
:106AC0002346019504F1080006F0ECFE08A8FEF745
:106AD000D7F820460CB070BDA1640A0863640A08A8
:106AE00010860B0829640A082DE9F04FA9B00DF1B2
:106AF0001D0304460022BC49BC4803F065FA9DF81A
:106B00001D30002B00F03D822268B9491370B74850
:106B100000220DF11E0303F057FA23689DF81E2092
:106B200000255A700023049320689DF810A0037874
:106B3000534540F224820AF10106AE491BA807F032
:106B400057FB0A2231461FA807F0D1FB1FA91BA83B
:106B500007F0FBFB0DF11F03A74A0168A34803F0F0
:106B6000DFF91FA807F0FAFA1BA807F0F7FAA14906
:106B70001BA807F03DFB0A2231461FA807F0B7FB10
:106B80001FA91BA807F0E1FB09AB9C4A01689748C5
:106B900003F018F91FA807F0E1FA1BA807F0DEFAC6
:106BA00094491BA807F024FB0A2231461FA807F0CE
:106BB0009EFB1FA91BA807F0C8FB08AB0168904A01
:106BC0008A4803F062F91FA807F0C8FA1BA807F06B
:106BD000C5FA23685B78534540F0388108F06CFEB5
:106BE0000A2201460FA807F082FB0F9F08F070FEF3
:106BF0000A22014613A807F07AFBDDF84CB008F032
:106C00006FFE0A22014617A807F071FB38460DF007
:106C1000F3F8064658460DF0EFF8DDF85C90029068
:106C200048460DF0E9F8804609A80DF0E5F8029B0A
:106C30001E440636B0444044F9F731FA80463946DE
:106C40000CF054FB6F4940460CF020FB594640467F
:106C50000CF01CFB6B4940460CF018FB49464046C3
:106C60000CF014FB674940460CF010FB09A94046A4
:106C70000CF00CFB644940460CF008FB1FAA63496A
:106C800040460DF08DFC1FA80CF000F90E4607469B
:106C900008F032FE0246C317CDE90223DDE9020106
:106CA0003A4633460BF0ECFE4DA3D3E900230AF03D
:106CB000BBFF0022002306460F460BF0FDF800281C
:106CC00055D008F0F9FD0A22411E1BA807F00FFB62
:106CD0001B99084605910DF08FF8064658460DF0B1
:106CE0008BF8804648460DF087F8074609A80DF056
:106CF00083F84644063637443844F9F7D0F98046DD
:106D000005990CF0F3FA3F4940460CF0BFFA59469A
:106D100040460CF0BBFA3B4940460CF0B7FA4946F6
:106D200040460CF0B3FA374940460CF0AFFA09A9D7
:106D300040460CF0ABFA344940460CF0A7FA1FAAC3
:106D4000324940460DF02CFC1FA80CF09FF802467B
:106D50000B46DDE902010BF093FE21A3D3E90023EA
:106D60000AF062FF06461BA80F4607F0F7F94046F7
:106D7000F9F799F900220023304639460BF09CF8C8
:106D8000002845D04FF07C5108980BF063FA0AF0C8
:106D9000C9FD32463B46804689460BF0ABF80028D9
:106DA00036D032463B46404649460AF05DFC0BF081
:106DB000F3F8064617A807F0D1F913A807F0CEF9A3
:106DC0000FA807F0CBF99DF91F304FEA8A0A013B63
:106DD000042B4ED8DFE803F03C819D4D8F0000BFAF
:106DE000000000000020AC40F6840B08D6840B089D
:106DF000E8850B08C9840B08CF840B08E0840B08D6
:106E0000EF840B08058A0B08F1850B08F5850B0844
:106E100000220023304639460BF06CF8A0B14FF049
:106E20007C5108980BF016FA0AF07CFD32463B467E
:106E3000804689460BF05EF830B132463B4640460C
:106E400049460AF00FFCB2E72E46B3E72E46BAE7F2
:106E50002420F9F722F9074640B1089B012100964A
:106E600009AA01F09BF8484B3B603C6223685344FD
:106E70005F602368294653443046D3F804800BF002
:106E8000A5FB0746002852D04049D8F818000BF05F
:106E9000E1F93E490BF0DEF93D490BF0DBF90BF06F
:106EA0009FFB07461C20F9F7F8F8064660B1394BFE
:106EB00039460B9300230C93012301932368354A31
:106EC00000930023FFF7C8FD23689A44DAF80430E2
:106ED0009E60049B0133049326E62420F9F7DDF835
:106EE00007460028C2D0089B0221009609AA01F09B
:106EF00055F8294BB8E72420F9F7CFF807460028C2
:106F0000B4D0089B0521009609AA01F047F8234B4D
:106F1000AAE72420F9F7C1F807460028A6D0089B65
:106F20000321009609AA01F039F81D4B9CE7D8F817
:106F300014000AF0F7FC00221A4B0AF04BFD002265
:106F4000194B0AF047FD0022174B0AF043FD0022BF
:106F5000164B0AF03FFD0AF0D7FF80461C20F9F7D8
:106F60009CF806460028AFD00A4B4146CDE90D37C4
:106F7000012301932368074A00933B46A2E700F0F0
:106F80004FFC29B0BDE8F08FD0860B08000070429E
:106F900000007A444D780A08A8860B0884860B08FE
:106FA00054860B080000E03F00004E4000408F4038
:106FB0002DE9F04F91B01F469DF86C3005460393C4
:106FC00003680E461B789046DDF868A00BB1FFF70A
:106FD000C7FA0024039B5FFA84F99C4200F0EC811D
:106FE00057F824B0002158460BF0DCFA30B9584667
:106FF000AF490BF0EBFA002800F08B8009F1FF3964
:10700000DFF8D482DFF8D4A25FFA89F42420F9F7FC
:1070100044F8074618B100F0B3FFA64B3B602B685D
:10702000414603EB84035F600CA8671C07F0E0F89F
:107030000A22394608A807F05AF908A90CA807F04F
:1070400084F92B68A60033445B689B4A93F90430AB
:107050000168504603F009FF08A807F07FF80CA864
:1070600007F07CF841460CA807F0C2F80A2239461E
:1070700008A807F03CF908A90CA807F066F92B68E6
:107080008E4A33445B6801680C33504603F097FF27
:1070900008A807F063F80CA807F060F841460CA8B0
:1070A00007F0A6F80A22394608A807F020F908A92F
:1070B0000CA807F04AF92B6801681E447368504613
:1070C0005B697F4A03F023FF08A807F047F80CA884
:1070D00007F044F8D4B941460CA807F089F80A2211
:1070E000394608A807F003F908A90CA807F02DF9FC
:1070F0002B6801685B6850469B69724A03F007FF82
:1071000008A807F02BF80CA807F028F8013CE4B217
:107110007CE73357013B042B20D8DFE813F0050050
:10712000E10009011F00F5002420F8F7B6FF8146B1
:1071300078B106225AF8243002FB0482009357F8F3
:107140002430315700F02AFF5F4BC9F80030C9F8EE
:1071500020502B6803EB8403C3F80490D5F800900B
:10716000002C40F0F9800021DAF800000BF02EFA34
:10717000002800F0F180D9F80430544998690BF0E8
:1071800069F852490BF066F851490BF063F80BF0BF
:1071900027FA83461C20F8F780FF814658B14D4BF3
:1071A0005946CDE90434012301932B68494A0093E1
:1071B0002346FFF751FC2B685B684749C3F80890EA
:1071C0000CA804F1010907F013F80A22494608A89F
:1071D00007F08DF808A90CA807F0B7F82B68364A15
:1071E00003EB84035B68016893F904303B4803F0C8
:1071F0003CFE08A806F0B2FF0CA806F0AFFF364927
:107200000CA806F0F5FF0A22494608A807F06FF817
:1072100008A90CA807F099F82B684FEA840B5B4487
:107220005B68264A0C3301682C4803F0C8FE08A8A6
:1072300006F094FF0CA806F091FF27490CA806F071
:10724000D7FF0A22494608A807F051F808A90CA858
:1072500007F07BF82B6801685B445B68184A5B6940
:107260001E4803F054FE08A806F078FF0CA806F0AC
:1072700075FFD4B918490CA806F0BAFF0A2249468E
:1072800008A807F034F808A90CA807F05EF82B68E6
:1072900001685B680B4A9B69104803F038FE08A838
:1072A00006F05CFF0CA806F059FF4C4692E600BFC2
:1072B0000000C04154860B08CF840B08E0840B0803
:1072C000EF840B08EB840B08D0860B08000070429B
:1072D00000007A444D780A08C9840B08D6840B084C
:1072E0002420F8F7DAFE814600283FF432AF062268
:1072F0005AF8243002FB0482009357F824303157A7
:1073000000F04CFE344B20E72420F8F7C6FE8146FF
:1073100000283FF41EAF06225AF8243002FB0482F4
:10732000009357F82430315700F038FE2B4B0CE710
:107330002420F8F7B2FE814600283FF40AAF062267
:107340005AF8243002FB0482009357F82430315756
:1073500000F024FE224BF8E609EB8409D9F804304A
:1073600058690AF0DFFA00221E4B0AF033FB0022B4
:107370001D4B0AF02FFB00221B4B0AF02BFB0022B7
:107380001A4B0AF027FB0AF0BFFD83461C20F8F7D2
:1073900084FE814660B1164B59460693002307933D
:1073A000012301932B68124A00930023FFF754FB3B
:1073B0002B6803EB8403FFE62B6800221C702B680C
:1073C0000C491B780C4803F0FEFC286800F028FAF2
:1073D000012011B0BDE8F08FA8860B0884860B0849
:1073E00054860B080000E03F00004E4000408F40F4
:1073F0004D780A08F6840B08D6840B087FB5002365
:1074000002938B6804460D4600F1080633B1022250
:1074100068469847EB680393AB6802933146684629
:10742000FFF708FB029B22692361039B02926269BA
:10743000684663610392FDF723FC4FF0FF3120465D
:10744000FFF71EFA04B070BD30B50025036A8561F0
:107450001B6804465B788DB0002B3DD1304908A8ED
:10746000039506F0C5FE236A0A221B6804A8597812
:10747000013106F03CFF04A908A806F066FF294A7E
:10748000016803AB284802F000FD04A806F066FE80
:1074900008A806F063FE294603980BF097F8D8B1C8
:1074A0001F4908A806F0A4FE236A0A221B6804A844
:1074B0005978013106F01BFF04A908A806F045FF22
:1074C000A3690168174A184803F021FD04A806F0D3
:1074D00045FE08A806F042FEA3689D68F5B1606904
:1074E0000AF020FA0022114B0AF074FA0022104B25
:1074F0000AF070FA00220E4B0AF06CFA00220D4BD3
:107500000AF068FA0AF000FD6FF00041002203461D
:10751000CDE900122846032106F0DCF90DB030BD9C
:10752000C9840B08EB840B08D6840B080000E03FED
:1075300000004E4000408F4038B5002383608B68C8
:1075400004460D462BB102229847EB68E360AB6816
:10755000A360204638BD0000012110B58368017783
:10756000044698688EB038B16FF000420023CDE930
:1075700000231A4606F0AEF9216A0AA80831FFF77F
:10758000DBFF09210AA8FEF7E0FE0AA8FDF778FB59
:1075900094F9043000221049104803F066FC1049A9
:1075A00002A806F025FE0F4906A806F021FE0E49A6
:1075B0000AA806F01DFE0AAB06AA02A9532000F095
:1075C000BDFF0AA806F0CAFD06A806F0C7FD02A87E
:1075D00006F0C4FD0EB010BD85850B0835850B087F
:1075E0001C860B0802850B0822860B0870B5836881
:1075F000044698688EB000B3002106F0ABF9E0B104
:10760000A568A868C8B100266FF000430221CDE943
:1076100000363246334606F05DF93146A86806F07A
:10762000A9F92B7903F0FF0613B106F02BF9F8E75F
:107630003146A86806F03EF9AE6000230021A0693B
:1076400023770AF0C3FF10B12046FFF7FDFE216A41
:107650000AA80831FFF770FF0A210AA8FEF775FE95
:107660000AA8FDF70DFB206A4FF0FF31FFF708F97C
:107670000E4902A806F0BCFD0D4906A806F0B8FDAB
:107680000C490AA806F0B4FD0AAB06AA02A95320C9
:1076900000F054FF0AA806F061FD06A806F05EFDA2
:1076A00002A806F05BFD0EB070BD00BF33860B086C
:1076B00002850B0839860B0800232DE9F0410446AA
:1076C000DFF82C8003800377061D00F11C072420BF
:1076D000F8F7E3FC054618B100F052FCC5F800804D
:1076E00046F8045BBE42F2D12046BDE8F08100BFFF
:1076F00054860B0838B5064C23683BB92020F8F7B0
:10770000CCFC054608B1FFF7D7FF2560206838BDDF
:10771000D80200202DE9F0414378044600EB8303B2
:107720005868037F13B103685B6898470027DFF848
:1077300048802378FEB2B3420DD92420F8F7ADFC7F
:10774000054618B100F01CFCC5F8008004EB860665
:1077500075600137EDE7002505492B462A460548A7
:10776000657003F030FB20782570BDE8F08100BF24
:10777000E8850B08D6840B0854860B0870B50025E5
:1077800004464378057700EB8303586803685B6819
:107790009847207801280ED063782A46591CB1FBFF
:1077A000F0F300FB1313DBB2637003490348BDE839
:1077B000704003F008BB70BDE8850B08D6840B0849
:1077C00030B543788BB000EB8303596804460C3125
:1077D00002A806F00DFD08F05EF80F4B02460F49B7
:1077E0000093C31706A807F0F7FF06A902A806F042
:1077F000E1FD054606A806F0B1FC02A806F0AEFCC5
:1078000045B100236078237704EB80046068036847
:107810001B6898470BB030BD5C860B08D40B00206A
:1078200070B54378044600EB83035D680021A869C6
:107830000AF0CCFE28B12B682846BDE870401B68D2
:1078400018472046BDE87040FFF7BABF10B543782F
:10785000044600EB83035B689B68986810B90123BA
:10786000237710BD002106F075F80028F7D0F8E75F
:1078700030B50025036A85611B6804465B788DB0CE
:10788000002B3DD1304908A8039506F0B1FC236ACE
:107890000A221B6804A85978013106F028FD04A9C2
:1078A00008A806F052FD294A016803AB284802F0F7
:1078B000ECFA04A806F052FC08A806F04FFC294692
:1078C00003980AF083FED8B11F4908A806F090FC7F
:1078D000236A0A221B6804A85978013106F007FDC3
:1078E00004A908A806F031FDA3690168174A1848E1
:1078F00003F00DFB04A806F031FC08A806F02EFCEE
:10790000A3689D68F5B160690AF00CF80022114B7C
:107910000AF060F80022104B0AF05CF800220E4BCF
:107920000AF058F800220D4B0AF054F80AF0ECFA6D
:107930006FF0004100220346CDE9001228460321E2
:1079400005F0C8FF0DB030BDC9840B08EB840B08EF
:10795000D6840B080000E03F00004E4000408F40FE
:10796000012110B583680177044698688EB038B15C
:107970006FF000420023CDE900231A4605F0AAFF6C
:10798000216A0AA80831FFF7D7FD07210AA8FEF7E8
:10799000DCFC0AA8FDF774F994F9043000221049C0
:1079A000104803F062FA104902A806F021FC0F49C2
:1079B00006A806F01DFC0E490AA806F019FC0AAB41
:1079C00006AA02A9532000F0B9FD0AA806F0C6FBDA
:1079D00006A806F0C3FB02A806F0C0FB0EB010BD5F
:1079E00085850B0835850B086C850B0802850B080F
:1079F00073850B0870B58368044698688EB000B331
:107A0000002105F0A7FFE0B1A568A868C8B100266D
:107A10006FF000430221CDE900363246334605F0CF
:107A200059FF3146A86805F0A5FF2B7903F0FF0642
:107A300013B105F027FFF8E73146A86805F03AFFD3
:107A4000AE6000230021A06923770AF0BFFD10B1CA
:107A50002046FFF70DFF216A0AA80831FFF76CFDE9
:107A600008210AA8FEF771FC0AA8FDF709F9206AA7
:107A70004FF0FF31FEF704FF0E4902A806F0B8FBF5
:107A80000D4906A806F0B4FB0C490AA806F0B0FBA5
:107A90000AAB06AA02A9532000F050FD0AA806F07E
:107AA0005DFB06A806F05AFB02A806F057FB0EB0D5
:107AB00070BD00BF62860B0802850B0869860B0843
:107AC000012130B583680177044698688FB038B1DA
:107AD0006FF000420023CDE900231A4605F0FAFEBC
:107AE0000023256A0C932B6943B1022205F108019A
:107AF0000AA898476B690D932B690C9305238DF8A1
:107B000018300C9B0BB909F08EFB0D9B06A90AA837
:107B100098470C9B1BB10AA903220846984794F981
:107B2000043000221049114803F09FF9104902A8BF
:107B300006F05EFB0F4906A806F05AFB0E490AA89C
:107B400006F056FB0AAB06AA02A9532000F0F6FC89
:107B50000AA806F003FB06A806F000FB02A806F040
:107B6000FDFA0FB030BD00BF85850B0835850B08C9
:107B700057850B0802850B085D850B0830B500257D
:107B8000036A85611B6804465B788DB0002B3DD18C
:107B9000304908A8039506F02BFB236A0A221B68CC
:107BA00004A85978013106F0A2FB04A908A806F040
:107BB000CCFB294A016803AB284802F066F904A807
:107BC00006F0CCFA08A806F0C9FA294603980AF08C
:107BD000FDFCD8B11F4908A806F00AFB236A0A2257
:107BE0001B6804A85978013106F081FB04A908A894
:107BF00006F0ABFBA3690168174A184803F087F940
:107C000004A806F0ABFA08A806F0A8FAA3689D68D5
:107C1000F5B1606909F086FE0022114B09F0DAFE29
:107C20000022104B09F0D6FE00220E4B09F0D2FEC6
:107C300000220D4B09F0CEFE0AF066F96FF000410C
:107C400000220346CDE900122846032105F042FE3A
:107C50000DB030BDC9840B08EB840B08D6840B082B
:107C60000000E03F00004E4000408F4070B5836848
:107C7000044698688EB000B3002105F06BFEE0B1B9
:107C8000A568A868C8B100266FF000430221CDE9BD
:107C900000363246334605F01DFE3146A86805F031
:107CA00069FE2B7903F0FF0613B105F0EBFDF8E751
:107CB0003146A86805F0FEFDAE6000230021A069F2
:107CC00023770AF083FC10B12046FFF757FF206AA4
:107CD0004FF0FF31FEF7D4FD0E4902A806F088FAF6
:107CE0000D4906A806F084FA0C490AA806F080FAA5
:107CF0000AAB06AA02A9532000F020FC0AA806F04D
:107D00002DFA06A806F02AFA02A806F027FA0EB005
:107D100070BD00BF8C860B0802850B0892860B088D
:107D2000012130B583680177044698688FB038B177
:107D30006FF000420023CDE900231A4605F0CAFD8A
:107D40000023256A0C932B6943B1022205F1080137
:107D50000AA898476B690D932B690C9304238DF83F
:107D600018300C9B0BB909F05EFA0D9B06A90AA806
:107D700098470C9B1BB10AA903220846984794F91F
:107D8000043000221049114803F06FF8104902A88E
:107D900006F02EFA0F4906A806F02AFA0E490AA89C
:107DA00006F026FA0AAB06AA02A9532000F0C6FB89
:107DB0000AA806F0D3F906A806F0D0F902A806F042
:107DC000CDF90FB030BD00BF85850B0835850B0898
:107DD00041850B0802850B0847850B0830B5002547
:107DE000036A85611B6804465B788DB0002B3DD12A
:107DF000304908A8039506F0FBF9236A0A221B689C
:107E000004A85978013106F072FA04A908A806F00E
:107E10009CFA294A016803AB284802F036F804A806
:107E200006F09CF908A806F099F9294603980AF08B
:107E3000CDFBD8B11F4908A806F0DAF9236A0A2257
:107E40001B6804A85978013106F051FA04A908A862
:107E500006F07BFAA3690168174A184803F057F83F
:107E600004A806F07BF908A806F078F9A3689D68D5
:107E7000F5B1606909F056FD0022114B09F0AAFD29
:107E80000022104B09F0A6FD00220E4B09F0A2FDC6
:107E900000220D4B09F09EFD0AF036F86FF000410C
:107EA00000220346CDE900122846032105F012FD09
:107EB0000DB030BDC9840B08EB840B08D6840B08C9
:107EC0000000E03F00004E4000408F4070B58368E6
:107ED000044698688EB000B3002105F03BFDE0B188
:107EE000A568A868C8B100266FF000430221CDE95B
:107EF00000363246334605F0EDFC3146A86805F001
:107F000039FD2B7903F0FF0613B105F0BBFCF8E750
:107F10003146A86805F0CEFCAE6000230021A069C0
:107F200023770AF053FB10B12046FFF757FF206A72
:107F30004FF0FF31FEF7A4FC0E4902A806F058F9F5
:107F40000D4906A806F054F90C490AA806F050F9A4
:107F50000AAB06AA02A9532000F0F0FA0AA806F01C
:107F6000FDF806A806F0FAF802A806F0F7F80EB039
:107F700070BD00BFB0860B0802850B08B6860B08E3
:107F8000054A0260FF2202710022426182610022E2
:107F900002778260704700BFE0860B0838B5044660
:107FA00008461D46074B114623602071062204F146
:107FB0000C000BF03BFF049B2046A361002365618E
:107FC000237738BDE0860B0800F5F46005F008BBA8
:107FD00008B50A46B0F9B417D0F8B007F8F768FD4D
:107FE000B0FA80F0400908BD08B5B0F9B417D0F870
:107FF000B007F8F70BFE012008BD0A4608B5034696
:10800000002AB3F9B417B6BF002200230223D0F828
:10801000B007F8F7B3FCC043C00F08BD0EB410B5ED
:108020000023016820208DB00FAA52F8044BCDE93F
:108030000403CDE900420392012004AA05F0DEFD0D
:108040000DB0BDE8104003B070470EB410B500236A
:10805000016820208DB00FAA52F8044BCDE904032B
:10806000CDE9004203921E2004AA05F0C7FD0DB021
:10807000BDE8104003B070470EB410B5002301688E
:1080800020208DB00FAA52F8044BCDE90403CDE9AE
:1080900000420392322004AA05F0B0FD0DB0BDE805
:1080A000104003B0704737B59DF8185004688DF83C
:1080B00000308DF804503C23E468A04703B030BD85
:1080C00010B50446006804F07CFF204610BD13B5CF
:1080D0000446019004F072FF648E01A8FFF7F0FFE0
:1080E000204602B010BD10B504460B68216008465A
:1080F0001B6A9847204610BD10B504460068036807
:108100005B6A9847204610BD37B50446009004F0DE
:1081100055FF638EF3B1214601A8FFF7E4FF238EDC
:10812000628E01339BB29A42238608D10023082134
:1081300023632368C4F8881720469B6A9847224621
:1081400052F82C3B00211D6B20460823A84701A8AC
:10815000FFF7D2FF6846FFF7B3FF002003B030BD42
:1081600037B50446009004F029FF214601A8FFF727
:10817000BAFF00212246216352F82C3B20461D6B9A
:108180000823A847236808219B6A2046984704468D
:1081900001A8FFF7B1FF6846FFF792FF204603B042
:1081A00030BD00002DE9F74F90F8299004460E46A7
:1081B000934698469DF830709DF834A0B9F1000FB1
:1081C00054D02C4B0846002A08BF9B460BF014FEE7
:1081D000054658460BF010FE05440A35AB0718BF9C
:1081E00025F00305204618BF043547EA0A07009426
:1081F00004F0E4FE214601A8FFF775FF84F838700B
:1082000004F13C07314665873846C4F834800BF0EA
:108210006DF838460BF0F0FD0130594638440BF04C
:1082200065F8224652F8343B4FF0FF311E6B204672
:108230002B46B0472246638E00210133638652F8F5
:108240002C3B20461D6B0823A847236820465B6B08
:10825000658E98472A46034607490848FFF7DEFE21
:1082600001A8FFF749FF6846FFF72AFF484603B019
:10827000BDE8F08F838A0B08FA860B08800B00207C
:10828000F8B503680C465B6B064615469847001B1D
:108290001CD033682146DF6A40F2A933834228BFED
:1082A00003462A463046B84705F108000BF0A4FD06
:1082B00004F109060644341B28190BF09DFD01301A
:1082C000304483071CBF20F003000430F8BD0000D9
:1082D0002DE9FF47044604F0EFFD2046029404F028
:1082E0006DFE214603A8FFF7FEFE236820465B6B68
:1082F00098470728DFF8208104F12C0705D83C496E
:108300003C48FFF7A2FE3C4919E023683A46DD6A83
:10831000002108232046A84708280546EFD1E36A34
:108320004345F0D1238E628E34493248FFF776FE02
:10833000638E228EC4F888579A4221D130492D4845
:10834000FFF783FE236800219B6A2046984700219F
:108350002368C4F82C8021631D6B3A46082320460D
:10836000A847002835D123482649FFF785FE03A8F2
:10837000FFF7C2FE02A8FFF7A3FE04B0BDE8F08736
:10838000EBB1002604F1340A638E1FFA86F94B45DF
:108390000FD9524629462046FFF772FF0DB91A49F8
:1083A000CDE7238E01364B4508BFC4F888570546F4
:1083B000EAE7D4F8882715490E48FFF746FED4F8B7
:1083C0008837228E00931249638E0A48FFF73DFEDC
:1083D00006E008230F490748C4F88837FFF735FE41
:1083E00003A8FFF789FE012384F82930C2E700BF04
:1083F00023870B08800B0020E4870B084D870B08B0
:1084000065870B0805880B088F870B08C1870B0849
:1084100039880B0821880B0861AB9CD137B504461D
:10842000009004F0CBFD228E638E9A4219D2214631
:1084300001A804F2DD35FFF756FE2A462046D4F89F
:108440008817FFF71DFF50B1C4F8880701A8FFF790
:1084500053FE6846FFF734FE284603B030BD05469C
:10846000F4E70025F5E70000F0B54E288BB00E4686
:1084700015461C46109F16D1394606A805F0B8FED1
:10848000244B069A1B7824498DF80030234B24484E
:108490001B78FFF708FE06A805F060FE052007F030
:1084A00043FA0BB0F0BD5328FBD11E4902A805F0DA
:1084B0009FFE314602A805F048FF1B4905F051FF19
:1084C000294605F042FF194905F04BFF214605F00A
:1084D0003CFF174905F045FF0446394606A805F05C
:1084E00087FE06A9204605F030FF124905F039FF46
:1084F000084B02681B7810498DF80030074B08487C
:108500001B78FFF7D0FD06A805F028FE02A805F0AD
:1085100025FEC3E7DD02002072880B08DC02002084
:10852000AC03002079880B0883880B088F880B0820
:108530009B880B08AA880B08108A0B0870B54E2878
:108540000E4615461C4686B00FD11C4B22681B7880
:108550001B498DF800301B4B1B481B78FFF7A3FD10
:10856000052007F0E1F906B070BD5328FBD117498B
:1085700002A805F03DFE314602A805F0E6FE1449CA
:1085800005F0EFFE294605F0E0FE124905F0E9FE90
:10859000214605F0DAFE104905F0E3FE074B0268BC
:1085A0001B780E498DF80030064B07481B78FFF703
:1085B0007AFD02A805F0D2FDD2E700BFDD0200205F
:1085C00072880B08DC020020AC03002079880B08BD
:1085D00083880B089B880B08AA880B08108A0B0855
:1085E00001221A4B70B51A700822194B194C1A4DFA
:1085F0001A701A4E204605F031F82A4620461849CE
:1086000008F006FE21463046164C04F039FE2A4694
:108610001549304608F0FCFD204604F0A7FC002375
:10862000C4F88837114B12492360C4F88C6704F5ED
:10863000F26005F0DDFD04F5F46004F0B1FF2A46B8
:108640002046BDE870400B4908F0E2BDDC02002086
:10865000DD020020640B002050020020E002002018
:1086600025D60A08AC030020ADD10A084C890B08B6
:10867000AD880B0875870A0810B50A4804F0DCFFBE
:108680004FF4803308480021436104F06FFE044634
:10869000024606490648FFF7D8FC14B90548FFF71B
:1086A00017FE10BD640B0020E0020020B4880B0808
:1086B000A80B0020AC0300202DE9F0411F46036801
:1086C00005469B6B884616469847044638B13A469D
:1086D000314605F5F460BDE8F04104F0A1BD424625
:1086E00003490448FFF7C8FC2046BDE8F08100BFFD
:1086F000C2880B08800B00202DE9F0411F4603685B
:1087000005469B6B884616469847044638B13A465C
:10871000314605F5F460BDE8F04104F0A6BD4246DF
:1087200003490448FFF7A8FC2046BDE8F08100BFDC
:10873000E2880B08800B002030B5D0F88C5787B04A
:10874000283540F2FF130446D0F890171C22284623
:10875000F7F71CFF29460246684604F02DFF6946DC
:1087600004F5F46004F036FF684604F020FD0120B3
:1087700007B030BD10B50446084B036000F5F46047
:1087800004F015FD04F5F26005F0E8FC044B20460A
:10879000236004F007FC204610BD00BF4C890B0885
:1087A0000C890B0810B50446FFF7E4FF20464FF490
:1087B000F76108F032FD204610BD106870470000D8
:1087C0001FB50023019303930C23ADF80430044B31
:1087D0000422029301AB05F04BFB05B05DF804FBEE
:1087E000BB870A08022A38B5044607D0032A11D0ED
:1087F000012A01D10B682360002038BD0C200D68D0
:10880000F7F74BFC03460028F5D095E8070083E80E
:108810000700F0E700680028EED00C2108F0FDFC0E
:10882000EAE710B403685A689968541001EB6200D3
:10883000D20748BF0A591B6810BC48BFD358184715
:1088400010B534220446002104300AF03FFA3823E0
:108850002046236010BD002340681A46194605F0E3
:10886000AFBA002340681A46194605F0B1BA002293
:108870004068114605F0BCBA002340681A46194604
:1088800005F0CEBA07B58068002340B1CDE90013EA
:108890001A46012105F01EF8B0FA80F0400903B035
:1088A0005DF804FB07B58068002338B1CDE90013FB
:1088B000022105F00FF8B0FA80F0400903B05DF82E
:1088C00004FB000010B5002204466FF000418069EF
:1088D000FFF7E8FF0248FFF7BEFF0023637710BDF4
:1088E00000110020F0B589B00446FDF729FE206094
:1088F000FCF7C2FD6060FDF775FBA060FCF74CFF64
:10890000E060FDF7E1FC2061FCF77CFC00262549D6
:10891000606104F1200005F06BFC224904F1300095
:1089200005F066FC1C20A683A677F7F7B6FB054684
:10893000002832D00C200696F7F7AFFB18B11A4B7F
:108940008460C0E90036194B04902B60002304AE0C
:1089500002AF96E8030087E803002B71AB6005F1D6
:108960000C0292E8030086E8030097E8030082E81F
:1089700003000F4A06936A61AA690E4907920E4ADC
:1089800005F10800AA61019301230C4A00932B46CC
:1089900004F088FF3046FCF773F92046A56109B062
:1089A000F0BD00BF838A0B08C5880A0810860B0833
:1089B000E5870A08C0D4010023880A0829640A0848
:1089C00038B5064C23683BB94020F7F766FB0546EF
:1089D00008B1FFF787FF2560206838BD740B0020C1
:1089E00030B50024CBB004AB18193834FFF728FF9A
:1089F000B4F58C7FF7D105220E4804A907F052FE8A
:108A0000C5B2012D02D000204BB030BD05A968468B
:108A100005F0EEFB6846084905F0D9FC04466846B7
:108A200005F09CFB24B10348FFF726FF2846EBE73F
:108A30002046E9E70011002088890B082DE9F04F56
:108A4000044600F1200A85B051463C48FFF7B8FEC5
:108A500004F130013A48FFF7B3FE0022394E1146C7
:108A6000706805F0CDF937460546002860D005F05E
:108A700017FA002004F0CEFE4FF0000B064600204F
:108A800004F0C8FE00234EF65F22B0EB060861EB4F
:108A90000B094B4508BF424505D305F009FA10B94B
:108AA00005F0F6F9EBE705F003FA064630B30022CD
:108AB0006FF00041A069FFF7F5FE002278681146CB
:108AC00005F056F900F15D01684605F091FB694635
:108AD000504605F0E2FB684605F040FB237F4BB1B2
:108AE000002320684FF0FF312377FDF7C9FE20688F
:108AF000FDF7FAFF6068FCF721FD08E0237F53B122
:108B0000024601462077786805F06AF9354628461E
:108B100005B0BDE8F08F0B48FFF7A9FE10B9094872
:108B2000FFF79FFE6FF00041A069FFF7ABFEE1E7A2
:108B300002460146706805F053F9E8E795890B088D
:108B40009A890B080011002010B504460B48FFF766
:108B50008EFE50B1237F43B90123606823770368F9
:108B60001821BDE810401B6818470448FFF77FFE36
:108B700010B9237F03B1607710BD00BF0011002042
:108B800030B5437F044685B0A3B9FFF729FF0546FA
:108B900080B9012320466377FFF750FF00B3636974
:108BA0001A783AB14FF47A701D7006F0BDFE206855
:108BB000FDF79AFFA37F83B1002301A8A377CDE936
:108BC00001338DF80C3006F0FDFF0648FFF749FE33
:108BD0006FF00041A069FFF755FE2046FFF7B4FF94
:108BE00005B030BD0011002010B504468CB011480E
:108BF000FFF742FEE0B100230F496377684605F0B6
:108C0000F7FA0E4904A805F0F3FA0D4908A805F093
:108C1000EFFA694608AB04AA5320FFF78FFC08A8B7
:108C200005F09CFA04A805F099FA684605F096FA52
:108C30000CB010BD00110020A8890B08AE890B08EC
:108C4000BC890B08F8B504460D460027A368FEB2A0
:108C50009E421BD23146204605F0D4FB7E28314689
:108C6000204604D005F0CEFBA8550137EEE705F00D
:108C7000C9FB7E28F9D10021721C204605F0FEFBBD
:108C80000146204605F0EFFA0023AB550023A1680A
:108C9000DFB28F4203F1010607D23946204605F0C4
:108CA000B1FB2F4433467876F1E700230D446B7611
:108CB000F8BD00002DE9F04305460E460024EFB054
:108CC00028AB18193834FFF7BBFDB4F58C7FF7D10A
:108CD00031460DF1200815A805F0D4FA2F4E414673
:108CE00015A8FFF7AFFF15A805F038FA3046FFF7D3
:108CF000B2FD40460BF080F80DF1390907464846B1
:108D00000BF07AF83822044600211AA809F0DEFF99
:108D10004C23CDE915380323ADF868300023706883
:108D2000194615AA1994CDE9177905F071F804468A
:108D300068BB1B49684605F05BFA1A4904A805F0B0
:108D400057FA194915A805F053FA694615AB04AA54
:108D50005320FFF7F3FB15A805F000FA04A805F06F
:108D6000FDF9684605F0FAF915A8CDE915448DF826
:108D70005C4006F027FF40F2DC5006F0D5FD05F020
:108D800097F8044618B93046FFF76BFD6C7714204E
:108D900006F0CAFD6FB0BDE8F08300BF00110020EF
:108DA000DD890B08AE890B08E3890B082DE9F04734
:108DB0000025D8B012AC28193835FFF741FDB5F5BC
:108DC0008C7FF8D1052221462E4807F06BFC2E49F6
:108DD000C7B202A805F00CFA0025DFF8B8A0DFF84A
:108DE000B890EBB2BB4204F1380828D201350A2210
:108DF000294606A805F07BFA06A90AA805F042FA5A
:108E000051460AA805F0ADFA0646211D0EA805F048
:108E1000EFF90EA9304605F098FA494605F0A1FA97
:108E2000014602A805F08DFA0EA805F097F90AA8E8
:108E300005F094F906A805F091F94446D1E7134BE3
:108E4000029A1B7812498DF800300EA83C2306F0D8
:108E5000ADFF0F9C7CB16368013B63605BB9236825
:108E600020469B689847A368013BA3601BB9236811
:108E70002046DB68984702A805F070F958B0BDE8B5
:108E8000F08700BF00110020838A0B08700B0020C0
:108E9000078A0B08048A0B08058A0B081FB50446CD
:108EA000684600F03FFA694604F1300005F0F5F934
:108EB000684605F053F904B010BD00000022014BD4
:108EC0001A707047700B002004F074BC10B5044693
:108ED00001464FF46172022004F084FC204610BD6C
:108EE00010B5044601464FF46172022004F072FC92
:108EF000204610BD28B1037A03F0800311B9037234
:108F00000120704743F0040303720160F8E7034651
:108F1000C06810B1182202FB0030704770B50546DA
:108F20000E46046824B12046FFF7F1FF86420CD1BB
:108F30003046FFF7ECFF64B148B1031BDA10064B73
:108F40005343E36000B96C6070BD0446EAE7034632
:108F5000F7E72860F6E700BFABAAAAAA884203D0C9
:108F600020B131B10AF0B8B9002070474FF0FF309E
:108F700070470120704738B50D46044640B101697D
:108F80002846FFF7EBFF18B12046FFF7C0FFF4E7D4
:108F9000204638BD50B1037ACAB223F07F0343F0B4
:108FA000060303720023C0E900230120704730B597
:108FB00014461D4640B1037AC0E9004523F07F0303
:108FC00043F00C030372012030BD000030B50346AE
:108FD000D1E901021830824203D2012300200B7430
:108FE00030BDA2F118008860596869B1441AE510D3
:108FF000064C6C43CC605860002342F80C3C02F8ED
:10900000103C42F8083CEBE71860F4E7ABAAAAAAC8
:109010002DE9F04F037804462B2B8B4685B037D0D3
:109020002D2B36D1012501342378A3F13002092AF2
:1090300002D92E2B40F01481002000214FF09939E5
:109040004FF00A08DFF828A2A6461EF8013BA3F15C
:10905000300C5FFA8CFCBCF1090F1CD88A4508BFA4
:10906000814519D34FF0FF376FEA0C0608FB01F377
:10907000A0FB080119448F4208BF86424FF000034D
:109080005FFA8CF208D38018744643EB0101DBE7EA
:1090900001340025C8E77BB1002300264FF4801778
:1090A000B94208BFB04203F101081CD300230A22D1
:1090B00009F0DCFA4346F3E79BF8083003F080033D
:1090C0004DB1CBE9000143F00A038BF80830284684
:1090D00005B0BDE8F08FCBE9000143F008038BF841
:1090E00008300125F3E71A1B02EB040C234614F8A1
:1090F000016B0FFA8CFCA6F13007092FF4D92E2E44
:109100001DD1A6464FF099364FF00A08554F7346C9
:109110001C780EF1010E303CE4B2092C0FD8B94294
:1091200008BFB042F3D2A0FB082308FB013310199B
:109130000CF1FF3443F100010FFA84FCE7E71A78E1
:1091400002F0DF02452A70D15A782D2A24D1012657
:109150009A1C00244FF00A0E134612F8017B303F90
:109160005FFA87F8B8F1090F2DD80EFB047404EBF1
:109170000C03B3F59A7FEFDD00209BF80830AEB109
:109180008DB9002123F07F0343F00C033546CBE972
:1091900000018BF808309AE72B2A4FF0000614BF25
:1091A0005A1C9A1CD5E74FF00041EBE74DB92E4908
:1091B00023F07F0343F00C03CBE900018BF8083068
:1091C0008FE72A49F4E706B164421F78002F47D1A0
:1091D000644408F0C9FB002C064628DDDFF894A0A3
:1091E000E2070ED5FBB25B005A1C5AF822205AF84F
:1091F0002330009201933046DDE9002308F0EAFBBA
:109200000646641007F10107EAD10DB101F10041F2
:109210009BF80830324623F07F0343F00C038BF8B1
:1092200008300B46CBE900235BE70024CDE7DFF8ED
:1092300048A06442002CE8D0E3070ED5FBB25B00E7
:109240005A1C5AF822205AF82330029203933046CF
:10925000DDE9022308F0BEFB064664100137E9E7AA
:10926000002534E7999901000000F07F0000F0FF2D
:1092700099999919248B0B08DC8A0B0800B58DB0DD
:1092800007F058FF04F0B6FA68460E4904F0B0FF44
:109290000D4904A804F0ACFF0C4908A804F0A8FF8D
:1092A000694608AB04AA5320FFF748F908A804F060
:1092B00055FF04A804F052FF684604F04FFF0DB0BC
:1092C0005DF804FB188A0B081E8A0B082D8A0B0810
:1092D00038B500252C4607F02DFF2846FFF7F4FD92
:1092E000FF2818BF013405F1010518BFA4B2B5F578
:1092F000006FF0D1204638BD38B5046805467CB112
:109300006368013B63605BB9236820469B689847AC
:10931000A368013BA3601BB923682046DB6898471C
:10932000284638BD30B5ADF56B7D044607F002FF29
:109330000120FFF7C9FDFF28174D13D12B781749DE
:10934000174A8DF8003009A83C2306F02FFD0AA823
:10935000FFF7D2FF1349204604F04AFF20460DF5DF
:109360006B7D30BD07F0E6FE09A8FFF7B9FD09A93E
:1093700005A804F03DFF2B780849059A8DF80030C8
:1093800003A83C2306F012FD04A8FFF7B5FF05A8CB
:1093900004F0E4FE09A9DEE7780B0020078A0B0839
:1093A0004D8A0B086E8A0B08033138B521F003058E
:1093B0000446284604F0A4FD70B10544002323763A
:1093C00094F82830C4E9020023F07F032046C4E962
:1093D000045584F8283038BD0546EFE708B570B16C
:1093E000037A03F07F030C2B08D8DFE803F019079A
:1093F000070707070907090709071000012008BD2B
:10940000D0E90023134314BF01200020F7E7002216
:1094100003C8002308F046FDB0FA80F04009EEE7EB
:109420000020ECE7806808B104F072BD7047F8B521
:10943000054608680F46E0B1D5E900349C420ED9D4
:109440001A4600F1FF3C92F800E01CF8016F11464B
:10945000764502F101020FD1002EF4D1EBB90AF0EA
:10946000CBFCAA68431C2344934206460AD9012335
:109470002B7400242046F8BD11F8013B002BFBD1D2
:109480000B46DBE76B60002CF4D0024639682046BF
:1094900009F0F4FB0023A355ECE71C46EAE750B1C2
:1094A000037ACAB223F07F0343F008030372002358
:1094B000C0E900230120704730B568B1037A4CB28F
:1094C00000294FEAE47503F0800306DB43F008034C
:1094D0000372C0E90045012030BD43F00A03644235
:1094E000037265EB4505F4E748B1037A016023F0A8
:1094F0007F0343F008030372002343600120704799
:1095000070B5037A164613F07F0202BF23F07F0383
:1095100043F020030372037A044608BFC0E9002227
:1095200013F020000D460FD0084669B12068FFF700
:1095300022FD48B931462046FFF748FD20B1037AA5
:10954000056103F07F03037270BD037A024613F0D6
:10955000200002D01068FFF70EBD704708B5034623
:1095600010B1FFF7CDFF0346184608BD437C33B961
:10957000C3685A1CC2601B78037401234374007CC7
:1095800070470000F8B50446012600250D4F20461F
:10959000FFF7ECFF50B1A0F10903DBB2172B0DD898
:1095A00006FA03F33B4209D06574F0E7237A002BF7
:1095B00014BF0223012384F85830F8BD0120207223
:1095C000FBE700BF1300800030B5037A85B003F0DD
:1095D0007F03043B082B33D8DFE803F00E0E05327F
:1095E000053232321A0003C8002908BFB0F5807F67
:1095F00000D30020C0B209E00023694600688DF85E
:109600000830FFF705FD6846FFF7DEFF05B030BD07
:10961000D0E90045002200232046294608F060FCDE
:109620000028F3D008A3D3E900232046294608F0F8
:109630004DFC0028EAD02046294608F08DFCD9E7E9
:109640000020E3E7AFF300800000000000E06F407F
:1096500030B5037A85B003F07F03043B082B39D87B
:10966000DFE803F01515053805380E38200003C86B
:10967000002908BF802800D3002040B205B030BDCB
:1096800003C8002908BF812824D24042F5E70023FF
:10969000694600688DF80830FFF7BAFC6846FFF7A6
:1096A000D7FFEBE7D0E900450022204629460C4BC6
:1096B00008F016FC0028E1D007A3D3E900232046D8
:1096C000294608F003FC0028D8D02046294608F097
:1096D0001BFCD2E70020D1E70000000000C05F4083
:1096E000000060C01FB5037A03F07F03043B082B22
:1096F00021D8DFE803F01111052005200B201C0004
:1097000003C808F061FD05B05DF804FB03C808F06C
:109710005BFD00F10040F6E70023694600688DF824
:109720000830FFF775FC6846FFF7DCFFEBE703C87E
:1097300008F032FCE7E70020E5E700000000000049
:1097400030B5037A85B003F07F03043B082B39D88A
:10975000DFE803F01515053805380E38200003C87A
:10976000002908BF802800D30020C0B205B030BD5A
:1097700003C8002908BF812824D24042F5E700230E
:10978000694600688DF80830FFF742FC6846FFF72D
:10979000D7FFEBE7D0E900450022204629460C4BD5
:1097A00008F09EFB0028E1D007A3D3E90023204660
:1097B000294608F08BFB0028D8D02046294608F01F
:1097C000CBFBD2E70020D1E70000000000C05F40E3
:1097D000000060400000000030B5037A85B003F05F
:1097E0007F03043B082B31D8DFE803F00D0D053073
:1097F00005303030180003C8012908BF002800D305
:10980000002005B030BD0023694600688DF808309F
:10981000FFF7FEFB6846FFF7DFFFF2E7D0E9004500
:10982000002200232046294608F05AFB0028E8D0F1
:1098300007A3D3E900232046294608F047FB002868
:10984000DFD02046294608F087FBDAE70020D8E77A
:109850000000E0FFFFFFEF4138B504460D46FFF77B
:1098600085FEA8424FF0000004BF6074012038BD9F
:109870002F2807D9392803D95E280CD97A2805D88A
:10988000012070472B28FBD02D28F9D0A0F12E0302
:109890005842584170474028F8D95A28EFE72DE937
:1098A000F3410F469046044600283AD0037A13F05D
:1098B0007F0202BF23F07F0343F020030372037A89
:1098C00008BFC0E9002213F0200312D041B306689C
:1098D0009EB138463169FFF741FB60B13046FFF772
:1098E00016FB0646F4E729462046FFF717FB3546E8
:1098F00015E01C4615E0374612E041462046FFF7CA
:1099000065FB054658B1404601A90197FFF78FFD59
:109910000028E8D02B7A286163F07F032B722F4652
:109920003C46204602B0BDE8F081002313B57F28F5
:109930008DF80030C3B20BD88DF801300DF1020361
:1099400013F8010DD0B30A68541C0C601070F7E7CF
:1099500003F03F0363F07F038DF80130C0F38712FB
:109960008309C0F38F101F2806D862F03F028DF8DC
:1099700002200DF10303E3E7981102F03F0262F0C9
:109980007F0210F47C7F8DF80220C3F38912C3F3A9
:10999000871305D163F01F038DF8033001ABCFE7C8
:1099A00003F03F0363F07F038DF80330931163F0FE
:1099B0000F038DF804300DF10503C1E702B010BDAF
:1099C0002DE9F84307460024FFF7D0FD254606465B
:1099D0007C743846FFF7CAFD864203467D745BD02F
:1099E00028B90223002087F85830BDE8F8835C28A6
:1099F0004BD13846FFF7BAFD0028F2D075283AD18E
:109A00004FF004084FF000097D743846FFF7AEFDB3
:109A10000028E6D040288ABF20F02003A0F13003C0
:109A2000373BDBB20F2B01D90323DBE708F1FF380B
:109A300043EA091318F0FF081FFA83F97D74E4D193
:109A400009F520539BB2B3F5806F02D2C9F3090424
:109A5000BFE709F510539BB2B3F5806F3ABFC9F366
:109A6000090949EA84294846394638BF09F5803052
:109A7000FFF75BFFADE70B4B1A78002AD4D090427A
:109A800008D15B78002BCFD07D743A68511C3960C7
:109A900013709EE70233EFE73B6801205A1C3A60DF
:109AA0001D70A2E7738A0B08F8B50368044643608B
:109AB000FFF75CFD27281CD022281AD02046FFF78C
:109AC00055FD0646FFF7D4FE0546C0B100272368C2
:109AD00067745A1C226020461E70FFF747FD064639
:109AE000FFF7C6FE0028F2D123685A1C22601870C6
:109AF00003E02046FFF764FF05462846F8BD032330
:109B000084F85830F9E72DE9F84F05460E461F4610
:109B1000FFF738FD044608B9002456E02846FFF751
:109B200025FD5B2835D020D8222878D0272876D06C
:109B30002846FFF71BFD05F1180B8046D94605F1B5
:109B4000570AA9EB0B074046FFB2FFF791FE00282A
:109B500078D0CA4575D04FF0000328466B7409F8D9
:109B6000018BFFF703FD8046EBE77B28E0D1337ADA
:109B70004FF0000223F07F0343F0200333720023F1
:109B80003146C6E9003328463B4600F088FB0446D0
:109B90001BE0337AFCB223F07F0343F040033372BF
:109BA0000023C6E900331CB9062385F858300CE0C1
:109BB00028466B74FFF7E6FC80460028ACD05D2198
:109BC0002846FFF749FE18B144462046BDE8F88F05
:109BD000671E69693046FFF7F9F9014618B9042391
:109BE00085F8583098E73B464FF000022846FFF7CB
:109BF0008AFF002890D02846FFF7C4FC00288BD0AD
:109C00005D212846FFF728FE0028DDD12C212846BB
:109C1000FFF722FE04460028DBD10323C5E72B68AB
:109C200028466B60FFF7CCFE044600283FF474AF73
:109C3000337A6A6823F07F0343F00403337232609F
:109C4000C3E73F270022EB191A762B7E742B0DD128
:109C5000337A012223F07F0343F00603337200239B
:109C6000C6E90023042FB0D00223B9E7662B0BD13D
:109C7000337A002223F07F0343F00603337200237C
:109C8000052FC6E90023EEE76E2BEBD03146584690
:109C9000FFF7BEF9002898D1032385F8583076E7FE
:109CA00070B513460D681C4A0446002D08BF1546C2
:109CB000026898B04260C26804958260002094F8FF
:109CC0002060207426F07F0684F820600A680290E5
:109CD00001928DF80C0002468DF815008DF85C009D
:109CE00004F1180101A80694FFF70DFF9DF85C0030
:109CF00068B99DF8143053B194F8203003F07F0216
:109D00000C2A06D003F07D03082B08BF032018B0EF
:109D100070BD0320FBE700BF838A0B082DE9F041EB
:109D2000ADF5707D0D4617461C46064607F002FA53
:109D30000120FFF7C9F8FF2826D00DF13C0807F0F5
:109D4000F9F94046FFF7CCF84FF000024FF4966166
:109D500002A8FFF729FB4FF0320201A904A8CDF8B1
:109D60000480FFF79DFF10F0FF0F0AD131460AA8CB
:109D700075B9FFF7EAFB024610B1FFF72DFD024669
:109D8000226002A8FFF74EFB0DF5707DBDE8F08163
:109D90006FB9FFF7DAFB10B900202060F1E7294620
:109DA000FFF7D3FB0028F7D0FFF716FDF5E7FFF725
:109DB000CCFB0028F0D02946FFF7C7FB0028EBD0EA
:109DC0003946EDE72DE9F041ADF5707D0F461546BA
:109DD0001E46804607F0AEF90120FFF775F8FF2810
:109DE00022D00FAC07F0A6F92046FFF779F84FF024
:109DF00000024FF4966102A8FFF7D6FA4FF0320244
:109E000001A904A80194FFF74BFFC4B24CB9414625
:109E10000AA86FB9FFF799FB10B1FFF791FC044650
:109E2000347002A8FFF7FEFA0DF5707DBDE8F081F1
:109E30009DB9FFF78AFB50B13946FFF786FB30B179
:109E4000037A03F07F03043B012B98BF05680622C9
:109E50002946304609F0EAFFE3E7FFF776FB10B941
:109E600000210622F5E73946FFF76FFB0028F7D0FF
:109E70002946FFF76AFB0028F2D0037A03F07F033C
:109E8000043B012BECD80168EBE72DE9F041ADF57F
:109E9000707D0D4617461C46064607F04BF901201B
:109EA000FFF712F8FF282AD00DF13C0807F042F91D
:109EB0004046FFF715F84FF000024FF4966102A8F4
:109EC000FFF772FA4FF0320201A904A8CDF804801E
:109ED000FFF7E6FE10F0FF0F0ED131460AA82DB9AC
:109EE000FFF733FB30B1FFF7FDFB04E06FB9FFF77D
:109EF0002CFB40B90020206002A8FFF793FA0DF573
:109F0000707DBDE8F0812946EAE7FFF71EFB0028D7
:109F1000F0D02946FFF719FB0028EBD03946DFE7E0
:109F20002DE9F041ADF5707D0D4617461C460646FD
:109F300007F000F90120FEF7C7FFFF2826D00DF13A
:109F40003C0807F0F7F84046FEF7CAFF4FF0000262
:109F50004FF4966102A8FFF727FA4FF0320201A9E9
:109F600004A8CDF80480FFF79BFE10F0FF0F0AD184
:109F700031460AA875B9FFF7E8FA024610B1FFF7B3
:109F800067FB0246227002A8FFF74CFA0DF5707DC0
:109F9000BDE8F0816FB9FFF7D8FA10B90020207042
:109FA000F1E72946FFF7D1FA0028F7D0FFF750FB79
:109FB000F5E7FFF7CAFA0028F0D02946FFF7C5FAFF
:109FC0000028EBD03946EDE72DE9F041ADF5707D85
:109FD0000D4617469846064607F0ACF80120FEF7F6
:109FE00073FFFF2823D00FAC07F0A4F82046FEF73C
:109FF00077FF4FF000024FF4966102A8FFF7D4F903
:10A000004FF0320201A904A80194FFF749FEC4B23F
:10A0100054B931460AA875B9FFF797FA10B1FFF79E
:10A02000D3FA044688F8004002A8FFF7FBF90DF5C3
:10A03000707DBDE8F0812FB9FFF787FA0028F1D0D5
:10A040002946E9E7FFF781FA0028EBD02946FFF718
:10A050007CFA0028E6D03946DEE7F0B5ADF5717D33
:10A060000D461446064607F065F80120FEF72CFF62
:10A07000FF2821D00FAF07F05DF83846FEF730FF1C
:10A080004FF000024FF4966102A8FFF78DF94FF0F0
:10A09000320201A904A80197FFF702FE10F0FF0F9A
:10A0A00007D131460AA855B9FFF74FFAFFF796F9DD
:10A0B000207002A8FFF7B6F90DF5717DF0BDFFF72E
:10A0C00044FA034618B12946FFF73FFA03461846FB
:10A0D000ECE700002DE9F04389B0044607F02AF8C8
:10A0E0000120FEF7F1FEFF2800F09B8023460022AE
:10A0F0004D494E48FFF768FF2378002B76D04B4838
:10A1000000224B49631CFFF75FFF0C202578684352
:10A11000F5F7C5FF58B10346FF210022013D03F1C9
:10A120000C0304D303F80C1C43F8042CF6E70026B8
:10A13000DFF82081DFF820913C4F60602378B34244
:10A1400054DD0C2501364146684604F051F80A22D8
:10A15000314604A804F0CBF804A9684604F0F5F8E9
:10A16000754363680C3D2B444A4601683846FFF747
:10A17000D7FE04A803F0F2FF684603F0EFFF414664
:10A18000684604F035F80A22314604A804F0AFF816
:10A1900004A9684604F0D9F86368264A2B440133C1
:10A1A00001683846FFF70EFE04A803F0D7FF6846A3
:10A1B00003F0D4FF4146684604F01AF80A223146FB
:10A1C00004A804F094F804A9684604F0BEF8636893
:10A1D00001682B443846184A0833FFF756FE04A896
:10A1E00003F0BCFF684603F0B9FFA7E7002213495C
:10A1F000134804F10903FFF793FE04F1080300225A
:10A2000010490F48FFF78CFE0F49104804F10A026D
:10A21000FFF723FF00220E48114604F10B03FFF75E
:10A220007FFE09B0BDE8F083F6840B08D6840B08E6
:10A23000E8850B08E0840B08EF840B0885850B0884
:10A2400035850B082D850B08B5820B08BB820B08E2
:10A25000A28B0B08C9840B08CF840B0810B50446E9
:10A2600006F068FF40F2FB70FEF72EFEFF280DD1CE
:10A270002046FFF72FFF06F05DFF03F0BBFA06F064
:10A2800059FF012140F2FB7003F09CFA06F052FFE7
:10A290000120FEF719FEFF3818BF012010BD2DE97F
:10A2A000F843DEB20446884626B9062380F85830C3
:10A2B000002521E000234374FFF764F907460028D6
:10A2C000F6D07D212046FFF7C7FA054698B9013E32
:10A2D0002046FFF7E9FB0028EAD02046FFF752F9B5
:10A2E0000028E5D03A212046FFF7B6FA38B9032313
:10A2F00084F8583000E03D462846BDE8F883D4F89D
:10A300000490D8F800004946FEF735FE014668B9CA
:10A3100061694046FEF75AFE014608B90423E7E7A3
:10A32000037AC0F8109003F07F03037233464FF0B6
:10A3300000022046FFF7E7FB0028B9D02046FFF7D0
:10A3400021F90028B4D07D212046FFF785FA0028A6
:10A35000D1D12C212046FFF77FFA0028C7D0204614
:10A36000FFF710F90028B3D1A2E730B544680A44DA
:10A37000D0E90053AB4207D2914205D05D1C456045
:10A3800011F8015B1D70F3E700221A7043681A1B75
:10A3900083681344836030BD38B5054608460C46D3
:10A3A00009F02AFD214602462846FFF7DEFF38BDA8
:10A3B0002DE9F04786B00DF11606074615461C46F6
:10A3C000B246284621460A22002308F04FF9A1464A
:10A3D0003032A8462846214606F8012D00230A22DD
:10A3E00008F044F9B9F1000F08BFB8F10A0F0546AB
:10A3F0000C46E6D231463846AAEB0602FFF7B5FF17
:10A4000006B0BDE8F087D0E9002393423FBF5A1C55
:10A4100042600022197037BF436800221A7001227F
:10A42000836813448360704770B50D46222104464B
:10A43000FFF7E9FF013D15F8011F79B10A4B9E783E
:10A4400046B1DA7802338A42F9D15C212046FFF71F
:10A45000DAFF31462046FFF7D6FFECE722212046FF
:10A46000FFF7D1FF70BD00BF738A0B08000000002A
:10A470002DE9F04F194682468FB010469146984616
:10A4800007F010FD30B95046A949FFF785FF0FB01E
:10A49000BDE8F08F002200234846414607F002FD48
:10A4A00068B94A4643464846414607F0DDF8024649
:10A4B0000B464846414607F0F5FC0028E3D1002250
:10A4C00000234846414607F0F7FC28B12D215046AD
:10A4D000FFF799FF08F10048484691A3D3E900230C
:10A4E000414607F0FDFC044600285FD00825002403
:10A4F0004FF4807B8F4F904E7B6C484600933B6CB3
:10A5000041460193DDE9002307F0EAFC68B1736C72
:10A5100048460293336C41460393DDE9022307F07A
:10A5200059FA814688465C4424B2013D681C4FEAD2
:10A530006B0BA7F10807A6F10806DDD10022002366
:10A540004846414607F0D6FC002833D076A3D3E92D
:10A5500000234846414607F0B9FC58B3774E754F83
:10A56000290627D4764B484653F8353041460493A4
:10A5700056F835300593DDE9042307F09DFC88B1DA
:10A58000704B484653F835304146069357F83530FE
:10A59000A4EB0B040793DDE9062307F01BFA8146C1
:10A5A000884624B24FEA6B0B013DD9E74FF4807B1C
:10A5B0000825C3E74146484607F0CEFC0923064676
:10A5C00002460A21604F5DB2092A03F1FF33DBB274
:10A5D00004D9B7FBF1F7B2FBF1F2F4E7304607F02C
:10A5E0007FF902460B464846414607F03BF8804655
:10A5F0003846894607F074F902460B4640464946FC
:10A6000007F0E8F98046894607F0A6FC834607F084
:10A6100067F902460B464046494607F023F80246D2
:10A620000B4607F021F807F097FC00EB0B084745B5
:10A6300008D8013694B1092E10D94FF00008012630
:10A64000013424B20A21B8FBF1F301FB138242B9B1
:10A65000002D06DD013D98466DB2F4E74FF000088D
:10A66000F0E70A200DF13601B6FBF0F200FB1263B1
:10A67000303301F8013D3346092B1646F4D80DF16D
:10A6800036065046721AFFF770FEEDB12B460A20CF
:10A690000DF12F01013B5BB25A1C09D0B8FBF0F25F
:10A6A00000FB128808F1300801F801899046F1E7B3
:10A6B0002E20EAB20CAB991A01F8010CD143504696
:10A6C00001321944FFF751FE002C15DA1F4950469C
:10A6D000FFF762FE31460A226442B4FBF2F302FB4A
:10A6E0001344303401F8014D1C46002BF5D150467F
:10A6F000721AFFF73AFECAE63FF4C9AE652150462A
:10A70000FFF781FE31460A2294FBF2F302FB134469
:10A71000303401F8014D1CB2002CF5D1E7E700BF41
:10A7200000000000D0126341F168E388B5F8E43E10
:10A73000848A0B08248B0B08DC8A0B08948A0B088C
:10A74000988A0B08288B0B0800CA9A3B898A0B0849
:10A75000F8B5027A054602F07F030C2B0C460DD8A3
:10A7600012F07E0F0ED0023B0A2B0BD8DFE803F06D
:10A770004F4F4A4A640A610A550A0C00202B23D025
:10A78000402B08D031495DE0D0E900230846FFF7AF
:10A790006FFEA068F8BD5B212046FFF734FE2D68F0
:10A7A0006DB121462846FFF7D3FF2846FEF7AFFBE1
:10A7B000054620B12C212046FFF725FEF0E75D215C
:10A7C0002046FFF720FEE4E77B212046FFF71BFE33
:10A7D0002D68ADB129692046FFF726FE3A212046B3
:10A7E000FFF711FE21462846FFF7B2FF2846FEF785
:10A7F0008EFB054620B12C212046FFF704FEE8E73A
:10A800007D21DDE701682046FFF70EFEC1E7D0E9B4
:10A8100000122046FFF7A9FDBBE7D0E900672D2114
:10A820002046FFF7F0FD32463B462046FFF7C0FDCD
:10A83000AFE7D0E90023F8E7D0E90023134314BFC2
:10A84000034904492046FFF7A7FDA2E7848A0B08C5
:10A8500057810B088C8A0B081FB5002301F2833245
:10A86000CDE900210B70203069460293FFF770FF9D
:10A8700005B05DF804FB000000232DE9F04FADF5B5
:10A88000777DADF81430894B05A80793FFF7E6FCF8
:10A890000446002840F0A2814FF000024FF4966178
:10A8A00008A8FEF781FD9DF8145081490AAA10A856
:10A8B000002D00F09781FEF723FE0AAA7D49FEF7DE
:10A8C0004DFE9DF81410FEF7EAFD79490AAA10A87A
:10A8D000FEF716FE78490AAAFEF740FE9DF815100D
:10A8E000FEF7DDFD00260027DFF8E0A1DFF8C081DC
:10A8F0009DF814305FFA84F94B4558D81C46002661
:10A900000027DFF8C8816A4DE3B2052B00F2E08032
:10A91000D8F80000B8F8043001340A222146039028
:10A9200015A8ADF8103003F0E2FC159903A808F063
:10A93000ADFC15A803F012FC29460AAA10A8FEF7E0
:10A94000DFFD0AAA03A9FEF7AAFF0AAA5B49FEF7E0
:10A9500005FE4FF0FF31FEF7AFFD29460AAA10A809
:10A96000FEF7CEFD0AAA03A9FEF799FF54490AAAE9
:10A97000FEF7F4FD48B1037A002223F07F0343F091
:10A98000080303720023C0E9002329460AAA10A87D
:10A99000FEF7B6FD0AAA03A9FEF781FF0AAA4949F4
:10A9A000FEF7DCFD32463B46FEF701FBACE70C252B
:10A9B000DAF80000BAF804300A22039009F1010124
:10A9C00015A8ADF8103003F092FC159903A808F013
:10A9D0005DFC05FB09F515A803F0C0FB41460AAA7A
:10A9E00010A8DDF818B0FEF78BFD0AAA03A9FEF740
:10A9F00056FF0AAA3149FEF7B1FD1BF90510FEF713
:10AA00005BFD069B41460AAA10A80193FEF778FD5C
:10AA10000AAA03A9FEF743FF29490AAAFEF79EFDE9
:10AA2000834670B1019B15A92B4401330AA81593E5
:10AA3000FEF7FDFC9BF8083023F07F0378BB8BF812
:10AA40000830069B41460AAA10A81D44FEF758FD8F
:10AA50000AAA03A9FEF723FF0AAA1A49FEF77EFDF8
:10AA60008346A86806F05EFF02460B465846FEF78E
:10AA70009EFAB9F1000F10D141460AAA10A8FEF7BC
:10AA80003FFD0AAA03A9FEF70AFF0AAA0E49FEF72C
:10AA900065FD32463B46FEF78AFA013428E743F06B
:10AAA00005038BF80830CBF80000CAE7020201006A
:10AAB000D6840B08F6840B08E8850B08CF840B08B6
:10AAC000E0840B08EF840B08EB840B08C9840B08A7
:10AAD000069808B1F5F7E7FA83490AAA10A8FEF725
:10AAE0000FFD0AAA8149FEF739FD9DF91D10FEF7F9
:10AAF000E3FC7D490AAA10A8FEF702FD0AAA7C49D8
:10AB0000FEF72CFD9DF91C10FEF7D6FC79490AAA28
:10AB100010A8FEF7F5FC0AAA7749FEF71FFD0021F1
:10AB2000FEF7BDFC73490AAA10A8FEF7E9FC0AAAC1
:10AB30007249FEF713FD0021FEF7B1FC70490AAA25
:10AB400010A8FEF7DDFC0AAA6E49FEF707FD0021FA
:10AB5000FEF7A5FC6A490AAA10A8FEF7D1FC0AAACA
:10AB60006949FEF7FBFC0021FEF799FC0AAA674938
:10AB700010A8FEF7C5FC1521FEF791FC0AAA64494E
:10AB800010A8FEF7BDFC1221FEF789FC61490AAA54
:10AB900010A8FEF7B5FC0AAA5F49FEF7DFFC9DF896
:10ABA0001E10FEF7F7F90AAA5C4910A8FEF7A8FCE8
:10ABB0009DF91F10FEF780FC15A908A8FFF74CFEB1
:10ABC00006F0B8FA15A8FEF781F906F0B3FA0121EC
:10ABD000084602F0F7FD08A8FEF724FC0DF5777D86
:10ABE000BDE8F08F4FF000084FF00009FEF788FC39
:10ABF0000AAA4B49FEF7B2FC2946FEF750FC494928
:10AC00000AAA10A8FEF77CFC474E48490AAAFEF79C
:10AC1000A5FC2946FEF743FC2C46B788414DDFF8DA
:10AC20001CA13068A34601340A222146039015A8CE
:10AC3000ADF8107003F05BFB159903A808F026FB34
:10AC400015A803F08BFA29460AAA10A8FEF758FCAB
:10AC50000AAA03A9FEF723FE0AAA5146FEF77EFCC4
:10AC60004FF0FF31FEF728FC29460AAA10A8FEF78C
:10AC700047FC0AAA03A9FEF712FE2D490AAAFEF70D
:10AC80006DFC48B1037A002223F07F0343F00803F0
:10AC900003720023C0E9002329460AAA10A8FEF780
:10ACA0002FFC0AAA03A9FEF7FAFD0AAA2149FEF71A
:10ACB00055FC42464B46FEF77AF9BBF1000F10D126
:10ACC00029460AAA10A8FEF71BFC0AAA03A9FEF748
:10ACD000E6FD0AAA1849FEF741FC42464B46FEF73C
:10ACE00066F9062C9DD1F7E635850B0885850B089E
:10ACF0002D850B086E820B0860820B087A820B0888
:10AD000099820B088B820B08A4820B081C830B080A
:10AD1000B8830B08BB820B08B5820B08A28B0B080B
:10AD2000F6840B08D6840B08C9840B08E8850B0849
:10AD3000E0840B08EF840B08EB840B08CF840B082E
:10AD4000F0B5ADF23C7D0D461446064606F0F2F92C
:10AD50000120FEF7B9F8FF282BD00CAF06F0EAF976
:10AD60003846FEF7BDF84FF000024FF49661684692
:10AD7000FEF71AFB4FF03202EDA902A8ED97FEF79D
:10AD80008FFF10F0FF0F11D1314602AA08A89DB91C
:10AD9000FEF7B6FB2146FEF7FDF8EDA96846FFF782
:10ADA0005BFD06F0C7F9EDA8FEF790F86846FEF7E0
:10ADB00039FB0DF23C7DF0BDFEF7A2FB294602AA4D
:10ADC000FEF7CCFBE6E72DE9F041ADF5E76D0D466A
:10ADD00017461C46064606F0ADF90120FEF774F84A
:10ADE000FF282DD00DF1300806F0A4F94046FEF7FB
:10ADF00077F84FF000024FF496616846FEF7D4FAF8
:10AE00004FF03202EDA902A8CDF8B483FEF748FF57
:10AE100010F0FF0F11D1314602AA08A8A5B9FEF71C
:10AE20006FFB2146FEF73BFBEDA96846FFF714FDDB
:10AE300006F080F9EDA8FEF749F86846FEF7F2FA49
:10AE40000DF5E76DBDE8F08137B9FEF759FB2946EE
:10AE500002AAFEF783FBE4E7FEF752FB294602AAAB
:10AE6000FEF77CFB394602AAF3E72DE9F041ADF588
:10AE7000E76D0D4617461C46064606F05BF90120B5
:10AE8000FEF722F8FF282DD00DF1300806F052F918
:10AE90004046FEF725F84FF000024FF496616846F1
:10AEA000FEF782FA4FF03202EDA902A8CDF8B48382
:10AEB000FEF7F6FE10F0FF0F11D1314602AA08A8E6
:10AEC000A5B9FEF71DFB2146FEF7F6FAEDA9684687
:10AED000FFF7C2FC06F02EF9EDA8FDF7F7FF684674
:10AEE000FEF7A0FA0DF5E76DBDE8F08137B9FEF782
:10AEF00007FB294602AAFEF731FBE4E7FEF700FB59
:10AF0000294602AAFEF72AFB394602AAF3E72DE9F1
:10AF1000F041ADF5E76D0D4617461C46064606F0B6
:10AF200009F90120FDF7D0FFFF2833D00DF13008DB
:10AF300006F000F94046FDF7D3FF4FF000024FF452
:10AF400096616846FEF730FA4FF03202EDA902A88A
:10AF5000CDF8B483FEF7A4FE10F0FF0F17D13146F1
:10AF600002AA08A8D5B9FEF7CBFA0546204606F096
:10AF7000D9FC02460B462846FEF719F8EDA96846AB
:10AF8000FFF76AFC06F0D6F8EDA8FDF79FFF6846CC
:10AF9000FEF748FA0DF5E76DBDE8F08137B9FEF729
:10AFA000AFFA294602AAFEF7D9FADEE7FEF7A8FAB9
:10AFB000294602AAFEF7D2FA394602AAF3E72DE99A
:10AFC000F041ADF5E76D0D4617461C46064606F006
:10AFD000B1F80120FDF778FFFF282DD00DF13008E2
:10AFE00006F0A8F84046FDF77BFF4FF000024FF453
:10AFF00096616846FEF7D8F94FF03202EDA902A833
:10B00000CDF8B483FEF74CFE10F0FF0F11D131469E
:10B0100002AA08A8A5B9FEF773FA2146FDF76AFF50
:10B02000EDA96846FFF718FC06F084F8EDA8FDF7D7
:10B030004DFF6846FEF7F6F90DF5E76DBDE8F081C6
:10B0400037B9FEF75DFA294602AAFEF787FAE4E768
:10B05000FEF756FA294602AAFEF780FA394602AAF6
:10B06000F3E72DE9F041ADF5E76D0D4617461C46B7
:10B07000064606F05FF80120FDF726FFFF282DD0D9
:10B080000DF1300806F056F84046FDF729FF4FF065
:10B0900000024FF496616846FEF786F94FF03202DF
:10B0A000EDA902A8CDF8B483FEF7FAFD10F0FF0F6A
:10B0B00011D1314602AA08A8A5B9FEF721FA214606
:10B0C000FEF712FAEDA96846FFF7C6FB06F032F864
:10B0D000EDA8FDF7FBFE6846FEF7A4F90DF5E76D58
:10B0E000BDE8F08137B9FEF70BFA294602AAFEF750
:10B0F00035FAE4E7FEF704FA294602AAFEF72EFA2B
:10B10000394602AAF3E700000122014B1A7070478A
:10B11000780B0020006803681B681847022A38B5BE
:10B12000044607D0032A11D0012A01D10B682360FD
:10B13000002038BD0C200D68F4F7AFFF034600284F
:10B14000F5D095E8070083E80700F0E700680028DD
:10B15000EED00C2106F061F8EAE730B40368097814
:10B160005A689C68551004EB6200D20748BF6259C8
:10B170001B6830BC48BFD3581847000030B587B0B3
:10B180000446FAF779F92060FAF7DCFC6060FAF718
:10B1900003FBA060FAF726FFE060FBF795F820615B
:10B1A00000F082FF6061FBF7CBF9A061FAF72AF8A3
:10B1B000E061FDF705FC00252062E562D4E90001AD
:10B1C000FBF77AF8E1682068FBF778F82068A16857
:10B1D000FBF774F80C200495F4F75FFF18B1114BDE
:10B1E0008460C0E900356D4602AB029093E803002D
:10B1F00085E8030004F1240292E8030083E80300D9
:10B2000095E8030082E80300E26A18460492064AC1
:10B21000E262226B0592054A2263F9F731FD20466E
:10B2200007B030BD15B10A081DB10A085BB10A08A4
:10B2300010B50446006AFDF7A3FCA069FBF75CFAB1
:10B240002069FBF791F86069BDE8104001F0F8BA99
:10B250002DE9F04F4FF000080C46924699464746BC
:10B2600046468FB0DDF860B0A3685FFA88F5AB4260
:10B2700062D92946204603F0C5F85F2822D101365D
:10B28000F6B2731E032B1DD8DFE803F0021B0C1F60
:10B290002046691C03F0B6F8302813D100200FB007
:10B2A000BDE8F08F2B4621467A1C09A803F0C4F8AC
:10B2B00009A800230622514603F0A6F809A802F0C7
:10B2C0004DFF2F4608F10108CEE72B4621467A1C98
:10B2D00009A803F0B1F80023142204A909A803F077
:10B2E00093F809A802F03AFF04A909A802F080FF28
:10B2F00009A803F0E2F8C9F8000009A802F02EFF3F
:10B3000021466846A3686A1C03F096F800231422BD
:10B3100009A9684603F078F8684602F01FFF09A9FA
:10B32000684602F065FF684603F0C7F8CBF80000F6
:10B33000684602F013FFC5E7032E1CD121467A1C94
:10B3400004A803F079F80023142209A904A803F043
:10B350005BF804A802F002FF09A904A802F048FF64
:10B3600004A803F0AAF8C9F8000004A802F0F6FE49
:10B370000023CBF80030012091E708B5006AFDF703
:10B380008DFD012008BD00002DE9F04F0C46A1B055
:10B390000DF14408A54906460BA802F029FFA4496F
:10B3A000404602F025FF214617A802F06BFF4246F7
:10B3B00017AB0BA95320FDF7C1F817A802F0CEFE7A
:10B3C000404602F0CBFE0BA802F0C8FE002120464A
:10B3D00003F018F8014617A802F078FF17A803F049
:10B3E00067F8C5B217A802F0B9FE012D1CD10021E3
:10B3F0000222204603F042F820468E4902F0E7FF81
:10B4000030B12946B069FBF787F921B0BDE8F08F6C
:10B410002046894902F0DBFF002800F0028129461E
:10B42000B069FBF7C1FAF0E7022D12D100212A46DC
:10B43000204603F023F820467E4902F0C8FF00288A
:10B44000DFD120467C4902F0C2FF0028E7D1092065
:10B45000DBE7052D12D100210222204603F00EF871
:10B460002046744902F0B3FF0028CAD12046724931
:10B4700002F0ADFF0028D2D10A20C6E7032D35D156
:10B4800020466E4902F0A3FFD0B1002307930B932F
:10B490000323214617A88DF8143002F0F3FE0BABFE
:10B4A00000934246304607AB17A9FFF7D1FE04468A
:10B4B00017A802F053FE74B9B069FBF751F8A4E77E
:10B4C000A368082BE1D820465D4902F080FF0028E0
:10B4D000DBD1062099E70123424601930BAB009391
:10B4E00007ABB06905A9FBF763FD8EE7042D40F0BB
:10B4F0009A80A368102B2FD900252F46A946182221
:10B5000000210BA807F0E2FB18220021404607F0BB
:10B51000DDFB4C4B18689B880590ADF81830A3688C
:10B520009D4279D22946204602F06CFF5F2871D1F6
:10B5300009F1010A5FFA8AFABAF1010F05F1010B6C
:10B5400012D009F1FF395FFA89F9B9F1050F11D964
:10B550000135D146EDB2E2E720463B4902F037FF24
:10B560000028C9D1072050E75946204602F04AFF7B
:10B570003028A1D05946204602F044FF7E28E7D16A
:10B580004FF000090235EBB2029320AB5FFA8BF269
:10B590003B4402F1010B0393029B204609EB030598
:10B5A000EDB2294602F02EFF7E2802D0B9F11F0F1E
:10B5B00019D12B465A46214607A802F03DFF062224
:10B5C00008EB8703009317A90BAB02FB071203EBF1
:10B5D000870307A93046FFF73BFE013707A802F0B3
:10B5E000BDFDFFB2B4E7B9F1010F0ED12B465A46AB
:10B5F000214607A802F020FF07A802F059FF039B8D
:10B6000003F86C0C07A802F0A9FD09F101095FFA23
:10B6100089F9C1E7CA469BE7CDE900870BAB17AABA
:10B620005FE70820F1E60020EFE600BF6C8B0B0817
:10B6300002850B0844830B0858830B08728B0B0898
:10B640007C8B0B08048C0B08808B0B0838B50546E7
:10B65000084602F02DFFFF28044609D81B21284682
:10B66000FFF758FD6868E1B2FAF796FB012038BD94
:10B6700040F6B833A0F596729A4208D828461A21A7
:10B68000FFF748FD6868A1B2FAF79FFBEEE740F6C6
:10B69000E543984202D0B0F5807F04D119212846B5
:10B6A000FFF738FDE2E70020E1E708B54068FAF768
:10B6B0006FFA08BD38B50D4604460949284602F020
:10B6C00086FE28B110212046FFF724FD012038BD59
:10B6D0002846044902F07BFE0028F8D01121F2E749
:10B6E00044830B0858830B0838B50D4604460D49B2
:10B6F000284602F06CFE28B113212046FFF70AFD10
:10B70000012038BD2846084902F061FE08B1142125
:10B71000F3E72846054902F05AFE0028F1D012212D
:10B72000EBE700BF44830B0858830B086D830B08BD
:10B7300008B5C068FAF78EFC08BD000038B50D46A4
:10B7400004460D49284602F042FE28B11621204643
:10B75000FFF7E0FC012038BD2846084902F037FE1B
:10B7600008B11721F3E72846054902F030FE00280A
:10B77000F1D01521EBE700BF44830B0858830B0879
:10B780006D830B0830B50D4695B028463B4902F055
:10B790001EFE044670B100223948114610ABFEF778
:10B7A000BFFB9DF9400018B106F000FD03F03EFF1D
:10B7B000012023E0284602F07BFE00F10C03DBB2FF
:10B7C0001A2B1DD92F4908A802F012FD2E490CA8EA
:10B7D00002F00EFD2D4910A802F00AFD10AB0CAAD4
:10B7E00008A95320FCF7AAFE10A802F0B7FC0CA889
:10B7F00002F0B4FC08A802F0B1FC204615B030BD40
:10B8000045B2284606F0D2FC03F010FF2B46224634
:10B8100021461B48FFF729FB68461D4902F0E8FC5A
:10B82000194904A802F0E4FC1A490CA802F0E0FC53
:10B830000A22294610A802F05AFD10A90CA802F00D
:10B8400084FD154902F08DFD014608A802F01AFD9D
:10B85000694608AB04AA5320FCF770FE08A802F062
:10B860007DFC10A802F07AFC0CA802F077FC04A87A
:10B8700002F074FC684602F071FC99E7848B0B08B7
:10B88000A28B0B08948B0B089A8B0B08AB8B0B08C5
:10B89000C28B0B08C88B0B08D28B0B0830B50D463A
:10B8A000044685B028460D4902F091FD48B1204676
:10B8B0001021FFF72FFC206AFDF796F9012005B053
:10B8C00030BD246A2946684602F0DCFC2046694601
:10B8D000FDF7F0F9684602F041FCEFE7FA8B0B0840
:10B8E00008B5006AFDF762FA012008BD7FB504467D
:10B8F00005F066FC04F024FE04F12405FEF7BCFF0D
:10B90000266929466846FBF717FE69463046FAF76E
:10B91000EFFC6846F9F7B4F9666929466846FBF713
:10B920000BFE6946304600F0D1FB6846F9F7A8F9EE
:10B93000A66929466846FBF7FFFD69463046FBF7D6
:10B940005DFD6846F9F79CF92068F9F751FEE0685B
:10B95000FAF768FBA068F9F73BFF236901225B78DF
:10B9600069468DF800300E48002302F081FA0D4937
:10B97000684602F03DFC69462046FFF703FF684633
:10B9800002F0ECFBFCF778FEE069F9F7D9FCE3691B
:10B990001B7813B9A069FBF7A7F804B070BD00BF0E
:10B9A000BE840B08848B0B08002202708281C28146
:10B9B0007047002310B5021D00F10B0112F8014B76
:10B9C00023448A42DBB2F9D1C07A5B42DBB2C31AAC
:10B9D0005842584110BD00002DE9D04F0FF2881B8E
:10B9E000DBE900AB04464FF000084FF00009637834
:10B9F000082B28D804F02AFD03681B699847A37810
:10BA0000002800F0A7800BB1013BA37004F01EFDDD
:10BA100003685B6998472378C0B233B9FF2812D115
:10BA200040F20113E0702380E1E7012B10D11828C8
:10BA300007D163785A1C23446270D87002232370A4
:10BA4000D5E70023237000236370A370BDE8D08F77
:10BA5000022BCCD16278531CDBB22244082B6370DA
:10BA6000D070C4D92046FFF7A4FF0028BFD0E079EA
:10BA700005F046FF3EA3D3E9002305F0ABFF0646E1
:10BA8000A0790F4605F03CFF02460B46304639468A
:10BA900005F0EAFD52465B4606F0C6F842464B46C4
:10BAA00006460F4606F01CFA0022374B002847D006
:10BAB0003046394605F0D8FD06F026FA05F020FF9D
:10BAC00006F022FA00B20328A08109DC082004F065
:10BAD00077FD0146012004F07EFDA3891844A08172
:10BAE000B4F90C0005F00CFF23A3D3E9002305F003
:10BAF000BBFD23A3D3E9002306F096F842464B464C
:10BB000006460F4606F0ECF900221F4BE8B130461E
:10BB1000394605F0A9FD06F0F7F905F0F1FE0646F5
:10BB20000F460020072104F056FD05F0E9FE3B46D4
:10BB3000324605F099FD06F0E7F90023E0817EE743
:10BB40003046394605F08EFDB6E73046394605F0F9
:10BB500089FDE0E70133DBB2052BA3707FF647AF29
:10BB600071E700BFAFF300809A9999999999B93F0D
:10BB70007B14AE47E17A843FAD69DE718A4E18408E
:10BB800021B0726891EDE83F0000E03F0A4A10B52D
:10BB9000114631F8024B0988048041809188D2888F
:10BBA0008180C2804FF0FF328260012282810322B5
:10BBB00082730022026110BD998C0B086FEA112379
:10BBC000D8B2082310F0800F03F1FF334FEA400092
:10BBD00018BF80F0310013F0FF03C0B2F2D1082388
:10BBE0004840C0B210F0800F03F1FF334FEA40002D
:10BBF00018BF80F0310013F0FF03C0B2F2D17047DC
:10BC0000F0B50D468FB0994904462846174606F010
:10BC100021FB97490646284606F014FA01463046AD
:10BC200006F0CCFB05F080FB06469249384606F04C
:10BC3000C5FB914906F00EFB314606F00BFB8F4920
:10BC40000646284606F0FEF90146304606F0B6FBE9
:10BC50008B4906F0FFFA8B4906F0FCFA06F0E6FC89
:10BC6000B0F57A3F1DD9884902A802F0C1FA874988
:10BC700006A802F0BDFA86490AA802F0B9FA0AAB92
:10BC800006AA02A95320FCF759FC0AA802F066FA9A
:10BC900006A802F063FA02A802F060FA04200FB0CE
:10BCA000F0BD7C4BA0FB0301030E43EA01231A12F3
:10BCB00099B220468DF804208DF80530FFF77EFFFD
:10BCC0008DF8060005F07CFA582104F06FFC05F0B1
:10BCD00077FA02220368A118DB68984705F070FA2A
:10BCE00003680322DB6801A9984705F069FA04F0AC
:10BCF00064FCE0B1644902A802F07AFA634906A83C
:10BD000002F076FA62490AA802F072FA0AAB06AAB1
:10BD100002A95320FCF712FC0AA802F01FFA06A899
:10BD200002F01CFA02A802F019FA0120B7E70C2071
:10BD300003F0FAFD05F044FA582104F037FC05F051
:10BD40003FFA03680222DB68A11D984705F038FA24
:10BD500004F033FC48B1504902A802F049FA4B49BB
:10BD600006A802F045FA4D49CDE70C2003F0DCFDB2
:10BD700005F026FA0622582104F011FCC0B206286C
:10BD80001CD0454902A802F033FA404906A802F047
:10BD90002FFA42490AA802F02BFA0AAB06AA02A916
:10BDA0005320FCF7CBFB0AA802F0D8F906A802F052
:10BDB000D5F902A802F0D2F9022070E705F000FAE6
:10BDC00003685B699847054605F0FAF903685B6903
:10BDD000984740EA052005B205F0F2F903685B696F
:10BDE0009847A9B202462046FFF7E8FED2B2904239
:10BDF0001CD0294902A802F0FBF9244906A802F048
:10BE0000F7F926490AA802F0F3F90AAB06AA02A933
:10BE10005320FCF793FB0AA802F0A0F906A802F051
:10BE20009DF902A802F09AF9032038E7658105F030
:10BE3000C7F903685B699847054605F0C1F90368CF
:10BE40005B69984740EA052005B205F0B9F9036837
:10BE50005B699847A9B202462046FFF7AFFED2B20F
:10BE60009042C6D10720258119E700BFC3F58C4158
:10BE7000B81E73430000C8428195C3403393884382
:10BE800033B3584300007A440A8C0B08108C0B081B
:10BE90001E8C0B0800894100418C0B08478C0B0855
:10BEA00070B5064605F08CF9582104F07FFB05F0CB
:10BEB00087F9036802223146DB68984705F080F96C
:10BEC00004F07BFB68BBFA2003F02EFD05F078F947
:10BED0000322582104F063FBC4B2032C23D105F0E4
:10BEE0006FF903685B699847054605F069F90368CF
:10BEF0005B69984740EA052505F062F90368ADB231
:10BF00005B699847294602463046FFF757FED2B292
:10BF1000824204D1B5F5544F0CBF072400242046BB
:10BF200070BD0124FBE70224F9E7000030B58DB0B5
:10BF30000546FFF7B5FF072804461ED01A49684694
:10BF400002F056F9194904A802F052F9184908A854
:10BF500002F04EF9694608AB04AA5320FCF7EEFA4A
:10BF600008A802F0FBF804A802F0F8F8684602F00E
:10BF7000F5F8002420460DB030BD05F021F9582118
:10BF800004F014FB05F01CF903680222DB68291D8C
:10BF9000984705F015F904F010FB18B90C2003F0D0
:10BFA000C3FCE7E70124E5E7608C0B08108C0B0865
:10BFB000668C0B08F0B5037B04460E4617468DB021
:10BFC000002B3AD0837B002B37D0FFF7AFFF072839
:10BFD00012D14FF48073A38101F0DCFB3A46314665
:10BFE0002046FFF70DFE07281CBF4FF0FF33A3606C
:10BFF00001F0D0FB206123E0A57B013DEDB2A573EC
:10C00000DDB91049684602F0F3F80F4904A802F0C0
:10C01000EFF80E4908A802F0EBF8694608AB04AA4D
:10C020005320FCF78BFA08A802F098F804A802F055
:10C0300095F8684602F092F82573637B002BCBD10C
:10C040000DB0F0BD808C0B08108C0B08868C0B0893
:10C0500038B50446F9F776FD234643F8040B184635
:10C0600000F0B4FD04F11400FFF790FD04F1280086
:10C07000FFF79AFC04F1380000F09EFE0023002533
:10C0800084F87631C4F8843184F8103104F1480220
:10C0900004F5897104F5887042F8045B824221F846
:10C0A000023BF9D1204638BD38B5074C236843B967
:10C0B0004FF4C670F3F7F1FF054608B1FFF7C8FF6C
:10C0C0002560206838BD00BF7C0B0020002370B5C0
:10C0D00086B004938B6804460E4602AD33B102224B
:10C0E00028469847F3680593B36804936A4695E831
:10C0F000030004F5BE7382E8030093E8030085E8BB
:10C10000030092E8030083E80300049AD4F8843122
:10C11000D4F88811C4F88421059A04930591C4F8D1
:10C1200088211BB1032229462846984706B070BDD6
:10C1300070B5044694F8103108460133DBB2322B57
:10C1400008BF002384F8103194F8106106F02EF82F
:10C15000B50096B9D4F80C1105F074FF4FF07C517E
:10C1600006F078F8A0642C444FF07E55A06C294668
:10C1700006F00EFA00B1A56470BD6619716C05F089
:10C1800061FF4FF07C5106F065F8B064EBE700000A
:10C1900040F2162208B5A1F5AF73084699B2914254
:10C1A0000DD8184605F0ACFB3BA3D3E9002305F0FE
:10C1B0003BFD05F03DF805F0CFFEC0B208BD40F2F2
:10C1C0003553984210DC05F09BFB35A3D3E90023DF
:10C1D00005F048FA34A3D3E9002305F025FD002239
:10C1E000474B05F041FAE4E740F2E56398420DDC85
:10C1F00005F086FB2EA3D3E9002305F033FA0022D5
:10C20000404B05F011FD00223F4BEAE740F6F713E3
:10C2100098420FDC05F074FB27A3D3E9002305F057
:10C2200021FA27A3D3E9002305F0FEFC26A3D3E9D6
:10C230000023D6E740F60B7398420FDC05F060FB55
:10C2400023A3D3E9002305F00DFA23A3D3E90023A8
:10C2500005F0EAFC22A3D3E90023C2E741F28733C9
:10C2600098420FDC05F04CFB1FA3D3E9002305F037
:10C27000F9F91FA3D3E9002305F0D6FC1EA3D3E9E7
:10C280000023AEE741F28831884214BFF420002039
:10C2900094E700BFAFF300800AD7A3703D0A2540A2
:10C2A000A4703D0AD7A78B40F6285C8FC2F52140C9
:10C2B0000000000000D69440D7A3703D0A979B4031
:10C2C00085EB51B81E852F400000000000E0624061
:10C2D0005C8FC2F528EEA340295C8FC2F5282A4066
:10C2E0000000000000206940D7A3703D8A17AE40CF
:10C2F00014AE47E17A1417400000000000D07240ED
:10C3000000804940000021400040594000000000EA
:10C3100008B58BB2492B08460CD805F0F1FA32A3C8
:10C32000D3E9002305F080FC04F082FF05F014FE41
:10C33000C0B208BDF6290DDCA1F14A0005F0E0FA13
:10C340002BA3D3E9002305F06FFC0022384B05F046
:10C350008BF9E9E7B1F5397F0BDAA1F1F70005F0C8
:10C36000CFFA25A3D3E9002305F05EFC0022314B70
:10C37000EDE740F2CD4399420CDCA1F5397005F0B0
:10C38000BFFA1FA3D3E9002305F04EFC1EA3D3E997
:10C390000023DCE740F69B1399420CDCA1F2CE406F
:10C3A00005F0AEFA1AA3D3E9002305F03DFC1AA369
:10C3B000D3E90023CBE741F2873399420CDCA1F6A5
:10C3C0009C1005F09DFA16A3D3E9002305F02CFC80
:10C3D00015A3D3E90023BAE741F28831884214BF9C
:10C3E000F4200020A5E700BF333333333333F73F66
:10C3F00085EB51B81E850B40AE47E17A14AE234061
:10C400009A999999999923400000000000E06240B0
:10C410009A99999999992840000000000020694054
:10C4200066666666666629400000000000D07240BD
:10C43000008049400040594008B58BB20C2B08469B
:10C440000CD805F05DFA32A3D3E9002305F0ECFB2C
:10C4500004F0EEFE05F080FDC0B208BD232910DC1B
:10C4600005F04EFA2CA3D3E9002305F0FBF82CA32A
:10C47000D3E9002305F0D8FB00223D4B05F0F4F88A
:10C48000E6E737290EDC05F03BFA27A3D3E90023C2
:10C4900005F0E8F826A3D3E9002305F0C5FB002248
:10C4A000344BEBE796290FDC05F02AFA22A3D3E9F7
:10C4B000002305F0D7F822A3D3E9002305F0B4FB4D
:10C4C00021A3D3E90023D9E7FA290ADC05F018FAF9
:10C4D0001FA3D3E9002305F0C5F81FA3D3E9002368
:10C4E000CCE7B1F5FA7F0EDC05F00AFA1CA3D3E91C
:10C4F000002305F0B7F800221F4B05F095FB1AA3A7
:10C50000D3E90023BAE7F420A7E700BFAFF3008028
:10C51000B81E85EB51B8CE3F333333333333284025
:10C5200014AE47E17A14DE3F0000000000C0414035
:10C530009A9999999999D93F0000000000C04B4001
:10C54000666666666666FE3F0000000000E06240C8
:10C550000000000000D062400000000000206940A0
:10C560000000000000506F400000000000D072404A
:10C5700000804940004059400000F43F00000000A6
:10C5800008B58BB2362B08460BD805F0B9F924A3B1
:10C59000D3E9002305F048FB04F04AFE05F0DCFC7B
:10C5A00007E09A2907DCA1F1370000EBD0704010BA
:10C5B0003330C0B208BDFE2904DCA1F19B0040105D
:10C5C0006530F6E7B1F5B17F04DCA1F1FF00401062
:10C5D0009730EEE7B1F5D47F0FDC6FF4B172104401
:10C5E00005F08EF910A3D3E9002305F01DFB10A37D
:10C5F000D3E9002305F038F8CEE7B1F5177F0DDC5D
:10C600006FF4D473184405F07BF90BA3D3E900232E
:10C6100005F00AFB0AA3D3E90023EBE7F420C9E7FE
:10C6200048E17A14AE47F13F666666666666E63FA5
:10C630000000000000206940CDCCCCCCCCCCEC3F3D
:10C640000000000000D0724070B508460E4605F0AC
:10C6500069F904460D463046002105F0ADFF88B16A
:10C660003046534905F094FF60B141A3D3E900235C
:10C670002046294605F0D8FA04F0DAFD05F06CFCF6
:10C68000C0B270BD30464B4905F082FF78B1002240
:10C69000494B2046294604F0E5FF37A3D3E90023A0
:10C6A00005F0C2FA0022454B04F0DEFFE4E7304615
:10C6B000434905F06DFF68B10022424B20462946F0
:10C6C00004F0D0FF2EA3D3E9002305F0ADFA002239
:10C6D0003D4BE9E730463D4905F05AFF70B1002275
:10C6E0003B4B2046294604F0BDFF25A3D3E9002398
:10C6F00005F09AFA24A3D3E90023D5E7304635495B
:10C7000005F046FF70B10022334B2046294604F065
:10C71000A9FF1FA3D3E9002305F086FA1EA3D3E9DE
:10C720000023C1E720461EA3D3E90023294605F0D4
:10C73000CDFB70B10022294B2046294604F092FF20
:10C740000DA3D3E9002305F06FFA17A3D3E9002363
:10C75000AAE7204612A3D3E90023294605F0CAFB25
:10C76000002814BFF42000208BE700BFAFF3008047
:10C770000AD7A3703D0AB73F9A9999999999B93FF9
:10C78000B81E85EB51B8AE3F0000000000E06240EB
:10C79000333333333333C33F00000000002069409C
:10C7A00033333333333349400000000000D072404C
:10C7B00000009040000018410000124000804940F5
:10C7C00000004841000023400040594000007841EB
:10C7D000000029400000F44100002F4000803E404E
:10C7E00038B590F810310446123350F823501049F0
:10C7F000284605F0CDFE28B10C2104F5BE70F9F7EE
:10C80000A4FD38BD28460B4905F0C2FE08B10D2134
:10C81000F3E72846084905F0BBFE08B10E21ECE716
:10C820002846064905F0B4FE0028EAD00F21E4E7C7
:10C830000000A040000020410000A041000048424C
:10C840002DE9F04F044641F2893841F28837ADF5C1
:10C85000637D043000F040FA6268A16804F11400BE
:10C86000FFF7A8FB04F12800FFF7B6F804F1380041
:10C8700000F0C6FAB4F91E1020464B1C9BB243458B
:10C8800088BF3946FFF784FC0A26B0FBF6F0B4F9FE
:10C890001C108DF828014B1C9BB2434588BF3946BC
:10C8A0002046FFF735FDB0FBF6F0B4F934108DF8F3
:10C8B00029012046FFF7C0FDB0FBF6F0B4F93610B1
:10C8C0008DF82A012046FFF75BFEB0FBF6F68DF8E7
:10C8D0002B61A66BB84930464AAD05F077FE00B132
:10C8E000B54E31462046FFF7AFFE0A23B0FBF3F00A
:10C8F00005212B462A462871013902F1010205D093
:10C900001E781078864238BF1346F5E776225B1B07
:10C9100013F0FF0384F8442040F03D81332284F873
:10C920004520E95C2046FFF703FC2046FFF758FF4F
:10C9300000F030FFD4F87831C01A42F210739842F8
:10C9400040F2258141F2893841F28837B4F91E500E
:10C9500094F876316A1C92B2424588BF3D4604EB9A
:10C960004302A2F81251013384F87631A06804F032
:10C97000D9FFCDE94201606804F0D4FFB4F91C602E
:10C98000CDE94401731C9BB2434588BF3E46B4F9D0
:10C990003430B4F93690479394F8103194F844A0A9
:10C9A000123354F8230004F0BDFFD4F83880CDE9E9
:10C9B00048014046804994F845B005F007FE08B1AB
:10C9C000DFF8F481B4F9742158AF4092B4F97221C0
:10C9D0003F92B4F970213E92B4F96E213D92B4F9C0
:10C9E0006C213C92B4F96A213B92B4F968213A92E5
:10C9F000B4F966213992B4F964213892B4F962210C
:10CA00003792B4F960213692B4F95E213592B4F9C7
:10CA10005C213492B4F95A213392B4F958213292FC
:10CA2000B4F956213192B4F954213092B4F952211B
:10CA30002F92B4F950212E92B4F94E212D92B4F9CF
:10CA40004C212C92B4F94A212B92B4F948212A9214
:10CA5000B4F946212992B4F944212892B4F942212B
:10CA60002792B4F940212692B4F93E212592B4F9D7
:10CA70003C212492B4F93A212392B4F9382122922C
:10CA8000B4F936212192B4F934212092B4F932213B
:10CA90001F92B4F930211E92B4F92E211D92B4F9DF
:10CAA0002C211C92B4F92A211B92B4F928211A9244
:10CAB000B4F926211992B4F924211892B4F922214B
:10CAC0001792B4F920211692B4F91E211592B4F9E7
:10CAD0001C211492B4F91A211392B4F9182112925C
:10CAE000B4F916211192B4F914211092B4F912215B
:10CAF0000F922268D2E9020105F02EFA80B20E9060
:10CB0000404604F00FFFDDE94823CDE90A23479BA7
:10CB1000CDE90C01CDE90563DDE9442340F226218E
:10CB2000CDE90223DDE942233846CDE90023CDE9F2
:10CB300008AB224ACDF81C90049501F009FA94F84C
:10CB400076311F49322B08BF00234CA808BF84F858
:10CB5000763101F04DFB1A4950A801F049FB184904
:10CB600054A801F045FB54AB50AA4CA94E200097A5
:10CB7000FBF77AFC54A801F0F1FA50A801F0EEFAA4
:10CB80004CA801F0EBFA00F005FEC4F878010DF5B1
:10CB9000637DBDE8F08F012B01D13422BFE6022B6B
:10CBA00001D13522BBE6032B01D13622B7E6042B97
:10CBB0007FF4B7AE3922B2E600004842A18C0B08E0
:10CBC000838A0B080368C9B29B681847044A02604D
:10CBD000426001220281032282720022C2607047F9
:10CBE000000080BF38B5044604F0EAFA402103F0A3
:10CBF000DDFC04F0E5FA0021FFF7E4FF04F0E0FAC1
:10CC000003F0DBFC002840D1192002F08DFE04F077
:10CC1000D7FA0422402103F0C2FCC0B2042836D166
:10CC200004F0CEFA03685B699847054604F0C8FA39
:10CC300003685B69984740EA052080B205F0B2FAC4
:10CC40004FF05E5105F006FB124905F003FB124957
:10CC500005F0F6F9606004F0B3FA03685B69984781
:10CC6000054604F0ADFA03685B69984740EA052081
:10CC700080B205F097FA4FF05E5105F0EBFA0749E4
:10CC800005F0E8FA2060072038BD0120FCE702200B
:10CC9000FAE700BF00002543000020420000C84220
:10CCA00008B504F08DFA402103F080FC04F088FA06
:10CCB0000221FFF787FF04F083FA1021FFF782FFBC
:10CCC00004F07EFA03F079FC20B9192002F02CFE62
:10CCD000072008BD0120FCE710B5037A04468CB09C
:10CCE000002B53D0837A002B50D0FFF7D9FF0728B1
:10CCF0002BD14FF48073238100F04CFD2046FFF7C9
:10CD000071FF072847D0264B6360236000F042FD87
:10CD10002449E060684601F06BFA234904A801F059
:10CD200067FA224908A801F063FA694608AB04AA29
:10CD30005320FBF703FC08A801F010FA04A801F047
:10CD40000DFA684601F00AFA23E0A37A013BDBB250
:10CD5000A372DBB923721649684601F049FA1249F9
:10CD600004A801F045FA134908A801F041FA694600
:10CD700008AB04AA5320FBF7E1FB08A801F0EEF989
:10CD800004A801F0EBF9684601F0E8F9637A002B9A
:10CD9000B2D10CB010BD00F0FDFCE060F9E700BFBF
:10CDA000000080BF068E0B08E18D0B080C8E0B086F
:10CDB000DB8D0B08F18D0B08044A02600122828092
:10CDC0000322827100228260704700BF000080BF92
:10CDD00010B504460A2004F02EF904F091FD06A3D4
:10CDE000D3E9002304F0F6FD05F0D6F82060072013
:10CDF00010BD00BFAFF300800000000000C8E93F95
:10CE000010B503790446E3B18379D3B100210A2038
:10CE100004F0D4F84FF48073A38000F0BBFC41F21F
:10CE20008732A368C01A904200D86BB92046FFF73A
:10CE3000CFFF07281CBF054B236000F0ABFCA060B0
:10CE400002E06379002BE8D110BD00BF000080BF75
:10CE5000012A034602D1016000207047022A04BF64
:10CE6000D1E90001C3E90001F6E7012310B503741D
:10CE70008368044643B1C068984701230020637467
:10CE8000BDE8104000F06EBD00680028F5D0836852
:10CE90000BB904F0C8F9C368EEE7034610B4426862
:10CEA0001B68541001EB6200D20748BF0A5910BC3E
:10CEB00048BFD35818470000F7B50546002000F0DA
:10CEC0000FFF012805D023492348FBF7D5F803B00D
:10CED000F0BD85F8290005F1080000F003FD0420ED
:10CEE000F3F7DBF8044698B314201C4904F097F9D3
:10CEF00030B10023C0E90033C0E902330374437446
:10CF00002060A0B1164B0222C0E902354FF4006345
:10CF10001449CDE90003144B043000F0ABFC30B9E8
:10CF200023681B7CA3B9012000F024FCF8E7002350
:10CF30002668236066B1376837B13846F7F7A0FE38
:10CF40001021384604F069F91421304604F065F9DF
:10CF50006C60BCE7278E0B08800B00206E920B08DC
:10CF6000E7CF0A084A8E0B086BCE0A0847F2305109
:10CF7000084AC160026000220749C0E90822C0E9EE
:10CF8000041206494260C16105490285816180F849
:10CF90002A207047DC8E0B084DD00A089BCE0A0869
:10CFA00051CE0A0810B50446034B40F8103BF7F782
:10CFB00067FE204610BD00BFDC8E0B08806800F0C5
:10CFC00099BC806800F09EBC044608B500F11005CD
:10CFD000A3690BB904F027F921462846E36998476D
:10CFE00000F050FCF4E708B5FFF7EEFF10B5D1E90B
:10CFF0000023002186B0044604910AB9D90705D55B
:10D00000CDE902230F4B05930F4B04936A4602AB05
:10D0100093E8030082E8030094E8030083E8030038
:10D0200092E80300049A84E80300A168A260059ACC
:10D030000491E1681846E2600591F7F721FE204669
:10D0400006B010BD9BCE0A0851CE0A0807B5054BA5
:10D0500069460093002310300193FFF7C7FF03B028
:10D060005DF804FB95D00A0813B5044600F092FB66
:10D07000636AC01AE368984208D3054B6946009377
:10D08000002304F110000193FFF7B0FF02B010BDC0
:10D0900095D00A082DE9F04190F82A30044686B070
:10D0A000002B40D100F004FF00283CD000F072FBC0
:10D0B000636AC01A40F2F133984234D9236820469B
:10D0C0005B699847054670B3012300F1080784F8AF
:10D0D0002830384606F090FE95F80480461CCDF8BE
:10D0E00004802B683E443A4626492748009333463D
:10D0F000FAF7ABFF2B68324639468DF8008002A85C
:10D1000002F054FE029D6B7883B9012002F00CFC02
:10D1100094F82830002BF5D11C491B48FAF795FFED
:10D1200003A8FCF7E9F806B0BDE8F081002000F0A4
:10D13000C7FD20B16B7813B900F0AAFEFAE72B788F
:10D14000012B0FD112491048FAF77FFF2368002105
:10D1500020469B699847002384F8283000F01AFB8A
:10D160006062DDE7E2680B490748FAF76EFF0A4B99
:10D1700004A90493002304F110000593FFF736FF80
:10D18000E9E700BF5C8E0B08800B00207D8E0B084A
:10D190008E8E0B08A58E0B0869D00A08014B024A37
:10D1A0001A607047800B0020CA8E0B0870477047CA
:10D1B00007B503688DF804100122DB6801A99847C0
:10D1C00003B05DF804FB10B50446CC2104F025F84B
:10D1D000204610BD10B50446182104F01EF8204664
:10D1E00010BD30B504468DB0B0F9141001AA006925
:10D1F000F3F7A4FCB4F914102069029DF3F738FD8D
:10D20000281A0DB030BD07B50123B0F9141001AADA
:10D210000069F3F75BFA9DF8040003B05DF804FBC6
:10D2200008B513460A46B0F914100069F3F74EFA30
:10D2300020EAE07008BD13B50446B0F9141001AA45
:10D2400001230069F3F742FA01234FF0FF32B4F9EA
:10D2500014102069F3F792FB9DF8040002B010BD92
:10D26000B0F914100069F3F7A5BC08B513460A46D7
:10D27000B0F914100069F3F7ADFA20EAE07008BDC8
:10D28000114A10B5C0E900210422104CC0E92A223D
:10D2900084600F4C0022C4600E4CC0E92C22046153
:10D2A0008C684968C0E92E2241624FF48011C0F8B1
:10D2B000C020C0E9051280F8C420C0F8C820C461AD
:10D2C0000462C0F8A00010BDD08F0B0829D40A0852
:10D2D0008DD40A08E1D40A0830B5D0F8B03004463D
:10D2E0000D4685B09BB3D4F8B4304BB9D4F8A80040
:10D2F0004001C4F8B80000F003FEC4F8B40070B3F5
:10D30000D4F8BC306BB9606A00F12003D4F8AC00EB
:10D3100058432830C4F8C00000F0F2FDC4F8BC0047
:10D32000E8B1104BC4F8C8500393D4F8C03004F1EE
:10D3300008010293D4F8BC3004F128000193D4F81A
:10D34000B8300093D4E92C23F3F746F808E0406A9C
:10D35000400000F0D5FDC4F8B0000028C3D1024859
:10D3600005B030BD11D50A08B4D8FFFF38B500218B
:10D370000546FFF7B1FF044602460F490F48FAF78A
:10D3800064FE0F4B9C4214D105F12800F2F7F2FF26
:10D39000044602460B490948FAF757FE4CB92146A4
:10D3A0002846FFF799FF0849044602460348FAF762
:10D3B0004CFE204638BD00BFB4880B08880B002007
:10D3C000D7D8FFFF088F0B08FC8E0B082DE9F3411F
:10D3D0001D4607464068144603680E46D3F814807D
:10D3E00013462A46C04797F8C4305BB1022C0DD1D2
:10D3F0006B78324601932B780849009308482346FE
:10D40000FAF70CFE002002B0BDE8F0812346324658
:10D4100004490348FAF702FEF4E700BF178F0B0830
:10D42000880B00203E8F0B08806FFFF7CFBF0000F6
:10D430002DE9F3411D4607464068144603680E4631
:10D44000D3F8188013462A46C04797F8C4305BB11A
:10D45000022C0DD16B78324601932B78084900934A
:10D4600008482346FAF7DAFD002002B0BDE8F08153
:10D470002346324604490348FAF7D0FDF4E700BFDB
:10D48000578F0B08880B00207F8F0B08806FFFF7EA
:10D49000CFBF00002DE9F84306460C461546436809
:10D4A000DFF834809F68DFF83490BD4210D396F8DF
:10D4B000C4302BB13B46224641464846FAF7AEFD02
:10D4C0007068214603683C44DB699847ED1BECE734
:10D4D0000020BDE8F88300BF998F0B08880B00205F
:10D4E000806FFFF7D7BF000037B5D0F8C840069D62
:10D4F00014B100952830A04700F04CF9034B186098
:10D5000003B0BDE8304000F0C3BC00BF20110020D4
:10D51000806FFFF7E9BF00000FB41FB50A4B002270
:10D520001E20196800F07AFB40B107AB039300930B
:10D5300000221E20069B054900F068FB05B05DF83F
:10D5400004EB04B0704700BF880B0020BA8F0B08B3
:10D550000FB41FB50A4B00220120196800F05EFBD2
:10D5600040B107AB0393009300220120069B0549BD
:10D5700000F04CFB05B05DF804EB04B0704700BF51
:10D58000880B0020BA8F0B08014B186800F0B2B965
:10D59000840B0020014B186800F0B4B9840B002004
:10D5A00000224FF47A71C0E9012102490261016051
:10D5B00082827047E08F0B084FF0000C10B54FF4DB
:10D5C0007A74C0E901C4024C01610460828210BD1A
:10D5D000E08F0B080A690261B1F91420828270475A
:10D5E00000B58DB0B0F9141001AA0069F3F7A6FADE
:10D5F00000B902980DB05DF804FB000007B5064BBA
:10D60000064A01A81A6000F06DF9019A044B1A60ED
:10D6100003B05DF804FB00BF880B0020BA8F0B0835
:10D62000840B002070470120704710B504460C2180
:10D6300003F0F3FD204610BD03F085BB03F056BC9C
:10D6400010461A4603F031BC10461A4603F0C0BB20
:10D65000084603F095BB03F0ADBB00004FF48071AA
:10D660004FF48052C0E90112014A0260704700BFC6
:10D670000C900B0808B5024B1B685B68019308BD52
:10D68000B001060808B5024B1B689B68019308BDF2
:10D69000B001060808B5024B1B68DB68019308BDA2
:10D6A000B001060808B5024B1B681B69019308BD51
:10D6B000B001060808B5024B1B685B69019308BD01
:10D6C000B001060808B5024B1B689B69019308BDB1
:10D6D000B001060808B5024B1B68DB69019308BD61
:10D6E000B001060808B5024B1B689B6A019308BD90
:10D6F000B001060808B5024B1B681B6B019308BDFF
:10D70000B001060808B5024B1B685B6E019308BDAB
:10D71000B001060808B5024B1B689B6E019308BD5B
:10D72000B001060808B5024B1B681B6F019308BDCA
:10D73000B001060808B5024B1B685B6F019308BD7A
:10D74000B001060808B5024B1B689B6F019308BD2A
:10D75000B001060808B5024B1B68DB6F019308BDDA
:10D76000B001060808B5024B1B685B68019308BD51
:10D770009C01060808B5024B1B689B68019308BD15
:10D780009C01060808B5024B1B68DB68019308BDC5
:10D790009C01060808B5024B1B685B69019308BD34
:10D7A0009C01060808B5024B1B689B6A019308BDE3
:10D7B0009C01060808B5024B1B68DB6A019308BD93
:10D7C0009C01060808B5024B1B681B6B019308BD42
:10D7D0009C01060808B5024B1B685B6C019308BDF1
:10D7E0009C01060808B5024B1B689B6C019308BDA1
:10D7F0009C01060808B5024B1B68DB6C019308BD51
:10D800009C01060808B5024B1B689B6D019308BD7F
:10D810009C01060808B5024B1B68DB6D019308BD2F
:10D820009C01060808B5024B1B685B6E019308BD9E
:10D830009C01060808B5024B1B689B6E019308BD4E
:10D840009C01060808B5024B1B689B6D019308BD3F
:10D85000B801060808B5024B1B685B6E019308BD52
:10D86000B801060808B5024B1B68DB6E019308BDC2
:10D87000B801060808B5024B1B685B68019308BD38
:10D88000D001060808B5024B1B68DB68019308BD90
:10D89000D001060808B5024B1B68DB69019308BD7F
:10D8A000D001060808B5024B1B681B6A019308BD2E
:10D8B000D001060808B5024B1B685B6A019308BDDE
:10D8C000D001060808B5024B1B689B6A019308BD8E
:10D8D000D001060808B5024B1B68DB6A019308BD3E
:10D8E000D001060808B5024B1B681B6B019308BDED
:10D8F000D001060808B5024B1B689B6B019308BD5D
:10D90000D001060808B5024B1B681B6C019308BDCB
:10D91000D001060808B5024B1B685B6C019308BD7B
:10D92000D001060808B5024B1B689B6C019308BD2B
:10D93000D001060808B5024B1B68DB6C019308BDDB
:10D94000D001060808B5024B1B685B6D019308BD4A
:10D95000D001060808B5024B1B689B6D019308BDFA
:10D96000D001060808B5024B1B68DB6E019308BDA9
:10D97000D001060808B5024B1B681B6F019308BD58
:10D98000D001060808B5024B1B689B69019308BDCE
:10D99000C401060808B5024B1B681B6A019308BD49
:10D9A000C401060808B5024B1B685B6A019308BDF9
:10D9B000C401060808B5024B1B689B6A019308BDA9
:10D9C000C401060808B5024B1B68DB6A019308BD59
:10D9D000C401060808B5024B1B681B6B019308BD08
:10D9E000C401060808B5024B1B685B6B019308BDB8
:10D9F000C401060808B5024B1B689B6B019308BD68
:10DA0000C401060808B5024B1B681B6C019308BDD6
:10DA1000C401060808B5024B1B68DB6C019308BD06
:10DA2000C401060808B5024B1B68DB6C019308BDF6
:10DA3000AC01060808B5024B1B689B6D019308BD3D
:10DA4000AC01060808B5024B1B68DB6D019308BDED
:10DA5000AC01060808B5024B1B681B6E019308BD9C
:10DA6000AC01060808B5024B1B685B6E019308BD4C
:10DA7000AC01060808B5024B1B689B6E019308BDFC
:10DA8000AC01060808B5024B1B68DB6E019308BDAC
:10DA9000AC01060808B5024B1B681B6F019308BD5B
:10DAA000AC01060808B5024B1B685B6F019308BD0B
:10DAB000AC01060808B5034B1B68D3F8803001930E
:10DAC00008BD0000AC01060808B5034B1B68D3F87D
:10DAD0009030019308BD0000AC01060808B5024B68
:10DAE0001B68DB69019308BDB401060808B5024B49
:10DAF0001B681B6A019308BDB401060808B5024BF8
:10DB00001B681B68019308BDD801060808B5024BC5
:10DB10001B685B68019308BDD801060808B5024B75
:10DB20001B689B68019308BDD801060808B5024B25
:10DB30001B681B69019308BDD801060808B5024B94
:10DB40001B685B69019308BDD801060808B5024B44
:10DB50001B689B69019308BDD801060808B5024BF4
:10DB60001B68DB69019308BDD801060808B5024BA4
:10DB70001B681B6A019308BDD801060808B5024B53
:10DB80001B689B6C019308BDC001060808B5024BD9
:10DB90001B681B6E019308BDC001060808B5024B47
:10DBA0001B685B68019308BDA801020808B5024B19
:10DBB0001B689B68019308BDA801020808B5024BC9
:10DBC0001B68DB68019308BDA801020808B5024B79
:10DBD0001B689B69019308BDA801020808B5024BA8
:10DBE0001B68DB69019308BDA801020808B5024B58
:10DBF0001B685B6B019308BDA801020808B5024BC6
:10DC00001B685B6D019308BDA801020808B5024BB3
:10DC10001B681B6E019308BDA801020808B5024BE2
:10DC20001B689B6E019308BDA801020808B5024B52
:10DC30001B68DB6E019308BDA801020808B5024B02
:10DC40001B681B6F019308BDA801020808B5034BB0
:10DC50001B68D3F88030019308BD0000A8010208BA
:10DC600008B5024B1B681B68019308BDA401060898
:10DC700008B5024B1B685B68019308BDA401060848
:10DC800008B5024B1B685B69019308BDA401060837
:10DC900008B5024B1B681B6A019308BDA401060866
:10DCA00008B5024B1B68DB6A019308BDA401060896
:10DCB00008B5024B1B689B6B019308BDA4010608C5
:10DCC00008B5024B1B68DB6C019308BDA401060874
:10DCD00008B5024B1B685B6D019308BDA4010608E3
:10DCE00008B5024B1B689B6D019308BDA401060893
:10DCF00008B5024B1B68DB6D019308BDA401060843
:10DD000008B5024B1B689B6F019308BDA401060870
:10DD100008B5024B1B68DB6F019308BDA401060820
:10DD200008B5034B1B68D3F88430019308BD00008D
:10DD3000A401060808B5034B1B68D3F89030019383
:10DD400008BD0000A401060808B5034B1B68D3F802
:10DD50009C30019308BD0000A401060808B5034BE0
:10DD60001B68D3F8B430019308BD0000A401060875
:10DD700008B5024B1B681B68019308BDC801060863
:10DD800008B5024B1B685B68019308BDC801060813
:10DD900008B5024B1B689B68019308BDC8010608C3
:10DDA00008B5024B1B68DB68019308BDC801060873
:10DDB00008B5024B1B681B69019308BDC801060822
:10DDC00008B5024B1B685B69019308BDC8010608D2
:10DDD00008B5024B1B689B69019308BDC801060882
:10DDE00008B5024B1B68DB69019308BDC801060832
:10DDF00008B5024B1B681B6A019308BDC8010608E1
:10DE000008B5024B1B685B6A019308BDC801060890
:10DE100008B5024B1B689B6A019308BDC801060840
:10DE200008B5024B1B68DB6A019308BDC8010608F0
:10DE300008B5024B1B681B6B019308BDC80106089F
:10DE400008B5024B1B685B6B019308BDC80106084F
:10DE500008B5024B1B681B6C019308BDC80106087E
:10DE600008B5024B1B685B6C019308BDC80106082E
:10DE700008B5024B1B681B68019308BDCC0106085E
:10DE800008B5024B1B685B68019308BDCC0106080E
:10DE900008B5024B1B689B68019308BDCC010608BE
:10DEA00008B5024B1B68DB68019308BDCC0106086E
:10DEB00008B5024B1B685B69019308BDCC010608DD
:10DEC00008B5024B1B681B6A019308BDCC0106080C
:10DED00008B5024B1B681B6B019308BDCC010608FB
:10DEE00008B5024B1B68DB6B019308BDCC0106082B
:10DEF00008B5024B1B685B6C019308BDCC0106089A
:10DF000008B5024B1B681B68019308BDA0010608F9
:10DF100008B5024B1B685B68019308BDA0010608A9
:10DF200008B5024B1B689B68019308BDA001060859
:10DF300008B5024B1B681B69019308BDA0010608C8
:10DF400008B5024B1B689B69019308BDA001060838
:10DF500008B5024B1B68DB69019308BDA0010608E8
:10DF600008B5024B1B681B6A019308BDA001060897
:10DF700008B5024B1B685B6A019308BDA001060847
:10DF800008B5024B1B68DB6A019308BDA0010608B7
:10DF900008B5024B1B681B6B019308BDA001060866
:10DFA00008B5024B1B68DB6B019308BDA001060896
:10DFB00008B5024B1B685B6C019308BDA001060805
:10DFC00002460B6808469B681146184770B50E4C10
:10DFD000002504601C24C0E901459DF814409DF80B
:10DFE000106004F0030444EA8604E4B2047442744A
:10DFF00085744161427CC5600F2A0ABF034B0383CD
:10E00000C0E9063070BD00BF04830B08C1DF0A08F9
:10E010000F2B08BF012300EBC1018B72BDF800304C
:10E020004A600B81704770B5002604460D4640F8E3
:10E03000086FFFF76FFC28462570FFF74FFD20465D
:10E04000666070BD07B50B460021024600910120B5
:10E050008C21FFF783FE03B05DF804FB014600202E
:10E06000FFF7F0BF0020FFF7F9BF07B50022034616
:10E07000114600920320FFF771FE03B05DF804FB28
:10E080000222002010B5084B084C1A60084B206093
:10E09000A080A071A360FFF7EBFD2046BDE8104013
:10E0A000044A054903F0B4B8980B00208C0B0020FB
:10E0B0000000FFFF50020020054C0A0810B504467E
:10E0C00005F09AFE431E20462344834206D9027877
:10E0D000197800F8011B03F80129F6E710BD70B5A7
:10E0E0000C46911E222922D8254668B1B0FBF2F6D3
:10E0F00002FB1600C1B2092894BF30315731C9B2B2
:10E10000304605F8011BF0E72A46302123449342AC
:10E1100002D902F8011BFAE75A1BAB4238BF0022B2
:10E1200000232046AB54FFF7C9FF204670BD0020F6
:10E13000FCE738B5031E0C4615460DDA2D22B3F167
:10E14000004F0CBF1846584201230A702A46194452
:10E15000FFF7C5FF204638BD0123F9E710B5044697
:10E160000068FFF7D5FE204610BD10B504460068D4
:10E1700008B1FFF7CDFE0023C4E90133236010BDD1
:10E1800038B504460D4600680131FFF7C9FE10B1ED
:10E19000C4E90005012038BD10B50368044623B169
:10E1A00043688B4201D3012010BD2046FFF7E8FFF2
:10E1B0000028F9D0A368002BF5D122681370F2E78C
:10E1C00070B50E46114604461546FFF7E5FF20B927
:10E1D0002046FFF7CAFF204670BD2A463146206818
:10E1E000A56004F04BFD00212268A368D154F2E73A
:10E1F00038B5002304460D46C0E90033836003733D
:10E2000039B1084605F0F8FD294602462046FFF7D9
:10E21000D7FF204638BD38B5054600680C4668B1C2
:10E220006A688B689A4207D3096805F05FF8A368AB
:10E23000AB600023A36038BDFFF76AFE23682B6044
:10E2400063686B60A368AB600023C4E90033F1E747
:10E25000002310B50446C0E9003383600373FFF761
:10E26000DAFF204610BD884210B50B46044604D0A4
:10E27000096821B19A68FFF7A3FF204610BDFFF798
:10E2800074FFFAE7002310B50446C0E90033836049
:10E290000373FFF7E8FF204610BD884210B504461F
:10E2A00001D0FFF7B8FF204610BD38B505460C4633
:10E2B00049B1084605F0A0FD214602462846FFF771
:10E2C0007FFF284638BDFFF750FFFAE7002313B55C
:10E2D00004468DF80410C0E900338360037301A97C
:10E2E0008DF80530FFF7E1FF204602B010BD10B5F4
:10E2F000002304468AB0C4E90033A36023730846B0
:10E3000001A9FFF716FF204601A9FFF7CEFF20461F
:10E310000AB010BD70B505460E4609B9002070BDA3
:10E320006AB1846814442146FFF736FF0028F5D00F
:10E330002868AB683146184404F0D8FFAC6001206F
:10E34000EDE78A680968FFF7E5BF10B58A680968D4
:10E350000446FFF7DFFF10B92046FFF706FF20460F
:10E3600010BD38B504460D4621B92046FFF7FDFE25
:10E37000204638BD084605F03FFD294602462046A6
:10E38000FFF7C8FF0028F0D0F2E7024600680B460E
:10E39000096858B141B9916851B1007870479868DF
:10E3A00038B109784842704704F096BF0029F6D189
:10E3B0000846704708B582688B689A4205D1FFF716
:10E3C000E4FFB0FA80F0400908BD0020FCE708B582
:10E3D00082683AB921B10878B0FA80F0400900E0CB
:10E3E000012008BD006809B90078F5E704F074FF62
:10E3F000F2E783688B4203D9006810B1405C704734
:10E4000000207047FFF7F5BF58B50E462AB121B17D
:10E410008468A34202D300230B7058BDE41A013A6A
:10E42000944228BF1446016822461944304605F03C
:10E43000FDFC00233355F0E7F8B51D469A4288BF2E
:10E4400013460F46144688BF2C460B4988BF1D460D
:10E450000646FFF7CDFEBA68A2420AD33968AA423F
:10E4600094BFC4EB0202C4EB050230462144FFF71F
:10E47000A7FE3046F8BD00BF838A0B0838B50446B6
:10E48000A36808468B4211D982B111448B4238BF30
:10E490001A1A2568991A1318A1600A1AE91828444B
:10E4A00004F0FAFB00212268A368D154204638BD4D
:10E4B000006808B104F0D1BA704708B5006820B10F
:10E4C00004F0C8FA03F068FD08BD0020FCE7F8B5C9
:10E4D00006460D4600248F18BD420CD033683046E6
:10E4E0009B6815F8011B9847031E01DB1C44F3E7EA
:10E4F000002C08BF1C462046F8BD70B505460C46EA
:10E50000084649B105F078FC2B68024621462846AA
:10E51000BDE87040DB68184770BD03689B6818470A
:10E5200038B50D210546FFF7F8FF0A2104462846B5
:10E53000FFF7F3FF204438BD0023012A98BF0A22C9
:10E5400030B58BB00C468DF8243009A92546B4FBB4
:10E55000F2F404FB1253DBB2092B94BF3033373390
:10E56000DBB2AA4201F8013DF0D9FFF7C6FF0BB0BC
:10E5700030BD2DE9F04186B000AF05460E46381D8E
:10E58000142114463B60FFF7F3FC13280ED82846ED
:10E59000391DFFF7B2FF04461EB12846FFF7C0FF42
:10E5A000044420461837BD46BDE8F08100F1080359
:10E5B00023F00703E846ADEB030D2246411C3B6800
:10E5C0006846FFF7D5FC69462846FFF796FF0446E4
:10E5D000C546E1E780680368DB681847704708466E
:10E5E00011B10B685B6818477047704770477047F8
:10E5F00038B504460D4600682E2104F063FE2368FA
:10E600000246C01A286020B1137803B10132206895
:10E61000226038BD10B504460C2102F0FEFD2046F4
:10E6200010BD10B50446042102F0F7FD204610BDD0
:10E6300010B50446042102F0F0FD204610BD08B5D7
:10E6400004F04AFEB0FA80F0400908BD10B50C464F
:10E6500001F0F4FD844205D101F0F0FDBDE8104069
:10E6600001F0D2BD01F028FE844202D101F024FE67
:10E67000F4E701F0EBFE844205D101F0E7FEBDE8CE
:10E68000104001F0E0BE2CB123682046BDE81040E8
:10E690005B68184710BD38B5054608460C4605F0BE
:10E6A000ABFB214602462846BDE8384002F05DBA81
:10E6B00070B5044608460D4605F09EFB23680246E9
:10E6C00029462046BDE87040DB68184707B5036857
:10E6D0008DF807100122DB680DF10701984703B0A0
:10E6E0005DF804FB0EB403B503AB53F8042B002113
:10E6F000006A0193FFF73DFF02B05DF804EB03B041
:10E70000704700002DE9F74F4FF01408D0E900954D
:10E7100017464C4608FB05F50093AB10174D5D43BB
:10E72000002D23DD6E1008FB06F004EB000ABAF89A
:10E7300004B03A465F4528BF5A462058019105F07B
:10E7400063FB0123019978B95F4503D1009A1370E7
:10E750003546E5E78CBF012000200028F8D0AE1B2D
:10E760000AF11404013EF3E7C00FF6E7A4EB090435
:10E770000248A410604303B0BDE8F08FCDCCCCCCF0
:10E780007FB50369067E019103B3F9B1002500F15D
:10E790000C04039503A901A8FFF72AFF0146A8B1BD
:10E7A0000DF10B032046039A8DF80B50FFF7AAFFDB
:10E7B0009DF80B3053B11423246803FB0044B4F9D3
:10E7C00006300834002BA8BFDEB2E3E7304604B0C1
:10E7D00070BD000010B50A4C2378BFF35B8FDB07D8
:10E7E0000BD42046F1F76CFC38B12046F1F76DFCF4
:10E7F000044A0549054802F00BFD044810BD00BF5E
:10E80000A00B002050020020EDE50A0800000020C7
:10E8100010B50A4C2378BFF35B8FDB070BD420467F
:10E82000F1F74EFC38B12046F1F74FFC044A054998
:10E83000054802F0EDFC044810BD00BFA40B002009
:10E8400050020020EBE50A080400002038B500253E
:10E850000446C0E90055C0E904558560856140F86B
:10E86000245FFFF757F8FFF7B5FFE061FFF7D0FF30
:10E8700025732062204638BD10B50B4C2378BFF3BA
:10E880005B8FDB070ED42046F1F71AFC50B1074826
:10E89000FFF7DCFF2046F1F718FC054A054903485D
:10E8A00002F0B6FC014810BD9C0B0020AC0B002010
:10E8B000500200203BED0A080023024A02490348A7
:10E8C000FFF7BCB919EC0A08A5EB0A0825EB0A0802
:10E8D00000231A4619461846FFF7B0B90B680360C3
:10E8E00013B15A6801325A60704737B504460D6952
:10E8F00051F8043B01A80093FFF7F0FF6A46294650
:10E90000204601F0DDFF01A8FAF7F6FC204603B02F
:10E9100030BD37B504468D6851F8043B01A800931B
:10E92000FFF7DCFF6A462946204602F045F801A8B9
:10E93000FAF7E2FC204603B030BD37B50446CD6897
:10E9400051F8043B01A80093FFF7C8FF6A46294627
:10E95000204602F00DF801A8FAF7CEFC204603B0DD
:10E9600030BD000070B58AB00D46014604A8FFF71F
:10E97000D0FF144E04A802F037F8E8B1684604A9A5
:10E98000FFF7DBFF31460298FFF759FE044610B14E
:10E990002C1E18BF012401A8FAF7AEFC002CE9D008
:10E9A000684604A9FFF7A1FF684601F0C0FF286090
:10E9B00001A8FAF7A1FCDDE705A8FAF79DFC0AB06B
:10E9C00070BD00BF30900B0837B50C461949204682
:10E9D000154604F081FC48B901F030FC4FF41651A3
:10E9E00001F00EFC01F02AFC03B030BD20461249B4
:10E9F00004F072FC40B901F05FFC4FF4165101F0D5
:10EA0000FFFB01F059FCEFE720460C4904F064FCE1
:10EA100070B94FF4165301A928460193FFF7A2FFDE
:10EA200001F014FD019901F00BFD01F00FFDDBE792
:10EA30000020D9E735900B083C900B083F900B085D
:10EA400070B51426D0E90053044606FB0356AE42C7
:10EA500005D005F10800FFF7F3FF1435F7E720684C
:10EA6000FFF756FA204670BD70B50446D0E9005352
:10EA700005EB0316AE4204D02846FFF76FFB1035B6
:10EA8000F8E72068FFF744FA204670BD10B5044649
:10EA90000C30FFF7D5FF2046FFF7E6FF204610BDFC
:10EAA00010B50446034B40F8043BFFF7EFFF204648
:10EAB00010BD00BF38820B0810B50446FFF7F0FF09
:10EAC0002046242102F0A9FB204610BD10B50446C3
:10EAD000024B0360FFF7E4FF204610BDD0900B0807
:10EAE00010B50446FFF7F2FF2046242102F095FB03
:10EAF000204610BD0022C0E90022826010B50C68DB
:10EB00000A6004604C684A6044608C688A60846073
:10EB100010BD10B5044603681868FEF713FF2046C1
:10EB200010BD00002DE9F04F87B003931C4B8046C9
:10EB30005B688946C3F3080316466BB9FFF79CFE72
:10EB4000044600F12403406A0593FEF7F3FE237B9D
:10EB50002BB105A8FFF7DDFF07B0BDE8F08F01235B
:10EB60005FFA89F92373D4E9005305EB830AAA45B8
:10EB700012D055F8047B3146381DFFF701FE814560
:10EB8000F5D3039A3B680092D3F808B04A4633465F
:10EB900041463846D847EAE700232373D9E700BF48
:10EBA00000ED00E02DE9F74F9B461A4B80465B686D
:10EBB0008946C3F3080316466BB9FFF75DFE0446AA
:10EBC00000F12403406A0193FEF7B4FE237B2BB1CE
:10EBD00001A8FFF79EFF03B0BDE8F08F0123F6B256
:10EBE0002373D4E9005305EB830A55450ED055F83D
:10EBF000047B5946381DFFF7C3FD8642F5D33B68B9
:10EC00004A4641463846DB689847EEE700232373BF
:10EC1000DEE700BF00ED00E02DE9F341164B0546AD
:10EC20005B680F46C3F308031BBBFFF725FE0446D2
:10EC300000F12403406A0193FEF77CFED4E90063EF
:10EC4000462406EB8308B04509D101A8FFF761FF10
:10EC5000A542B4BF0020012002B0BDE8F08156F803
:10EC6000040B39460430FFF78BFD8442A8BF0446ED
:10EC7000E9E70020F0E700BF00ED00E00B4670B5CB
:10EC8000044605C800EB8202824207D001461D6897
:10EC900051F8046BAE4203D00846F5E7002070BD82
:10ECA000521A03F0F9FF63680120013B6360F6E745
:10ECB0001FB5044600F12403406A01910393FEF757
:10ECC00039FE204601A9FFF7D9FF18B163680BB9D7
:10ECD000FFF7FEFD03A8FFF71CFF04B010BD1823CB
:10ECE00070B50446D0E9045603FB0656AE4215D073
:10ECF000204605F11001FFF7C1FF63680BB9FFF76C
:10ED0000E7FDE06929690368DB689847696919B11B
:10ED1000206A0368DB6898471835E7E71826D4E9C6
:10ED2000045306FB0356AE4204D02846FFF716FAFA
:10ED30001835F8E70023636170BD73B50446FFF72B
:10ED4000C7FD04F12403606A0193FEF7F3FD20463A
:10ED5000FFF7C5FF01A8FFF7DCFE606A08B1FEF708
:10ED6000E1FDD4E90453182606FB0356AE4204D055
:10ED70002846FFF7F3F91835F8E72069FFF7C8F8D8
:10ED80002068FFF7C5F8204602B070BD8842F8B58C
:10ED900006460C46154627D9904226D20026A2F1F7
:10EDA00014056C1AA1F114070444AF423DD0A4B17C
:10EDB0002B682360AB88A380B5F90630C4E90266EE
:10EDC0002661E380AB68A360AE60E368EA68E26056
:10EDD000EB6023692A6922612B6105F10800FFF7C6
:10EDE0002FFE143D143CE0E71FD00027AC421CD09E
:10EDF000A6B123683360A388B380B4F90630C6E9AE
:10EE000002773761F380A368B360A760F368E268B4
:10EE1000F260E360336922693261236104F1080022
:10EE2000FFF70EFE14341436E0E7F8BDF8B5D0E96C
:10EE300001539D4204460E4617460DDB0135002D59
:10EE4000006804DDA900FFF76BF818B9F8BDFFF7FB
:10EE50005FF800202060A5602568626805EB8601E8
:10EE60009200A2EB8602081D03F016FF45F82670FB
:10EE70006368012001336360E8E737B5044600F1B9
:10EE80002403406A0D460193FEF754FDD4E9003196
:10EE900003EB810083421A460AD012680433AA4267
:10EEA000F8D101A8FFF735FE0025284603B030BD94
:10EEB0002A462046FFF7BAFF05460028F1D06368CE
:10EEC000012B01D1FFF7F8FC01A8FFF722FEECE7C8
:10EED0008842F8B504460D46164614D9904213D21E
:10EEE000A2F11006751AA1F110072C44B74218D0F0
:10EEF0001CB131462046FFF7ABF93046FFF72EF93B
:10EF0000103E103CF2E70CD0B5420AD01CB12946A5
:10EF10002046FFF79DF92846FFF720F910351034F9
:10EF2000F2E7F8BD70B50E1E054611DD3001FEF7A3
:10EF3000E7FF044658B1D5E9001201EB0212FFF7D2
:10EF4000C7FF2868FEF7E4FF01202C60AE6070BDAB
:10EF50000024F6E72DE9F04F91460023462297B0B2
:10EF60000391D9F8041004469942C0E90033C0E97E
:10EF70000233C0E90433CDE90A3302760C9323DC73
:10EF8000D9E90057142303FB0757AF423BD029466A
:10EF90000DA8FFF75DF90DA911A80B9EFFF758F911
:10EFA000DDE90B1399421BDA0A9B0B9A03EB061659
:10EFB000314603EB021206F11000FFF789FFEEB9AC
:10EFC0000B9B01330B9311E00AA8FFF7ABFF00285E
:10EFD000D6D10AA8FFF748FD204617B0BDE8F08F4C
:10EFE00001310AA8FFF79EFF0028DDD111A8FFF725
:10EFF000B5F80DA8FFF7B2F81435C6E7304611A9E9
:10F00000FFF726F9DCE700264FF0140A3746CDE972
:10F010000D660F96DDE90A239E4280F29780330148
:10F02000D35808930BB90136F4E70AFB06F30997A6
:10F0300002930DAD09A908A8FFF7DAFA8346002864
:10F04000F1D00146099A28460DF11F038DF81F7073
:10F05000FFF758FB9DF81F800190B8F1000F66D1B3
:10F06000BDF82430CDE91388ADF848304FF6FF7372
:10F07000CDF844B0ADF84A30CDF85480D5E901322E
:10F0800093421ADB03F1010BBBF1000F4ADD0AFBCF
:10F090000BF0FEF735FF0490002845D0D5E90012AB
:10F0A0000AFB0212FFF772FE049B28680493FEF726
:10F0B0002FFF049BC5F808B02B60019BD5F800B06A
:10F0C0000AFB03F36A680BEB030101F114000AFB6E
:10F0D00002B204910593FFF759FE0499A9B1119A60
:10F0E000059B4BF80320BDF848308B80BDF94A30B2
:10F0F000C1E902770F61CB80139B8B60149B139740
:10F10000CB60159B14970B6115976B6801336B608F
:10F1100013A8FFF795FCB8F1000F08D00DA8FFF772
:10F120008FFC56E74346C0E74FF00108F0E7019B2C
:10F130002D680AFB0355089B1B782BB9D9F80030C2
:10F14000029A13441B7CEB80083573E72168226028
:10F1500062686360A3680B920C9A0C93E368A260E8
:10F160000D9A0D932369E2600E9A0E9363692261F2
:10F170000F9A0F93039B0A9162612376CEE70000FA
:10F180007FB505460E460446084B114645F8043B3C
:10F1900001A8F5F74EFF314601AA2846FFF7DAFE2F
:10F1A00001A8F5F7EDFE204604B070BD38820B08CB
:10F1B000F0B50F4687B03846254916461D460C9CCB
:10F1C00004F08AF800BBE4B129466846FFF792FCD8
:10F1D0002420204902F023F8054670B1694603A8AF
:10F1E000F5F727FF314603AA2846FFF7C9FF03A812
:10F1F000F5F7C6FE184B2C622B606846F5F7C0FE8B
:10F200002C46204607B0F0BD3846144904F064F897
:10F21000E0B9002CF5D029466846FFF76BFC2420A6
:10F220000C4901F0FCFF05460028E6D0694603A81A
:10F23000F5F7FFFE314603AA2846FFF7A1FF03A812
:10F24000F5F79EFE064B2C622B60D6E70024D8E72C
:10F2500047900B086E920B08D0900B084B900B0850
:10F26000B8900B08014B024A1A607047A80B0020A7
:10F270001F820B082DE9F047089DD0F82090044626
:10F280000E461746984600F0D9FF81454DD02B79A0
:10F29000190704D520466A695449FFF723FAB8F1E3
:10F2A000000F0DD05B212046FFF710FA41462046A3
:10F2B000FFF7FEF9236802222046DB684C49984795
:10F2C0002B79DA0724D5D5F808802F21404605F0A0
:10F2D0006DF908B100F1010841462046FFF7E8F951
:10F2E0002B799B0708D53A212046FFF7EFF92046F6
:10F2F000EA684049FFF7F6F92A79236812F0040F0B
:10F3000020464FF00202DB6814BF3B493B49984757
:10F310002B7958071DD529690B461A4613F8010B9E
:10F3200060B1202808D11946F7E7354801F00DFAF9
:10F330000028ACD0BDE8F0872828EED12368521A07
:10F340002046DB689847236804222046DB682D4965
:10F35000984700213846FEF769FC01462046FFF732
:10F36000A7F9236802222046DB68244998471EB18A
:10F3700031462046FFF79CF92B7913F0300F2CD043
:10F3800023682149DB680222204698472B79D90659
:10F390000AD52368072220461C49DB689847204687
:10F3A000AA691B49FFF79EF92B799A0611D5DB064E
:10F3B00005D5236802222046DB680F499847236859
:10F3C000204614490A22DB6898472046E969FFF77E
:10F3D0006FF95D212046FFF779F923682046BDE8E3
:10F3E000F0470222DB680C49184700BF5C900B080D
:10F3F00063900B0808940B0866900B086B900B0841
:10F400000811002069900B086E900B0871900B0892
:10F4100079900B087C900B0887900B082DE9F0433E
:10F4200085B0D0F8209005460F4690461E460C9CAD
:10F4300000F004FF814505D1494801F086F9002814
:10F4400040F08A804FF000092B6A464A01A80192D9
:10F4500003938DF8089001F0F0FA49464046FEF714
:10F46000E5FB80464049012201A801F06FFB4146BF
:10F47000FFF711F93FB13D49012201A801F066FBF8
:10F480003946FFF708F93EB13949012201A801F0D8
:10F490005DFB3146FFF7FFF82379DF070ED5A6683D
:10F4A0002F21304605F082F800B1461C3149012277
:10F4B00001A801F04BFB3146FFF7EDF823799E07D9
:10F4C00007D52D49022201A801F040FBE16801F0B7
:10F4D000C1FA2379580714D5266933461F4613F815
:10F4E000012B2AB1202A01D11E46F7E7282AF5D19F
:10F4F0000222224901A801F029FB3146BA1B01F082
:10F5000034FB2379190707D51D49012201A801F011
:10F510001DFB616901F0B0FA2379DA0608D50422EF
:10F5200018490DEB020001F011FBA16901F092FAFC
:10F5300023799B0607D51449062201A801F006FB92
:10F54000E169FFF7A8F801A801F061FA286A022230
:10F5500003680E49DB68984705B0BDE8F08300BF3B
:10F5600008110020A0900B083A900B082B8A0B087A
:10F57000C6940B085A830B088A900B088D900B08D1
:10F5800034950B08E8860B0890900B0887900B08C1
:10F590002DE9F041154ADFF86080D2E90032C01849
:10F5A00042EB0101124A8CB0D2E90032C61841EB9D
:10F5B0000207D8E90023BB4208BFB24213D003A917
:10F5C0006846CDE9006703F063FA089B094D03F232
:10F5D0006C7303AC08930FCC0FC50FCC0FC5C8E9F3
:10F5E000006723682B600CB0BDE8F081080C002098
:10F5F000000C0020DC0B0020100C002008B50020BF
:10F60000FEF766FC28B1FEF753FC80F00100C0B2A3
:10F6100008BD0120FCE7000008B5FFF7B9FF024B69
:10F620001869013008BD00BFDC0B002010B50A4985
:10F63000044602F0ADFF68B92046084902F0C6FF53
:10F6400040B90749204602F005FE03F027F8054BB4
:10F65000C3E9000110BD00BF000040C100006041CF
:10F6600000006145080C00201FB502460B46002132
:10F670006846CDE90023CDE90211FEF7DBF802462A
:10F6800010B90146FEF734FB05B05DF804FB00003D
:10F6900030B50446184893B0D0E90010521840EB3A
:10F6A000030316480025D0E90010521840EB03036D
:10F6B000CDE90023242200210DEB020003F006FB1C
:10F6C00009A9684603F0E4F91622294603A8029521
:10F6D00003F0FCFA02A909A803F096F902A804F0C5
:10F6E0008BFB12AB184400F8415C02A92046FEF7E0
:10F6F0007FFD204613B030BD080C0020000C002018
:10F700002DE9F04FA5B00746884614A811463F22C0
:10F710001D4604F08BFB002314A88DF88F3004F0F5
:10F720006BFB04465DBB2A4903A803F0DFFD0025FF
:10F7300014AE04F1FF3BAB4536D9B14619F8013B95
:10F7400005F1010A252B17D173787A2B14D103A860
:10F7500004F052FB044614AB28181844ABEB050226
:10F76000B11C03F08BFA224603A9304603F086FA57
:10F7700014A804F041FB04464E465546D9E73C2107
:10F7800095FBF1F3002BB8BF5B42B3FBF1F201FB39
:10F79000123300934FF46163102195FBF3F30D4A8C
:10F7A00003A8FEF7D5FBC2E700212E2208A8079187
:10F7B00003F08CFA434614AA322107A804F012FB86
:10F7C000384607A9FEF714FD384625B0BDE8F08F8E
:10F7D000AD960B0810910B08F0B58DB0129D044644
:10F7E000CDE9002315B9194B1D682DB1184B2846DA
:10F7F000196803F071FD38B9DDE900232046FFF7F1
:10F8000047FF20460DB0F0BD0099124E124FD6E9C9
:10F8100000325B18019941EB0202D7E900011B1885
:10F8200041EB0202CDE900320021242203A803F0BB
:10F830004DFA03A9684603F02BF932683B6820466D
:10F84000134403A92A46FFF75BFFDAE7D80B002031
:10F8500008000020080C0020000C002010B500203B
:10F86000FDF7D0FF0446A0B9FEF7FAF9012810D140
:10F870002046FEF735FA60B9FFF7C0FE10B9FEF773
:10F8800007FBF9E7FFF7BAFEBDE810400020FDF7DF
:10F89000B9BF204610BD1FB5FFF7E0FF10220021C1
:10F8A000684603F013FA00216846FDF7BBFF009895
:10F8B00005B05DF804FB000008B5FFF7ECFFC117C9
:10F8C000FFF766FE014BD86808BD00BFDC0B0020C7
:10F8D00008B5FFF7E0FFBDE80840C117FFF79CBE81
:10F8E00008B5FFF7D8FFC117FFF752FE014B586963
:10F8F00008BD00BFDC0B002008B5FFF7CCFF034BB1
:10F90000034A1B6812681344184408BD080C002001
:10F91000000C0020024B1A68024B1A60704700BFAF
:10F9200008000020D80B00200021FEF7A9B910B56F
:10F930000446F5F7A5F9204610BDFEF747B910B506
:10F940000446FEF743F9844208D01CB1BDE81040DC
:10F95000FEF72CB9BDE81040FEF730B910BD70B508
:10F9600005460E461446FEF731F950B144EA062426
:10F9700044EA0540FEF712F9BDE87040E720FEF7C3
:10F980002DB970BD00230348034A0449836001F088
:10F990003FBC00BF180C0020500200202FF90A08BD
:10F9A000014B1860704700BF1000002008B5134BD2
:10F9B00043B100F043FC03681B699847002801DD50
:10F9C000AFF300800E4B43B100F040FD03681B69AC
:10F9D0009847002801DDAFF300800A4B0BB1AFF36D
:10F9E0000080094B43B100F067FC03681B6998472E
:10F9F000002801DDAFF3008008BD00BF000000005B
:10FA000000000000000000000000000008B5FFF743
:10FA1000CDFFFDF7BFFE014B186008BD201100208F
:10FA20000248034A0349121A03F028B90040024071
:10FA30000440024038990B08002307B51A466FF0BE
:10FA400077010093FEF780F903B05DF804FB000036
:10FA500007B543880A2B08D0502B0BD1094B1B68E4
:10FA60004BB103B05DF804EB1847FFF7E5FF03B0B7
:10FA70005DF804FB00231A466FF077010093FEF750
:10FA800063F9F4E72C0C002038B5124C0021124821
:10FA9000FEF78EFA114D2368AB420CBF0122002203
:10FAA0000F4B1A7002D0FFF7BBFF2560FDF75AFE1F
:10FAB000044603F093FB0B4B13B12046AFF30080D9
:10FAC00000210848FEF70CFABDE83840002106483E
:10FAD000FEF730B900400240A1F90A081E1C279A1F
:10FAE000280C00200000000051FA0A08704700208E
:10FAF000704710B50446102101F08FFB204610BD61
:10FB000008B5FFF7F6FF08BD002230B54FF69C742C
:10FB1000026084808D888C800C68858004600A6017
:10FB200030BD10B504460068FEF7F2F9204610BD5E
:10FB300038B5C468F4B12378022B03D104F10C006A
:10FB4000FFF7EFFF656835B12846F5F799F8102102
:10FB5000284601F062FBA56835B12846F5F790F814
:10FB60001021284601F059FB2046BDE838401421F9
:10FB700001F053BB38BD10B588B004466846FEF7A7
:10FB800037FB694604A8FEF77DFB04A8A04704469E
:10FB900004A8FEF7E3FA6846FEF7E0FA204608B04C
:10FBA00010BD1FB500231024CDE902010192694662
:10FBB0001A461846ADF80230ADF80040FEF760F97D
:10FBC00004B010BD082307B5ADF80030036800216C
:10FBD0008DF80230037A8DF803304368684601934C
:10FBE000FEF786F903B05DF804FB73B50E460446D4
:10FBF00056F8043B0D4601A831460093FEF76EFE11
:10FC0000009B019A23600023626001A80193009386
:10FC1000F9F772FB3046F9F76FFB2846082101F02F
:10FC2000FCFA204602B070BD826810B50AB901F036
:10FC3000FAFAC368BDE81040184708B5006800F13B
:10FC40001001FFF7F1FF08BD826810B50AB901F095
:10FC5000EAFAC368BDE81040184708B5006800F12B
:10FC60001001FFF7F1FF08BD38B50023044603601B
:10FC700010200D46F0F711FA28B10123C0E9013335
:10FC8000024BC56003602060204638BD40910B08E0
:10FC900038B5002383608B6804460D462BB10222E1
:10FCA0009847EB68E360AB68A360204638BD00006E
:10FCB000F0B589B004686846FFF726FF4FF00203ED
:10FCC000D4E84F2F002A03D1C4E8413F0029F7D1DF
:10FCD00025D104F10C0569462846FFF715FF0123DD
:10FCE000BFF35B8F63700020BFF35B8F04F10803E9
:10FCF00053E8006F43E80002002AF9D1BFF35B8F9D
:10FD00006EB1FDF7DDFF78B129463046FFF78CFF75
:10FD10003046F4F7B5FF1021304601F07EFA684610
:10FD2000FFF7FFFE09B0F0BD314602A8FFF7B0FFB4
:10FD3000E068B4F9105008B103F0E0FA0690102022
:10FD4000ADF81C50F0F7A9F90546E8B10027876027
:10FD50001820F0F7A2F9044688B10146876002A88E
:10FD6000F6F768FE049BA268A360059B0492E26814
:10FD700006A9E36004F110000592FFF7C5FE084BE9
:10FD80002C60EB60074BAB6006A8FFF7CAFE02A829
:10FD9000F4F776FF002229460348FDF799FFB7E7FD
:10FDA0003BFC0A08D1FE0A089D040B082DE9F04728
:10FDB0008AB005460C46174698469DF84890FEF7CF
:10FDC00077F807AE824638BB4FF62E73059005A92B
:10FDD0003046ADF81830FFF797FE1420F0F75DF9C4
:10FDE000044648B1022303700123C0E901AA43700D
:10FDF00031460C30FFF788FE2846214640F8044B78
:10FE0000FFF732FF3046FFF78CFE05A8FFF789FEAB
:10FE100028460AB0BDE8F0870C234FF0000A1420F2
:10FE2000CDE908AA0793F0F738F9014628B1C0E9EF
:10FE300001AA80F800A080F801A004A80391FFF7B0
:10FE400013FF224B08200893F0F727F9824628B1C8
:10FE5000039B04A940F8043BFEF740FD42463946A7
:10FE6000204600965FFA89F3CDF824A0FEF728F823
:10FE7000B8B9039B5B7803F0FF0293B94FF69C730C
:10FE800005A903A80592ADF81830FFF711FF05A8E2
:10FE9000FFF747FE05A80999FFF7A7FE06A8F9F79F
:10FEA0002BFA039B04A906A80593FEF717FD059BF3
:10FEB000069A2B6000236A6006A806930593F9F75B
:10FEC0001BFA04A8F9F718FAA2E700BF95FF0A0881
:10FED000022AF8B5054607D0032A18D0012A01D115
:10FEE0000B6803600020F8BD18200E68F0F7D5F805
:10FEF000044650B13146FFF7CBFE3069B6F91470B5
:10FF000008B103F0FBF92061A7822C60EAE70468DE
:10FF1000002CE7D004F11000FFF703FE2046F4F7B1
:10FF2000AFFE1821204601F078F9DBE738B5002351
:10FF300083608B6804460D462BB102229847EB681C
:10FF4000E360AB68A360204638BD022A70B5044662
:10FF500007D0032A12D0012A01D10B6803600020C8
:10FF600070BD14200E68F0F798F8054620B13146B0
:10FF7000FFF7DCFF337C2B742560F0E70468002C6E
:10FF8000EDD02046F4F77CFE1421204601F045F91F
:10FF9000E5E70000F0B5044689B00D4601A811461A
:10FFA000FFF723FEA4B124B21DB1284603F0A6F941
:10FFB000054601A803A90395ADF81040FFF778FEA8
:10FFC00003A8FFF7AEFD02A8F9F796F909B0F0BD56
:10FFD0000123019DD5E84F2F002A03D1C5E8413FF9
:10FFE0000029F7D1EFD12B73BFF35B8F6B70BFF399
:10FFF0005B8F2B1D53E8006F43E80042002AF9D1C4
:02000004080BE7
:10000000BFF35B8F002EDED02046FDF759FE07467A
:1000100060B1304605F10C01FFF716FE3046F4F7EB
:100020002FFE1021304601F0F8F8CCE7314603A846
:10003000FFF77CFF2B7B10208DF81C30F0F72DF89C
:100040000546D0B187601420F0F727F8044678B150
:100050000146876003A8F6F7EDFC059BA268A36044
:10006000069B0592E268E3609DF81C3006922374BB
:10007000064B2C60EB60064BAB6003A8F4F700FE68
:10008000002229460348FDF723FEC7E75BFC0A0868
:100090004BFF0A089D040B087047F8B50E46002474
:1000A00000F10807051D17F8011D0A223046FEF76A
:1000B00043FAAF42044401D12046F8BD002CF2D0EF
:1000C0002E213046FEF729FA0444ECE710B5044629
:1000D000182101F0A2F8204610BD000010B504461A
:1000E000044B1122002140F8043B02F0EFFD2046B2
:1000F00010BD00BF5C910B080346074A10B543F8DA
:10010000042B01F1100251F8044B914243F8044BC7
:10011000F9D10A781A7010BD5C910B08024AC0E947
:1001200000210422027570475C910B0810B59DF800
:10013000084044EA0324042344EA024444EA0164F4
:100140004460037510BD000037B5044D05609DF88F
:1001500018500095FFF7EAFF03B030BD5C910B0823
:1001600041747047704708B50021007CFDF7EEFC34
:1001700040EAE07008BD08B50121007CFDF7E6FC0F
:1001800040EAE07008BD08B5007CFDF7D7FC20EA26
:10019000E07008BD08B5007CFDF7C8FC20EAE070FF
:1001A00008BD38B50446007C0D46FDF7C7FC0028A5
:1001B00001DC607C28B12946207CFDF7CFFC20EAD9
:1001C000E07038BD007CFDF7D1BC10B504461421A9
:1001D00001F023F8204610BD10B54FF47A730446A1
:1001E00008460021C4E90113044B20742360012355
:1001F00011466374FDF782FC204610BD70910B0818
:100200000022007CFDF782BC007CFDF787BC00006B
:1002100010B504461422002102F058FD054B20467B
:100220006360054BE36040F2011323818123238245
:1002300010BD00BF600C0020610D002030B50F4DD7
:1002400087B001A8FFF7E4FF2978BFF35B8F11F0B7
:10025000010410D12846EFF733FF60B1214601AA0F
:100260000748FFF7B9FF2846EFF72FFF054A064971
:10027000034800F0CDFF024807B030BD300C00202D
:10028000380C00205002002065010B0810B5044610
:100290001422002102F01AFD054B20466360054B35
:1002A000E36040F2011323818123238210BD00BF4C
:1002B000E20D0020E30E002010B50F4C86B001A81F
:1002C000FFF7E4FF2378BFF35B8FDB0710D42046F2
:1002D000EFF7F6FE60B1012101AA0848FFF77CFFA5
:1002E0002046EFF7F2FE064A0649044800F090FF68
:1002F000024806B010BD00BF340C00204C0C00209A
:100300005002002065010B08004700002DE9FF4165
:1003100000241D460F4690460646FDF7DBF90423F0
:10032000A5428DF80C30A8BF9DF82830ADF80D40DF
:100330008DF80F40A4BF03AC8DF80E303A4643460B
:10034000304606490094A8BF8DF80D50FDF7BAF964
:10035000B0FA80F0400904B0BDE8F08109030B0851
:10036000F8B50446FDF7B6F9054670B9084F57F8D9
:10037000246046B13046F4F783FC1021304600F08B
:100380004CFF47F82450012000E00020F8BD00BFDA
:10039000640F002070474174704708B5007CFDF77A
:1003A00031FB20EAE07008BD08B5007CFDF702FBD8
:1003B00020EAE07008BD08B5007CFDF70BFB40EAC1
:1003C000E07008BD08B5007CFDF7FCFA40EAE0707B
:1003D00008BD007CFDF706BB70B5467C04460D46A3
:1003E0002EB12946207CBDE87040FDF7DBBA007CC9
:1003F000FDF708FB0028F4DC304670BD10B504465C
:10040000142100F00AFF204610BD00004FF0000C40
:1004100010B50446084611464FF47A72C4E901C289
:10042000044A20742260012262741A46FDF7AAFA77
:10043000204610BDA0910B080023007CFDF7EABA0E
:100440000022FFF7F9BF007CFDF7A4BA38B50D4DC7
:100450002978BFF35B8F11F0010411D12846EFF723
:100460002FFE68B12146084A084B0948FFF7CEFF26
:100470002846EFF72AFE074A0749054800F0C8FE5C
:10048000034838BDE00F0020E40F00206810002072
:10049000EC1000205002002095030B0810B5836873
:1004A00004460BB900F0BFFEC3689847A3681BB1B0
:1004B00003222146204698472046BDE810401021DF
:1004C00000F0ABBE7047F8B5064615460C468F18CF
:1004D000BC4206D0336830469B6814F8011B98472D
:1004E000F6E72846F8BD0022007CFDF7B3BA0021EC
:1004F000007CFDF7B7BA0021007CFDF7BBBA0021F4
:10050000007CFDF7BFBA0021007CFDF7C3BA10B52F
:100510000446142100F081FE204610BD10B54FF4B2
:100520007A73044608460021C4E90113034B1146BF
:1005300023602074FDF7BEFA204610BDD0910B0851
:100540000023007C1A461946FDF76CBA7FB50022DD
:100550001423CDE90122ADF804300B78007C8DF82E
:1005600008304B680393CB6804930B7A01A9059379
:10057000FDF7AAFA07B05DF804FB1FB5003B8DF844
:1005800000104FF0640118BF0123039169460192E6
:100590008DF80830FFF7DAFF05B05DF804FB0123A2
:1005A000FFF7EBBF0022007CFDF744BAC9B2FFF7AA
:1005B000F9BF0022007CFDF745BA0121FFF7F9BF22
:1005C00010B5044628B102F02DFE90FBF4F303FBB6
:1005D0001404204610BD884210B5044603DA081AF8
:1005E000FFF7EEFF0444204610BD30B5D1E90143CA
:1005F0009C4205460FDA621C4A6038220B6802FBF7
:1006000004340FCD0FC40FCD0FC40FCD0FC495E828
:10061000030084E8030030BD002240681146FDF766
:10062000C7BBF0B5154689B011220E46044600211D
:1006300003A802F04BFB284603F0DEFB002781B243
:1006400073682846009703AAFDF798FA30B1394637
:100650002046FFF763FD204609B0F0BD204603A900
:10066000FFF74AFDF7E7002240681146FDF7E8BBB7
:1006700000224068FDF7DCBB0022406881F00101E8
:10068000FDF7AEBB002240681146FDF781BB00229A
:1006900002214068FDF784BB002340681A46FDF73D
:1006A0006FBB00001FB500230191064801A902930A
:1006B0000392FDF76BFA039B9842A8BF184605B05A
:1006C0005DF804FBEB050B080422024B5A60024A5A
:1006D0001A60704700110020F8910B080023406851
:1006E0001A46FDF74DBB002202214068FDF758BBBA
:1006F000002240681146FDF74BBB002240681146BE
:10070000FDF756BB002340681A461946FDF758BB53
:10071000002340681A461946FDF75ABB002140687D
:10072000FDF796BB00214068FDF79ABB00224068A8
:1007300081F00101FDF754BB00224068FDF778BB52
:10074000002240681146FDF77BBB0022406811463D
:10075000FDF74EBB70B515468EB0044608A8FFF7EE
:10076000BDFC1122002103A802F0B0FA00262846A1
:1007700003F042FB0A4B009681B25B68284603AA4D
:10078000FDF7FCF930B131462046FFF7C7FC2046A3
:100790000EB070BD204603A9FFF7AEFCF7E700BF1F
:1007A00000110020024B034A1A6000225A60704771
:1007B0000811002034920B08012200F1100313F8F5
:1007C000101C1846012908D153F8041C02EB410201
:1007D000013A03F11003F2D17047022904BF53F824
:1007E000041C5218F4E70EB42DE9F04187B000AFB5
:1007F00007F1340555F8048B04462B464246102178
:1008000007F108007D60FDF7B3FB0F281BD900F14D
:10081000080323F007036E46ADEB030D4246411C6F
:100820002B4668467D60FDF7A3FB021E04DD2368AE
:10083000694620469B689847B5461C37BD46BDE8CB
:10084000F04103B070470028F7D0236802469B6848
:10085000204607F108019847EFE710B50446036802
:100860009B689847A368013BA3602BB92368204687
:10087000BDE81040DB68184710BD07B503688DF868
:10088000071001229B680DF10701984703B05DF83E
:1008900004FB38B50B68044603604D6843689D420D
:1008A0000CD015B16B6801336B60606828B1436888
:1008B000013B43600BB9FFF7D0FF6560204638BDB0
:1008C0000B461146002210B50446C0E900228360A1
:1008D0000BB9204610BDFFF7DCFFFAE7034680683E
:1008E00020B30278032A1AD8DFE802F00417021BAB
:1008F000052070471B685A684368D05C2D2812D0C9
:10090000A0F13003092B0ED974280ED066280CD024
:10091000A0F16E03584258417047062070470020EE
:10092000704704207047032070470220704710B5BD
:100930000446FFF7D3FF02280ED0C31EDBB2012B03
:1009400014D82268A36850685B680A22BDE810408A
:100950000021184404F0E4BC2268A36852685B6874
:10096000D05CA0F174035842584110BD0020FCE750
:100970000B461146002210B50446C0E900220D487E
:10098000C4E90202A3B11A78032A06D082B90A6820
:1009900050685A68825C6E2A07D00A6858685268A4
:1009A0009B6802441B1AA260E3602046FFF771FFB8
:1009B000204610BD838A0B0838B500250B46044637
:1009C0001146C0E90055C0E90255C0E904554BB1D4
:1009D0001A78012A06D103F11002DB6882604361B4
:1009E000FFF757FF204638BD10B54369044663B191
:1009F0008068013BE0601030A0602061636113B14A
:100A0000FFF7DAFEA060012000E0184610BD10B527
:100A10007D210446FFF731FF01232046237110BDDD
:100A200008B50379012B02D0022B04D008BD2C217C
:100A3000FFF723FFFAE73A21FAE710B50446FFF77C
:100A4000EFFF20467B21FFF718FF0023204623718C
:100A500010BD000038B504460D46FFF7E1FF2368DE
:100A600020462A46DB680349984701232046237124
:100A700038BD00BF08940B0838B504460D46FFF793
:100A8000CFFF236820462A46DB68034998470123A5
:100A90002046237138BD00BFE1870B082DE9F041E6
:100AA0000D46174622210446FFF7E7FE2946DFF8E8
:100AB00098802F44BD422A4638D015F8016B222E6B
:100AC00003D05C2E01D01F2EF4D82368521A204682
:100AD0009B6898475C212046FFF7CFFE0D2E0AD871
:100AE000072E1CD9A6F10803052B18D8DFE803F060
:100AF0000D0F11171315222E01D05C2E0FD1314688
:100B00002046FFF7BAFE2946D4E76221F8E77421B0
:100B1000F6E76E21F4E76621F2E77221F0E7236839
:100B2000324641462046DB689847ECE78D4204D0C8
:100B3000236820469B686A1A984722212046FFF7BF
:100B40009CFEBDE8F08100BF68920B0870B50446BA
:100B50000D461646FFF764FF204632462946FFF74A
:100B60009DFF02232046237170BD70B504460D46DB
:100B70001646FFF755FF204632462946FFF78EFFFF
:100B800001232046237170BD08B5024B1B681B680A
:100B9000019308BD9C01020808B5024B1B685B6805
:100BA000019308BD9C01020808B5024B1B689B68B5
:100BB000019308BD9C0102084FF4805108B502481A
:100BC000EFF7CCFA124608BD000402404FF4805102
:100BD0000148EFF7C1BA00BF0004024010B501217F
:100BE00088B02B4C0220EFF7CDFA01214FF4804062
:100BF000EFF7D4FA204605220D21EFF7B1FA20468F
:100C000005220E21EFF7ACFA204605220F21EFF75F
:100C1000A7FA4FF4005240F20223204601A9CDE981
:100C20000123EFF755FA4FF40043204601A9019341
:100C3000EFF74EFA4FF48043204601A90193EFF7F6
:100C400047FA40F201234FF480512046CDE90113C9
:100C500001A9EFF73DFAFFF7B9FF4FF082704FF4AB
:100C60000033CDE903030823DFF828C0A4F5E634F8
:100C7000CDE905C30723204603A9ADF81C30EFF7E3
:100C800099FA01212046EFF7B4FA08B010BD00BF71
:100C9000000402400100000210B5044602210A4887
:100CA000EFF7B8FA0028F9D021460748EFF7B0FA75
:100CB00001210548EFF7AEFA0028F9D00248EFF716
:100CC000A4FAC0B210BD00BF0038004008B5FFF75D
:100CD00073FF0620FFF7E0FFBDE80840FFF776BF8F
:100CE00008B5FFF769FF0520FFF7D6FFA520FFF73E
:100CF000D3FFC307FAD4BDE80840FFF767BF70B55C
:100D00000E4615460446FFF7E1FFFFF755FF0220A8
:100D1000FFF7C2FFC6F30740FFF7BEFFC6F3072089
:100D2000FFF7BAFFF0B2FFF7B7FF2544AC4205D199
:100D3000FFF74CFFBDE87040FFF7D2BF14F8010B7E
:100D4000FFF7AAFFF2E708B5FFF748FFFFF734FF08
:100D50000420FFF7A1FFFFF739FFFFF72DFF502019
:100D6000FFF79AFFFFF732FFFFF726FF0120FFF79B
:100D700093FF0020FFF790FFBDE80840FFF726BF74
:100D800010B50446FFF7A2FFFFF716FF2020FFF77C
:100D900083FFC4F30740FFF77FFFC4F30720FFF78B
:100DA0007BFFE0B2FFF778FFFFF710FFBDE81040D0
:100DB000FFF796BF08B5FFF789FFFFF7FDFEC720D5
:100DC000FFF76AFFFFF702FFBDE80840FFF788BFA3
:100DD0002DE9F84311F0FF0304460F464FEA1226AF
:100DE000C2F30F2CD5B223D1BCF1000F12D0B2B296
:100DF0004FEA022800EB0226A1EB0009B44204EB03
:100E000009010DD12A46204607EB0801BDE8F84349
:100E1000FFF775BF39462046BDE8F843FFF76FBFBF
:100E200020464FF48072FFF76AFF04F58074E5E70F
:100E3000C3F58076B6B2BCF1000F0FD1AE42E9D255
:100E4000A5F580752B4432469DB2FFF758FF2A4620
:100E5000F119A019BDE8F843FFF751BF951B3246C1
:100E6000FFF74DFF5FFA85F825F07F45374434449E
:100E700025F0FF056619A7EB0409B44204EB09014C
:100E800009D17919B8F1000F0DD042462046BDE8CE
:100E9000F843FFF734BF20464FF48072FFF72FFF6F
:100EA00004F58074E9E7BDE8F88370B50E46154691
:100EB0000446FFF781FE0320FFF7EEFEC6F307406E
:100EC000FFF7EAFEC6F30720FFF7E6FEF0B2FFF7F2
:100ED000E3FE2544AC4203D1BDE87040FFF776BE87
:100EE000A520FFF7D9FE04F8010BF3E770B5FFF773
:100EF00063FE9F20FFF7D0FEA520FFF7CDFE06463C
:100F0000A520FFF7C9FE0446A520FFF7C5FE05464C
:100F1000240244EA0644FFF759FE44EA050070BD86
:100F200010B50446806808B1FCF7FCFC204610BDF3
:100F30001E2870B5044601D9002070BDA0F10D0334
:100F4000022B0BD9012826D800F03AF90021007CA9
:100F5000FCF7A8FD80F00100C0B2EEE7134E317837
:100F6000BFF35B8F11F001050FD13046EFF7A8F802
:100F700058B129460E48FDF756F83046EFF7A5F868
:100F80000C4A0D490A4800F043F9094B1878FCF760
:100F9000ADFD0028D0D1123C012C05D8FFF756FA40
:100FA000007CFCF727FDD5E70120C6E710110020E3
:100FB0001411002050020020210F0B081E2838B504
:100FC00004460D460AD8FF2908D0FFF7B1FF28B123
:100FD00029462046BDE83840FCF754BB38BD38B53B
:100FE00004460D46FCF756FBFF2810D0062804D80F
:100FF0004D2323FA00F0C30709D42046FFF798FFDA
:1010000028B129462046BDE83840FCF74BBB38BD27
:1010100010B50446FCF73EFB031FDBB2012B08D9D9
:101020002046FFF785FF20B12046BDE81040FCF7C1
:1010300041BB002010BD10B5044609289CBF0A34EE
:10104000A4B22046FFF774FF50B103212046FCF7FD
:1010500011FB032804D12046BDE81040FCF74ABB31
:10106000002010BD38B504460D46FFF761FFF0B112
:1010700004212046FCF7FEFA042805D12046A9B237
:10108000BDE83840FCF72EBB02212046FCF7F2FAFF
:1010900002280CD12046FCF7FDFA012801D00428D3
:1010A00005D129462046BDE83840FCF74BBB38BD8A
:1010B00070B504460D461646FFF73AFF98B1022177
:1010C0002046FCF7D7FA02280DD12046FCF7E2FAB9
:1010D000012801D0042806D1324629462046BDE821
:1010E0007040FCF737BB70BD38B504460D46FFF7BE
:1010F0001FFFE8B104212046FCF7BCFA042808D100
:1011000020462946FCF706FB2046BDE83840FCF7A0
:10111000F9BA02212046FCF7ADFA022808D1204690
:101120002946FCF707FB2046BDE83840FCF7FABA31
:10113000002038BD10B5084C2378BFF35B8FDB0768
:1011400008D42046EEF7BCFF20B1FCF72BFB20466D
:10115000EEF7BBFF014810BD24110020281100202C
:10116000002313B5074C1A46194620460093FEF794
:10117000EBFF2046044A054902B0BDE8104000F0EC
:1011800047B800BF2C1100205002002099000B0826
:10119000002370B5202543801423084E04460380A5
:1011A000314685600561284600F03BF831466060B5
:1011B000284600F036F8E060204670BD6E920B08BD
:1011C00030B50F4D87B02978BFF35B8F11F0010464
:1011D00013D12846EEF774FF78B101A8FFF7D8FFC6
:1011E000214601AA0748FFF799F92846EEF76DFF57
:1011F000054A0649034800F00BF8024807B030BD25
:10120000441100204811002050020020C5040B08A2
:101210000B460146184601F025BCEEF742BFEEF73B
:101220003CBFEEF73CBF08B5FCF7AAFE000000008B
:10123000F8B5C1F30A57A7F2FF35132D0B460C463C
:101240000246064620DC002D40DB354F2F4101EAE7
:10125000070C5CEA000C14D02FA3D3E9002300F0A4
:1012600003FA0022002300F045FE40B1002C03DA0F
:101270004FF480132B411C44002624EA0704324615
:10128000234610461946F8BD332D07DDB5F5806FAE
:10129000F7D100F0E9F902460B46F2E74FF0FF3CC8
:1012A000A7F213472CFA07F70742EAD01AA3D3E9AB
:1012B000002300F0D9F90022002300F01BFE0028D3
:1012C000DDD0002C1BDB26EA0706D8E712A3D3E902
:1012D000002300F0C9F90022002300F00BFE0028D3
:1012E000CDD0002C02DB00263446C8E724F00043B2
:1012F0000C4A1E43002E18BF14460026BFE7142DCB
:1013000008D00122C5F1340302FA03F39E1928BF65
:10131000A418D8E70134D6E79C7500883CE4377EF2
:10132000FFFF0F000000F0BFF0B58BB0054600F0E6
:101330006FF8314E044696F9003001330FD028463D
:1013400000F084F958B128462C4901F03FF90746CE
:10135000002835D128462A4901F01AF910B920464B
:101360000BB0F0BD0422274B2846CDE90023002412
:101370000025089700F0D6FA96F90030CDE904016F
:10138000022BCDE90201CDE9064514D0684600F0F4
:101390005BF980B1089B002B29D1DDE9060100F043
:1013A000FBFD044620460BB0F0BD00201649022B81
:1013B000CDE90601EAD1FCF7F3FD22230360E9E75A
:1013C000032100220F4B284601930091089200F060
:1013D000A9FA96F90030CDE90401CDE90201002B0C
:1013E000E3D14FF06042094BCDE90623CEE7FCF78D
:1013F000D7FD089B0360D0E70C0000208071B1424C
:10140000B5F1CFC270920B080000F07FFFFFEF47ED
:1014100020F00042B2F1FF4F2DE9F04704466AD8B0
:101420004FEAD07500F0C2807749884268DC002816
:10143000C0F2B580754B9A4268D9754B9A4200F25A
:10144000C080744B204653F8251000F0F9FD80460B
:10145000714BC5F1010753F825907F1B4946404663
:1014600000F0EEFD0146054600F0F4FE06466B492D
:1014700000F0F0FE6A4900F0E3FD314600F0EAFEBC
:10148000684900F0DFFD314600F0E4FE664900F0F7
:10149000D7FD314600F0DEFE644900F0D3FD314651
:1014A00000F0D8FE0146284600F0CAFD2C4606464C
:1014B0008246002F5CD03146284600F0CBFE3146F4
:1014C00004464FF0804000F0BBFD0146204600F08E
:1014D00075FF0146484600F0B3FD414600F0B0FDFF
:1014E00001464FF07E5000F0ABFD17F17D0F60DB41
:1014F00000EBC75002E0014600F0A4FDBDE8F08714
:101500004B49084600F0A6FEBDE8F087B2F1465F01
:1015100009D24749204600F095FD4FF07E5101F079
:1015200055F800286AD12146204600F093FE054672
:101530003A4900F08FFE3A4900F082FD294600F05A
:1015400089FE384900F07EFD294600F083FE3649C9
:1015500000F076FD294600F07DFE344900F072FD72
:10156000294600F077FE0146204600F069FD8246DC
:101570005146204600F06EFE4FF080410546504631
:1015800000F05EFD0146284600F018FF214600F0FD
:1015900057FD01464FF07E5000F052FDAEE7254B5F
:1015A0009A427FF647AF0020BDE8F087002DFAD1C0
:1015B000A4E764374FF0586100EBC75000F04AFED3
:1015C0009CE71D49204600F045FE1C4B53F82510B2
:1015D00000F038FD01F004F8074600F0E7FD184977
:1015E000054600F037FE0146204600F029FD15496A
:1015F0008046284600F02EFE81462FE720464FF019
:101600007E5100F01FFD79E71772B1421872B13EAA
:101610009115853F80920B0888920B084CBB3133A3
:101620000EEADD3555B38A38610B363BABAA2A3E4C
:10163000CAF24971B5F1CF423BAAB83F78920B0884
:101640008071313FD1F717370020704720F00040FC
:10165000B0F1FF4FACBF00200120704781F0004186
:1016600002E000BF83F0004330B54FEA41044FEA87
:10167000430594EA050F08BF90EA020F1FBF54EA22
:10168000000C55EA020C7FEA645C7FEA655C00F0BE
:10169000E2804FEA5454D4EB5555B8BF6D420CDD8F
:1016A0002C4480EA020281EA030382EA000083EA12
:1016B000010180EA020281EA0303362D88BF30BDB2
:1016C00011F0004F4FEA01314FF4801C4CEA113108
:1016D00002D0404261EB410113F0004F4FEA033367
:1016E0004CEA133302D0524263EB430394EA050FF2
:1016F00000F0A780A4F10104D5F1200E0DDB02FA61
:101700000EFC22FA05F2801841F1000103FA0EF2F4
:10171000801843FA05F359410EE0A5F120050EF1BA
:10172000200E012A03FA0EFC28BF4CF0020C43FAEB
:1017300005F3C01851EBE37101F0004507D54FF0F8
:10174000000EDCF1000C7EEB00006EEB0101B1F548
:10175000801F1BD3B1F5001F0CD349085FEA30008E
:101760004FEA3C0C04F101044FEA445212F5800F99
:1017700080F09A80BCF1004F08BF5FEA500C50F136
:10178000000041EB045141EA050130BD5FEA4C0C19
:10179000404141EB0101013C28BFB1F5801FE9D276
:1017A00091F0000F04BF01460020B1FA81F308BF99
:1017B0002033A3F10B03B3F120020CDA0C3208DD65
:1017C00002F1140CC2F10C0201FA0CF021FA02F140
:1017D0000CE002F11402D8BFC2F1200C01FA02F1B0
:1017E00020FA0CFCDCBF41EA0C019040E41AA2BFD5
:1017F00001EB0451294330BD6FEA04041F3C1CDA9D
:101800000C340EDC04F11404C4F1200220FA04F0BC
:1018100001FA02F340EA030021FA04F345EA030166
:1018200030BDC4F10C04C4F1200220FA02F001FA28
:1018300004F340EA0300294630BD21FA04F02946AA
:1018400030BD94F0000F83F4801306BF81F4801143
:101850000134013D4EE77FEA645C18BF7FEA655CB6
:1018600029D094EA050F08BF90EA020F05D054EA88
:10187000000C04BF1946104630BD91EA030F1EBF8D
:101880000021002030BD5FEA545C05D14000494191
:1018900028BF41F0004130BD14F580043CBF01F584
:1018A000801130BD01F0004545F0FE4141F470016A
:1018B0004FF0000030BD7FEA645C1ABF1946104645
:1018C0007FEA655C1CBF0B46024650EA013406BF46
:1018D00052EA033591EA030F41F4002130BD00BF05
:1018E00090F0000F04BF0021704730B54FF48064C2
:1018F00004F132044FF000054FF0000150E700BF43
:1019000090F0000F04BF0021704730B54FF48064A1
:1019100004F1320410F0004548BF40424FF000018E
:101920003EE700BF42004FEAE2014FEA31014FEAD1
:1019300002701FBF12F07F4393F07F4F81F0605120
:10194000704732F07F4208BF704793F07F4F04BF6B
:1019500041F40021704730B54FF4607401F0004548
:1019600021F000411CE700BF50EA010208BF7047A8
:1019700030B54FF000050AE050EA010208BF704799
:1019800030B511F0004502D5404261EB41014FF402
:10199000806404F132045FEA915C3FF4D8AE4FF00A
:1019A00003025FEADC0C18BF03325FEADC0C18BFED
:1019B000033202EBDC02C2F1200300FA03FC20FA3E
:1019C00002F001FA03FE40EA0E0021FA02F114448B
:1019D000BDE600BF70B54FF0FF0C4CF4E06C1CEAA4
:1019E00011541DBF1CEA135594EA0C0F95EA0C0F15
:1019F00000F0DEF82C4481EA030621EA4C5123EA88
:101A00004C5350EA013518BF52EA033541F48011B6
:101A100043F4801338D0A0FB02CE4FF00005E1FB69
:101A200002E506F00042E0FB03E54FF00006E1FBB3
:101A300003569CF0000F18BF4EF0010EA4F1FF04F6
:101A4000B6F5007F64F5407404D25FEA4E0E6D4136
:101A500046EB060642EAC62141EA55514FEAC52047
:101A600040EA5E504FEACE2EB4F1FD0C88BFBCF5C3
:101A7000E06F1ED8BEF1004F08BF5FEA500E50F174
:101A8000000041EB045170BD06F0004646EA01013A
:101A900040EA020081EA0301B4EB5C04C2BFD4EB6C
:101AA0000C0541EA045170BD41F480114FF0000E65
:101AB000013C00F3AB8014F1360FDEBF002001F0D3
:101AC000004170BDC4F10004203C35DA0C341BDC4D
:101AD00004F11404C4F1200500FA05F320FA04F01F
:101AE00001FA05F240EA020001F0004221F0004153
:101AF00010EBD37021FA04F642EB06015EEA430EC6
:101B000008BF20EAD37070BDC4F10C04C4F12005F5
:101B100000FA04F320FA05F001FA04F240EA0200A8
:101B200001F0004110EBD37041F100015EEA430E79
:101B300008BF20EAD37070BDC4F1200500FA05F299
:101B40004EEA020E20FA04F301FA05F243EA020318
:101B500021FA04F001F0004121FA04F220EA020027
:101B600000EBD3705EEA430E08BF20EAD37070BD6D
:101B700094F0000F0FD101F00046400041EB01014D
:101B800011F4801F08BF013CF7D041EA060195F02F
:101B9000000F18BF704703F00046520043EB0303E9
:101BA00013F4801F08BF013DF7D043EA06037047D6
:101BB00094EA0C0F0CEA135518BF95EA0C0F0CD0E1
:101BC00050EA410618BF52EA4306D1D181EA030127
:101BD00001F000414FF0000070BD50EA410606BF21
:101BE0001046194652EA430619D094EA0C0F02D166
:101BF00050EA013613D195EA0C0F05D152EA0336AB
:101C00001CBF104619460AD181EA030101F00041C8
:101C100041F0FE4141F470014FF0000070BD41F011
:101C2000FE4141F4780170BD70B54FF0FF0C4CF4EB
:101C3000E06C1CEA11541DBF1CEA135594EA0C0F0A
:101C400095EA0C0F00F0A7F8A4EB050481EA030E57
:101C500052EA03354FEA013100F088804FEA03333E
:101C60004FF0805545EA131343EA12634FEA02220C
:101C700045EA111545EA10654FEA00260EF00041CD
:101C80009D4208BF964244F1FD0404F5407402D21F
:101C90005B084FEA3202B61A65EB03055B084FEAB0
:101CA00032024FF480104FF4002CB6EB020E75EBAD
:101CB000030E22BFB61A754640EA0C005B084FEAD5
:101CC0003202B6EB020E75EB030E22BFB61A754652
:101CD00040EA5C005B084FEA3202B6EB020E75EB9D
:101CE000030E22BFB61A754640EA9C005B084FEA15
:101CF0003202B6EB020E75EB030E22BFB61A754622
:101D000040EADC0055EA060E18D04FEA051545EA10
:101D100016754FEA06164FEAC30343EA52734FEAB9
:101D2000C2025FEA1C1CC0D111F4801F0BD141EA32
:101D300000014FF000004FF0004CB6E711F4801F97
:101D400004BF01430020B4F1FD0C88BFBCF5E06F77
:101D50003FF6AFAEB5EB030C04BFB6EB020C5FEA87
:101D6000500C50F1000041EB045170BD0EF0004EDC
:101D70004EEA113114EB5C04C2BFD4EB0C0541EA0E
:101D8000045170BD41F480114FF0000E013C90E60B
:101D900045EA060E8DE60CEA135594EA0C0F08BFCF
:101DA00095EA0C0F3FF43BAF94EA0C0F0AD150EACE
:101DB00001347FF434AF95EA0C0F7FF425AF104661
:101DC00019462CE795EA0C0F06D152EA03353FF489
:101DD000FDAE1046194622E750EA410618BF52EA06
:101DE00043067FF4C5AE50EA41047FF40DAF52EADA
:101DF00043057FF4EBAE12E74FF0FF3C06E000BF77
:101E00004FF0010C02E000BF4FF0010C4DF804CD83
:101E10004FEA410C7FEA6C5C4FEA430C18BF7FEA43
:101E20006C5C1BD001B050EA410C0CBF52EA430C71
:101E300091EA030F02BF90EA020F0020704710F1F1
:101E4000000F91EA030F58BF994208BF90422CBF80
:101E5000D8176FEAE37040F0010070474FEA410C79
:101E60007FEA6C5C02D150EA013C07D14FEA430C97
:101E70007FEA6C5CD6D152EA033CD3D05DF8040B08
:101E8000704700BF8446104662468C46194663463A
:101E900000E000BF01B5FFF7B7FF002848BF10F111
:101EA000000F01BD4DF808EDFFF7F4FF0CBF012056
:101EB00000205DF808FB00BF4DF808EDFFF7EAFFD2
:101EC00034BF012000205DF808FB00BF4DF808ED8D
:101ED000FFF7E0FF94BF012000205DF808FB00BF82
:101EE0004DF808EDFFF7CEFF94BF012000205DF80C
:101EF00008FB00BF4DF808EDFFF7C4FF34BF012019
:101F000000205DF808FB00BF4FEA410212F5001205
:101F100015D211D56FF47873B3EB625212D94FEA30
:101F2000C12343F0004343EA505311F0004F23FA1A
:101F300002F018BF404270474FF00000704750EA6F
:101F4000013005D111F0004008BF6FF0004070472C
:101F50004FF00000704700BF4A0011D212F5001286
:101F600011D20DD56FF47873B3EB62520ED44FEAF1
:101F7000C12343F0004343EA505323FA02F0704771
:101F80004FF00000704750EA013002D14FF0FF30AF
:101F900070474FF0000070474FEA4102B2F1E04352
:101FA00024BFB3F5001CDCF1FE5C0DD901F0004C40
:101FB0004FEAC0024CEA5070B2F1004F40EB830090
:101FC00008BF20F00100704711F0804F21D113F1BC
:101FD0003872BCBF01F00040704741F480114FEAF5
:101FE0005252C2F11802C2F1200C10FA0CF320FA7E
:101FF00002F018BF40F001004FEAC1234FEAD3239B
:1020000003FA0CFC40EA0C0023FA02F34FEA430304
:10201000CCE77FEA625307D150EA01331EBF4FF08D
:10202000FE4040F44000704701F0004040F0FE40A8
:1020300040F40000704700BF80F0004002E000BFA5
:1020400081F0004142001FBF5FEA410392EA030FA3
:102050007FEA226C7FEA236C6AD04FEA1262D2EBED
:102060001363C1BFD218414048404140B8BF5B42F2
:10207000192B88BF704710F0004F40F4000020F08B
:102080007F4018BF404211F0004F41F4000121F0A1
:102090007F4118BF494292EA030F3FD0A2F10102EB
:1020A00041FA03FC10EB0C00C3F1200301FA03F129
:1020B00000F0004302D5494260EB4000B0F5000F4C
:1020C00013D3B0F1807F06D340084FEA310102F10B
:1020D0000102FE2A51D2B1F1004F40EBC25008BFBD
:1020E00020F0010040EA03007047490040EB000087
:1020F000013A28BFB0F5000FEDD2B0FA80FCACF188
:10210000080CB2EB0C0200FA0CF0AABF00EBC250B4
:1021100052421843BCBFD0401843704792F0000FA2
:1021200081F4000106BF80F400000132013BB5E7F5
:102130004FEA41037FEA226C18BF7FEA236C21D06B
:1021400092EA030F04D092F0000F08BF08467047D0
:1021500090EA010F1CBF0020704712F07F4F04D19E
:10216000400028BF40F00040704712F100723CBFB1
:1021700000F50000704700F0004343F0FE4040F4DB
:10218000000070477FEA226216BF08467FEA236399
:102190000146420206BF5FEA412390EA010F40F484
:1021A000800070474FF0000304E000BF10F00043D0
:1021B00048BF40425FEA000C08BF704743F09643B7
:1021C00001464FF000001CE050EA010208BF7047D2
:1021D0004FF000030AE000BF50EA010208BF704759
:1021E00011F0004302D5404261EB41015FEA010C6E
:1021F00002BF84460146002043F0B64308BFA3F166
:102200008053A3F50003BCFA8CF2083AA3EBC25347
:1022100010DB01FA02FC634400FA02FCC2F1200266
:10222000BCF1004F20FA02F243EB020008BF20F09D
:102230000100704702F1200201FA02FCC2F1200203
:1022400050EA4C0021FA02F243EB020008BF20EAF8
:10225000DC7070474FF0FF0C1CEAD0521EBF1CEA26
:10226000D15392EA0C0F93EA0C0F6FD01A4480EA14
:10227000010C400218BF5FEA41211ED04FF00063FD
:1022800043EA501043EA5111A0FB01310CF0004029
:10229000B1F5000F3EBF490041EAD3715B0040EA4F
:1022A000010062F17F02FD2A1DD8B3F1004F40EB1F
:1022B000C25008BF20F00100704790F0000F0CF0F2
:1022C000004C08BF49024CEA502040EA51207F3AB6
:1022D000C2BFD2F1FF0340EAC250704740F4000091
:1022E0004FF00003013A5DDC12F1190FDCBF00F082
:1022F00000407047C2F10002410021FA02F1C2F130
:10230000200200FA02FC5FEA310040F1000053EACB
:102310004C0308BF20EADC70704792F0000F00F019
:10232000004C02BF400010F4000F013AF9D040EA1F
:102330000C0093F0000F01F0004C02BF490011F4B3
:10234000000F013BF9D041EA0C018FE70CEAD153B1
:1023500092EA0C0F18BF93EA0C0F0AD030F0004C31
:1023600018BF31F0004CD8D180EA010000F00040E5
:10237000704790F0000F17BF90F0004F084691F0A3
:10238000000F91F0004F14D092EA0C0F01D14202DD
:102390000FD193EA0C0F03D14B0218BF084608D1A6
:1023A00080EA010000F0004040F0FE4040F40000F0
:1023B000704740F0FE4040F4400070474FF0FF0C83
:1023C0001CEAD0521EBF1CEAD15392EA0C0F93EACA
:1023D0000C0F69D0A2EB030280EA010C49024FEA1C
:1023E000402037D04FF0805343EA111143EA1013D5
:1023F0000CF000408B4238BF5B0042F17D024FF48D
:10240000000C8B4224BF5B1A40EA0C00B3EB510F67
:1024100024BFA3EB510340EA5C00B3EB910F24BF50
:10242000A3EB910340EA9C00B3EBD10F24BFA3EBD5
:10243000D10340EADC001B0118BF5FEA1C1CE0D19D
:10244000FD2A3FF650AF8B4240EBC25008BF20F050
:10245000010070470CF0004C4CEA50207F32C2BFA4
:10246000D2F1FF0340EAC250704740F400004FF041
:102470000003013A37E792F0000F00F0004C02BF72
:10248000400010F4000F013AF9D040EA0C0093F03C
:10249000000F01F0004C02BF490011F4000F013B96
:1024A000F9D041EA0C0195E70CEAD15392EA0C0FFE
:1024B00008D142027FF47DAF93EA0C0F7FF470AF36
:1024C000084676E793EA0C0F04D14B023FF44CAF79
:1024D00008466EE730F0004C18BF31F0004CCAD10E
:1024E00030F000427FF45CAF31F000437FF43CAF4A
:1024F0005FE700BF4FF0FF3C06E000BF4FF0010C6C
:1025000002E000BF4FF0010C4DF804CD4FEA40024D
:102510004FEA41037FEA226C18BF7FEA236C11D097
:1025200001B052EA530C18BF90EA010F58BFB2EB4A
:10253000030088BFC81738BF6FEAE17018BF40F0CA
:10254000010070477FEA226C02D15FEA402C05D17E
:102550007FEA236CE4D15FEA412CE1D05DF8040B03
:10256000704700BF844608466146FFE70FB5FFF796
:10257000C9FF002848BF10F1000F0FBD4DF808ED4E
:10258000FFF7F4FF0CBF012000205DF808FB00BF3F
:102590004DF808EDFFF7EAFF34BF012000205DF899
:1025A00008FB00BF4DF808EDFFF7E0FF94BF0120E6
:1025B00000205DF808FB00BF4DF808EDFFF7D2FFE3
:1025C00094BF012000205DF808FB00BF4DF808ED26
:1025D000FFF7C8FF34BF012000205DF808FB00BFF3
:1025E0004FEA4002B2F1FE4F0FD34FF09E03B3EB20
:1025F00012620DD94FEA002343F0004310F0004F60
:1026000023FA02F018BF404270474FF000007047B5
:1026100012F1610F01D1420205D110F0004008BF54
:102620006FF0004070474FF00000704742000ED23C
:10263000B2F1FE4F0BD34FF09E03B3EB126209D4FD
:102640004FEA002343F0004323FA02F070474FF0B3
:102650000000704712F1610F01D1420202D14FF028
:10266000FF3070474FF00000704700BF53B94AB9C0
:10267000002908BF00281CBF4FF0FF314FF0FF308A
:1026800000F0C0B9ADF1080C6DE904CE00F058F8C7
:10269000DDF804E0DDE9022304B0704710B5002145
:1026A0000446FFF775FF20B92046BDE8104000F052
:1026B00009B804F1004000F005F8404261EB410127
:1026C00010BD00BFD0B5FFF72DF900220B4B064619
:1026D0000F46FFF77FF9FFF73FFC0446FFF700F9CD
:1026E0000022074BFFF776F902460B463046394683
:1026F000FEF7B8FFFFF730FC2146D0BD0000F03DEB
:102700000000F041D0B500220B4B06460F46FFF704
:1027100061F9FFF721FC0446FFF7E2F80022074BBE
:10272000FFF758F902460B4630463946FEF79AFF46
:10273000FFF712FC2146D0BD0000F03D0000F04143
:102740002DE9F047089E0D4604468E46002B40F0CA
:1027500083808A42174647D9B2FA82F34BB1C3F15C
:10276000200105FA03FE20FA01F19F4041EA0E0E16
:102770009C404FEA1748BEFBF8FC1FFA87F908FB9C
:102780001CE20CFB09F0210C41EA024290420AD9FA
:10279000BA180CF1FF3180F01881904240F2158197
:1027A000ACF1020C3A44121AB2FBF8F008FB10220A
:1027B00000FB09F1A4B244EA0244A14209D93C1940
:1027C00000F1FF3280F00381A14240F20081023823
:1027D0003C44641A002140EA0C401EB10022DC4057
:1027E000C6E90042BDE8F08702B9FFDEB2FA82F323
:1027F000002B4FD18D1A01214FEA124E1FFA82F899
:10280000B5FBFEFC0EFB1C5508FB0CF0220C42EA4B
:102810000545A84207D97D190CF1FF3202D2A84222
:1028200000F2E98094462D1AB5FBFEF00EFB105520
:1028300008FB00F8A4B244EA0544A04507D93C19B6
:1028400000F1FF3202D2A04500F2D9801046A4EB7D
:10285000080440EA0C40C0E78B4208D9002E00F083
:10286000B1800021C6E900050846BDE8F087B3FA4B
:1028700083F100294BD1AB4202D3824200F2B980EE
:10288000841A65EB030301209E46002EAAD0C6E9F8
:10289000004EA7E79F40C3F12002D1404FEA174EF8
:1028A000B1FBFEF01FFA87F80EFB101124FA02F2BA
:1028B0009D4000FB08FC2A43150C45EA0145AC4548
:1028C00004FA03F409D97D1900F1FF3180F08F80FB
:1028D000AC4540F28C8002383D44A5EB0C05B5FBBD
:1028E000FEF10EFB115C01FB08F995B245EA0C45BF
:1028F000A94507D97D1901F1FF3274D2A94572D9D2
:1029000002393D44A5EB090541EA004178E7C1F1F0
:1029100020078B4022FA07FC4CEA030C25FA07F447
:102920004FEA1C4EB4FBFEF91FFA8CF80EFB19445B
:1029300020FA07F309FB08FA8D401D432B0C43EAEC
:102940000444A24502FA01F200FA01F309D91CEB92
:10295000040409F1FF3048D2A24546D9A9F1020981
:102960006444A4EB0A04B4FBFEF00EFB104400FB2D
:1029700008FAADB245EA0444A24508D91CEB0404A8
:1029800000F1FF352DD2A2452BD90238644440EA2C
:102990000940A0FB0289A4EB0A044C45C6464D46FB
:1029A00019D316D05EB1B3EB0E0264EB050404FA42
:1029B00007F722FA01F31F43CC40C6E90074002157
:1029C000BDE8F087314630460CE78C46EBE6104612
:1029D000FFE64345E6D2B8EB020E69EB0C05013881
:1029E000E0E72846D3E711468CE78146B9E7084679
:1029F00073E7084649E7ACF1020C3D4413E702389F
:102A00003C4424E7704700BF10B50C46416986B0CE
:102A100001F26C71036982690491016803EB43035D
:102A20000391416802EB4202029181680191C16801
:102A30002046009104490B4404490A440449FBF729
:102A400077FA204606B010BDC5920B08B0920B086D
:102A500090920B08002102F0D3BB0A22002102F061
:102A60005FBC000010B504460448134620B10A4676
:102A700002202146AFF3008010BD00BF000000001F
:102A800008B5801A61EB0301FEF776FF08BD000070
:102A90002DE9F0410C46074603F05AFB21468046DB
:102AA000384603F059FB436904469A0703F26C76F3
:102AB00005D1642296FBF2F302FB13637BBB4FF458
:102AC000C87396FBF3F503FB1565B5FA85F56D093B
:102AD0003022684B02FB053502F0FAFD02F004FEDD
:102AE000654B1B6853B3D8F80430B34219D1D7E90A
:102AF0000067D8E90823D8F80010D1B9964277EBDF
:102B0000030323DAD8E91223964277EB0303B4BF19
:102B10000123002323621BDBD8F828101AE00125CB
:102B2000D6E7304602F02CFD0028E0D14FF0FF330D
:102B300004E0964277EB030302DA00232362EBE71B
:102B4000D8E91223964277EB0303F6DA01232362D6
:102B5000D8F850104FF4616391FBF3F63C2003FB6F
:102B6000161393FBF0F200FB123061682368891A98
:102B7000A2681B1A921B3B2B23606160A26034DDAC
:102B8000013161603C3B236063683B2B33DD0132E4
:102B9000A2603C3B6360A368172B32DDE269183BFF
:102BA0000132E261A269A3600132062AC8BF002295
:102BB000A261E26823690132E26055F823108A427B
:102BC0000EDD0B2BA2EB0102E26003F1010205BF57
:102BD000002263692261013302BF22616361E26105
:102BE00002F07CFD2046BDE8F081002BCCDA0139F3
:102BF00061603C33C7E7002BCDDA013AA2603C3379
:102C0000C8E7002BECDAE2691833013AE261A26905
:102C1000A360013A48BF0622A261E268013AE2607D
:102C2000002ADDD12369013B05D42361236955F8CE
:102C30002330E360D4E70B23236163695A1E62618A
:102C400003F26B72930705D1642192FBF1F301FB50
:102C5000132363B94FF4C87192FBF1F301FB132303
:102C6000B3FA83F35B0903F5B673E361DEE701238F
:102C7000F9E700BF4C930B08781100200A449142F9
:102C800000F1FF3300D1704710B511F8014B9142AC
:102C900003F8014FF9D110BD884210B501EB0204D1
:102CA00002D98442234607D8431EA14208D011F816
:102CB000012B03F8012FF8E7014602448A4200D1B4
:102CC00010BD13F8014D02F8014DF7E70346024429
:102CD000934200D1704703F8011BF9E7F7B501688B
:102CE00004463B2911D93C22684602F087FE019A2E
:102CF00063680099002A0B446360BBBF3C3203F158
:102D0000FF3322602260B8BF636061683B2911D93C
:102D10003C22684602F072FE019AA3680099002ADC
:102D20000B44A360BBBF3C3203F1FF3362606260BF
:102D3000B8BFA360A168172911D91822684602F00C
:102D40005DFE019AE3680099002A0B44E360BBBF73
:102D5000183203F1FF33A260A260B8BFE3602169BB
:102D60000B2911D90C22684602F048FE019A6369CA
:102D70000099002A0B446361BBBF0C3203F1FF339F
:102D800022612261B8BF63616369990720D1642120
:102D900093FBF1F201FB1232E2B94FF4C87103F276
:102DA0006C7393FBF1F201FB1233002B14BF1C2355
:102DB0001D23E268002A0FDC0B2664204FF4C8753F
:102DC000314FD4F80CC0BCF1000F31DD03B0F0BDC1
:102DD0001C23EEE71D23ECE74FF0000C64254FF4B5
:102DE000C876294FD4E90312012A0CBF184657F8B8
:102DF00022008142EADD0132091A0C2AE1602261D7
:102E0000F0D163695A1C9107C4E904C237D192FB1F
:102E1000F5F105FB1122002A33D103F26D7393FB08
:102E2000F6F206FB1233002B14BF1C231D23D9E737
:102E3000216901392161013114D16369591E8A0761
:102E4000C4E9046117D191FBF0F200FB1211A1B9A2
:102E500003F26B7393FBF5F205FB1233002B14BFE7
:102E60001C231D232269012A0CBF1A4657F8222071
:102E70006244E260A5E71C23F4E71D23F2E71C236C
:102E8000B0E71D23AEE700BFEC920B082DE9F04F31
:102E90008BB0054603F05CF94FF03C0A0746284624
:102EA000FFF71CFFD5E900230AFB03234FF4616AF7
:102EB000A868B44A0AFB003AD5E9034352F8232034
:102EC000013C012B6E69144411DDB1070FD164225E
:102ED00096FBF2F302FB136343B94FF4C87206F298
:102EE0006C7191FBF2F302FB131303B9013444F646
:102EF000206206F51C5310339342EC6100F26881A6
:102F0000462E77DD462340F26D1E64214FF4C870D3
:102F10009A0769D193FBF1F201FB1232002A66D1C4
:102F200003F26C7C9CFBF0F200FB12C2002A14BF7F
:102F300072464FF4B77201339E421444E8D1924B6B
:102F40004FEAEA7BC3FB04AB02F0C2FB02F0CCFB0E
:102F50008E4BD3F80090B9F1000F3FD0D5F82090F8
:102F600068697B68B9F1010F00F26C70C846A8BFB0
:102F70004FF0010883427FD13B6D1946DA17CDE946
:102F80000012D7E91212CDE90212DDE90201BA6A94
:102F9000801A61EBE2718245CDE906017BEB01010C
:102FA00071DA0098396A091A04910198796A61EB1B
:102FB000000105913968002975D0DDE904018245D9
:102FC0007BEB010105DBDDE9060182457BEB0101BD
:102FD0006FDBB9F1000F4FF000096FDABB6A1AEB33
:102FE000030A4BEBE37BAEE040F26D12A3E74FF434
:102FF000B772A0E7A3D0452340F26D1E64214FF4C1
:10300000C87012E062BB93FBF1F201FB123252BBBB
:1030100003F26C7C9CFBF0F200FB12C2002A14BF8E
:1030200072464FF4B772A41A013B9E4203F00302AA
:10303000E8DBDAB9642296FBF2F302FB1363C3B94F
:103040004FF4C87206F26C7191FBF2F302FB13139A
:10305000002B40F26D1308BF4FF4B773E41A6EE70C
:1030600040F26D12DFE74FF4B772DCE740F26D1308
:10307000F4E74FF4B773F1E702F082FA00287FF427
:103080007BAFC14654E000980299091A0891019853
:10309000039961EB00010991DDE9080182457BEBB1
:1030A0000101EEDB7DE7DDE9040182457BEB0101F7
:1030B00089DBB9F1000F3FDB4FF0010988EA09080D
:1030C000B8F1010F34D1B9F1000F4FD0D31A2A68EB
:1030D0001AEB030A1A442A602846D5F80C804BEBF9
:1030E000E37BFFF7FBFDEA68B2EB080220D0012A80
:1030F0003EDC901CD8BF0122EB691444D31847D59D
:10310000721E910737D1642192FBF1F301FB132367
:10311000A3BB4FF4C87206F26B7696FBF2F302FB88
:103120001366002E40F26D1318BF4FF4B673EB61B7
:10313000B9F1010F7FF452AF4FF001093B6D1AEB6B
:10314000030A4BEBE37B02F0C9FA0723043494FB38
:10315000F3F3C3EBC303E41A48BF0734C5F8209068
:10316000AC61504659460BB0BDE8F08F9B1AAEE7F4
:103170004FF0FF32C0E74FF4B673D8E740F26D135B
:10318000D5E700BF1C930B08805101007811002087
:10319000B20717D1642196FBF1F201FB1262A2B9CA
:1031A0004FF4C87106F26C7696FBF1F201FB1266E1
:1031B000002E40F26D1208BF4FF4B7729342A8BFC1
:1031C0009B1AB4E740F26D12F8E74FF4B772F5E7D7
:1031D0004FF0FF3A4FF0FF3BC3E700BF38B50D4B50
:1031E00004461D68AB6B7BB91820FAF789FE0A4AC2
:1031F0000A4BA863C0E90023094B012283600B231B
:1032000083810023C0E904230022AB6B1C615A6157
:1032100038BD00BF100000200E33CDAB34126DE678
:10322000ECDE0500134B10B51C68A36B7BB91820AE
:10323000FAF766FE104A114BA063C0E90023104B59
:10324000012283600B2383810023C0E90423A16B47
:103250000C480A694B6950430B4C04FB0300A2FB6A
:1032600004345A1C044444F10000C1E9042020F055
:10327000004010BD100000200E33CDAB34126DE6BF
:10328000ECDE05002DF451582D7F954C024610B50B
:10329000147813460132002CFAD1013B11F8012BAE
:1032A00003F8012F002AF9D110BD0346C9B2184610
:1032B00013F8012B12B18A42F9D17047002918BFC7
:1032C0000020704710B50446FFF7EFFF18B92046FD
:1032D00000F092FD204410BD10F8012B11F8013BC5
:1032E000012A28BF9A42F7D0D01A7047034611F836
:1032F000012B03F8012B002AF9D17047024B01463C
:10330000186800F003B800BF1000002070B5044634
:1033100008460D4600F070FD461C31462046FAF77F
:1033200037FE044618B132462946FFF7A7FC20466F
:1033300070BD0000416940F26C730029A8BF6FF0B6
:103340006303CA188B0705D1642192FBF1F301FBDB
:103350001323DBB94FF4C87192FBF1F301FB132384
:10336000B3FA83F35B09D0E90602400000EB0210D8
:10337000184441F2A26398423AD021DC01281ADCB9
:103380000028B4BF00204FF0FF3070470123EAE768
:10339000172813D8DFE800F00C0C0C0C12120C0CE0
:1033A000121212121212121212120C0C12120C0C15
:1033B0004FF0FF3070470A381728E9D900207047CE
:1033C00041F2B463984206DC41F2B1639842D4BF43
:1033D000002001207047A0F5B65002381528EDD81E
:1033E0000123834003481840003818BF012070476C
:1033F000012070471F002A002DE9F04F1E460023D0
:1034000007460D461C4691B004931378002B00F03C
:10341000DA84252B1FD192F80190B9F1300F24D016
:10342000B9F12B0F21D04FF0000902F1010A9AF8EF
:103430000030313B082B1BD850460A2208A902F065
:1034400095F88046DDF820A09AF80030452B12D17F
:103450000AF1010A11E0691EA14202D8002400F01D
:10346000B5BC3B5501320134CFE702F1020ADEE779
:103470004FF00008E8E74F2BEAD09AF80000A0F1DF
:103480002503552BEAD801A252F823F0BB3D0B08C7
:103490005D340B085D340B085D340B085D340B089C
:1034A0005D340B085D340B085D340B085D340B088C
:1034B0005D340B085D340B085D340B085D340B087C
:1034C0005D340B085D340B085D340B085D340B086C
:1034D0005D340B085D340B085D340B085D340B085C
:1034E0005D340B085D340B085D340B085D340B084C
:1034F0005D340B085D340B085D340B0821360B0876
:1035000079360B08EB360B0883370B085D340B0854
:10351000CD370B08C1380B08CB390B08D9390B084C
:103520005D340B085D340B085D340B08093A0B0859
:103530005D340B085D340B081D3A0B085D340B0835
:103540006D3A0B08833B0B08933B0B08E73B0B08DA
:10355000F73B0B08693C0B08E3360B089D3C0B0856
:10356000693D0B085D340B085D340B085D340B08B6
:103570005D340B085D340B085D340B08E5350B0832
:103580004F360B08A5360B085F370B085F370B0863
:103590005D340B0823380B084F360B085D340B08DD
:1035A000FB390B08CB390B08D9390B08033A0B0848
:1035B0000D3A0B085D340B081D3A0B085D340B08FF
:1035C000D3360B087F3A0B08873B0B08CD3B0B0823
:1035D0005D340B085B3C0B08DB360B08813C0B08A9
:1035E000F93C0B08B369A94A183352F823804046C6
:1035F00000F002FC08F1FF3820446B1EA04207D106
:103600009AF80030002B00F0DE830AF10102FCE69C
:10361000A3427FF623AF18F8012F3A550134EDE7A6
:10362000B2699A4B03EB8203D3F87C80404600F0EA
:10363000E3FB08F1FF3820446B1EA042E0D0A34218
:103640007FF60CAF18F8012F3A550134F5E78F4B90
:10365000326953F82280404600F0CEFB08F1FF3873
:1036600020446B1EA042CBD0A3427FF6F7AE18F8E1
:10367000012F3A550134F5E73369844A0C3352F887
:103680002380404600F0B8FB08F1FF3820446B1E51
:10369000A042B5D0A3427FF6E1AE18F8012F3A550B
:1036A0000134F5E7794BD3F8A080404600F0A4FB45
:1036B00098F80030002BA3D01A9B42460093334663
:1036C000291B3819FFF798FE00287FF7C7AE04447E
:1036D00096E76E4BD3F8E480E7E76C4BD3F89C8019
:1036E000E3E76A4BD3F89880DFE76949D6F814B06E
:1036F0008B45ACBF00210121BBF1000F10DB642022
:103700009BFBF0F01330B9F1000F13D0632824DDD8
:10371000604A614BB9F12B0F18BF13465F4A0BE0AB
:103720000BF26C70059102F065F96423059990FB2A
:10373000F3F0E8E7574B5A4AB8F1020F2CBFC1EB40
:103740000801C1F10201019000915148554983459A
:10375000B8BF0B46291B381929E04E4BDEE752490A
:10376000524AF368642808BF0A46291B3819FAF739
:10377000F7FB0028FFF672AE0444A5423FF640AFC7
:103780006CE670693369002803F1010B07EB04084C
:10379000F368A5EB04090DDB642190FBF1F201FB5A
:1037A0001202CDE9003249465B464046404AFAF7EC
:1037B000D7FBDEE700F26C70059302F01BF9642280
:1037C00090FBF2F1059B01FB1202EAE725238DF83D
:1037D0002030B9F1000F13D0B8F1060F38BF4FF009
:1037E0000608B8F106038DF821900ED10DF12200E4
:1037F0003049FFF77BFD1A9B08AA009333465FE729
:103800004FF02B094FF00A08EBE71E212A4A0DF171
:103810002200FAF7A5FB0028E8DD0DF12203184489
:10382000E6E73046FFF786FD80467069002811DB29
:10383000642290FBF2F302FB13039844642398FB89
:10384000F3F003FB10889844B8FBF3F203FB1283F8
:10385000154A8AE700F26C7002F0CCF8642390FB02
:10386000F3F2B8F1000F02FB130306DA7169134A91
:103870009142B8BF4FF00108DFE7DED07169044A1A
:103880009142B8BF4FF0FF38D7E700BFB0950B08A3
:1038900094F8FFFF838A0B08BB930B08B3930B08C4
:1038A000AC930B088A8A0B08CB930B08BD930B08CB
:1038B000C1930B0803940B08538F0B0895F8FFFF77
:1038C000B74B716930469942ACBF00230123CDE963
:1038D0000531FFF72FFD0699834600292ADB642274
:1038E00091FBF2F21332706900282DDB4FF0640C6B
:1038F00090FBFCFE0CFB1E00BBF1000F33DA71697C
:10390000A84B994239DB0BEB0003591C3AD16323D6
:10391000013A642000FB0232059B002B37D02D2397
:103920008DF82030B8F1000F01D008F1FF380DF10B
:10393000210337E001F26C70069102F05BF864221B
:10394000069990FBF2F2CEE700F26C70CDE9061218
:1039500002F050F8DDE906124FF0640C90FBFCFE1B
:103960000EFB1C00C8E7CED08D4B9942B6BF012399
:1039700000234FF0FF3B0593C5E74FF0010BCDF857
:1039800014B0C0E7642B04BF00230132C1E7B9F1D2
:103990002B0F06D142F20F739A4202D98DF8209074
:1039A000C0E708AB25211970B9F1000F09D1581CE7
:1039B0007D490592FFF79AFC059A0092434608AAB2
:1039C00058E03021981C5970F2E77849784AB3687A
:1039D0006B2808BF0A46C8E6B36863B10C2B04D055
:1039E0000C2193FBF1F201FB123371496F4A492814
:1039F00008BF0A46B9E60C23F7E7F3696D4A0133BD
:103A0000B3E63369013323E7736821E76B1EA342F2
:103A10007FF624AD0A233B550134F1E5B3680B2B47
:103A2000CCBFA422A022644B1344D3F804804046A8
:103A300000F0E2F908F1FF32204405F1FF3CA0421A
:103A40003FF4DEADA4457FF609AD9AF8001012F8F8
:103A5000013F502907D15949C95C01F003010129EF
:103A600008BF2033DBB23B550134E8E77368544AA2
:103A70000093B368291B3819FAF772FA79E6336AAA
:103A8000002B7BDB01F024FE049B0BB901F02CFE24
:103A900002F05EFB336A002BCCBF50232823C358AF
:103AA000C3F1000901F01AFE01230493D6F814C0F3
:103AB000A5EB040E6246BCF145014FEAE2730291A8
:103AC00043F1FF310391DDE90201002871F10001AA
:103AD00007EB040805DABCF1420143F1FF33029120
:103AE0000393029B0CF1FF329808039B40EA83701A
:103AF0009910642392FBF3F3C01A61EBE3714FF466
:103B0000C8730CF22B1292FBF3F3C01841EBE37174
:103B100040F26D13ACF1460C03FB0CFC10EB0C00F7
:103B200041EBEC714FF0180CF369C01841EBE371F5
:103B3000A0FB0C230CFB01334FF03C0CB168521876
:103B400043EBE173A2FB0C010CFB03117368C0187B
:103B500041EBE371A0FB0C230CFB013331684046C1
:103B6000521843EBE173B2EB090263EBE973CDE961
:103B700000237146134AFAF7F3F9FAE54FF000090A
:103B800094E7336864E66B1EA3427FF667AC0923B3
:103B900041E733680C4A019373680093B368D9E531
:103BA00094F8FFFF95F8FFFFD0930B08BD930B0827
:103BB000CB930B08D4930B08B0950B08E9960B0830
:103BC000E3930B08D9930B08DE930B086B1EA342FB
:103BD0007FF644ACB3693A19013413B93723137033
:103BE0000EE53033FBE7F369B26907339B1A07220E
:103BF00093FBF2F32CE63046FFF79CFBB26932B13F
:103C0000013A002827DCF36903D10A33EEE70622E4
:103C1000F7E77069D31A002840F26B72A8BF6FF003
:103C200064021044820705D1642290FBF2F102FB8A
:103C3000110171B94FF4C87190FBF1F201FB12024E
:103C4000B2FA82F252099A1A052AB4BF35233423F4
:103C5000FEE50122F7E70123FAE56B1EA3427FF69A
:103C6000FDABB3693033D6E6B3693BB1013BF269D2
:103C70000732D21A072392FBF3F3E9E50623F6E7AE
:103C80007069002805DB642290FBF2F303FB12034A
:103C9000DEE500F26C7001F0ADFEF4E773694D4AA9
:103CA00093420CDA2D21A2EB030B8DF82010B8F112
:103CB000000F01D008F1FF380DF121030CE0B9F13C
:103CC0002B0F03F26C7B06D142F20F739B4502D996
:103CD0008DF82090EBE708AB25221A70B9F1000FA0
:103CE00006D1581C3C49FFF701FBCDF800B065E652
:103CF0003022981C5A70F5E7336A002BFFF680AC2F
:103D000001F0E6FC049B0BB901F0EEFC02F020FA96
:103D1000336A07EB0409002BCCBF50232823C35878
:103D2000A5EB040BC3F1000801F0D8FC3C2398FB81
:103D3000F3F002F0C1FA3C2390FBF3F202FB130014
:103D40004FF46163009098FBF3F359464846234AC9
:103D5000FAF706F90028FFF681AB0444A5427FF686
:103D60007DAB012304934BE4336A002BFFF648AC90
:103D700001F0AEFC049B0BB901F0B6FC336A184AA3
:103D8000002BD4BF0023012352F82380404600F0CB
:103D900033F808F1FF3820446B1EA04202D101F035
:103DA0009DFCDEE7A34204D918F8012F3A550134EF
:103DB000F3E701F093FCFFF751BB6B1EA3427FF6C4
:103DC0004DAB252327E60DB100233B55204611B00E
:103DD000BDE8F08F94F8FFFFD0930B08ED930B082C
:103DE0007400002013B5034C0094FFF705FB02B0EC
:103DF00010BD00BFDC000020034613F8012B002A91
:103E0000FBD1181A0138704710B56AB1013984180E
:103E100010F8013B11F8012F934203D1A04201D0C9
:103E2000002BF5D1981A10BD1046FCE7034610B5DB
:103E3000013932B111F8014F013A03F8014B002C5E
:103E4000F7D100211A44934200D110BD03F8011BA1
:103E5000F9E783070FD1642290FBF2F302FB13030F
:103E60005BB94FF4C87290FBF2F302FB1300B0FA97
:103E700080F040097047002070470120704770B5FE
:103E80000421044640F2B1750726013CAC4201DC36
:103E9000084670BD2046FFF7DCFF01F26D110144BA
:103EA00091FBF6F0C0EBC000091AEEE72DE9F041F6
:103EB00005460E469046002456F8240010B94FF0EF
:103EC000FF340DE0FFF798FF43460746024656F8D9
:103ED0002410286802F058FE28B928683844286061
:103EE0002046BDE8F0810134E6E700002DE9F04FFF
:103EF0000F4614461E46002587B0DFF84893DFF8CA
:103F0000488301903A786ABB05F00703072B40F01D
:103F10000983EA0612D4C54B2669606953F8261056
:103F2000E36800F26C701944E161FFF792FF08B199
:103F3000012E01DC0139E16145F0100505F01C0599
:103F4000142D0DD1606900F26C70FFF798FFE369E2
:103F50001844072390FBF3F3C3EBC303C01AA0611B
:103F6000019821E212F8093018070AD5019B1A7846
:103F700019F80220110701D40137C3E70133019377
:103F8000F4E7252A40F0CA827B78002B00F0C68235
:103F9000452B00F0BB804F2B00F0B8800137A3F118
:103FA0002502D1B2542900F2AC82542A00F2A9822F
:103FB00001A151F822F000BFFB440B0803450B0898
:103FC00003450B0803450B0803450B0803450B0885
:103FD00003450B0803450B0803450B0803450B0875
:103FE00003450B0803450B0803450B0803450B0865
:103FF00003450B0803450B0803450B0803450B0855
:1040000003450B0803450B0803450B0803450B0844
:1040100003450B0803450B0803450B0803450B0834
:1040200003450B0803450B081B410B0839410B08DE
:1040300057410B089D410B0803450B08CF410B0866
:1040400003450B08F3410B080F420B0803450B080F
:1040500003450B0803450B088D420B0803450B086D
:1040600003450B0803450B0803450B08ED420B08FD
:104070004F430B086F430B08AF430B08ED430B088E
:104080003F440B08B1440B08DD440B08793F0B0893
:1040900003450B0803450B0803450B0803450B08B4
:1040A00003450B0803450B0833410B0851410B082E
:1040B0007F410B08AF410B08AF410B0803450B08CC
:1040C00003450B0851410B0803450B084D420B08F3
:1040D000F3410B080F420B086F420B08A7420B0875
:1040E00003450B08B3420B0803450B08D5420B08E8
:1040F000F5420B0867430B0877430B0803450B0891
:1041000093430B08A7440B08BB440B08BB78BA1CAD
:10411000002B00F0F181174641E73246444901A8DF
:10412000FFF7C4FE0028C0F23E81A06145F00805FB
:1041300022E732463F49F2E732463F4901A8FFF7FE
:10414000B5FE0028C0F22F81206145F0020513E77B
:1041500032464146F2E733460A22019803A901F0AC
:10416000D5F8039A019B9A4200F01D8164235843BD
:10417000A0F26C706061019245F00405FCE63346E4
:104180002246D8F8A0100198FFF7B0FE039000284F
:1041900000F00981019045F00F05EDE63346224617
:1041A00026490198FFF7A2FE0390F0B9FBE03346E1
:1041B0000A22019803A901F0A9F8039B019A9342EE
:1041C00000F0F180E060019345F00105D4E633464C
:1041D00022461B490198FFF789FE0390002800F052
:1041E000E280019B984200F0DE80019045F00705D7
:1041F000C2E633460A22019803A901F087F8039B1F
:10420000019A934200F0CF80A0600193B4E6334658
:104210000A22019803A901F079F8039B019A9342BD
:1042200000F0C1800C2808BF0020EDE70C940B08BB
:104230002C960B0810960B08E0950B08F9930B08C9
:1042400002940B08E9960B08B0950B0833460A2236
:10425000019803A901F05AF8039B019A934200F0D8
:10426000A2800138E061019345F0100584E63346F1
:104270000A22019803A901F049F8039B019A93428D
:1042800000F091800138206101935EE733460A22F5
:10429000019803A901F03AF8039B019A934200F0B8
:1042A00082806060B1E7019B1A780A2A00F02E81B3
:1042B00079E03246AC4901A8FFF7F8FD002872DB2F
:1042C000A3682BB901287FF457AE0C23A36053E6F3
:1042D0000C33FBE733462246D8F8E4100198FFF789
:1042E00005FE039000285ED0019045E63346224645
:1042F0009E49F3E7F9F754FE0568F9F751FE0023EC
:104300000A22036003A93346019801F0A9F8824606
:104310008B46039A019BCDE904AB9A4243D0F9F74F
:104320003FFE0368002B3ED1DDE904235B4508BF57
:10433000524538D1214604A8FEF7AAFB844232D167
:10434000F9F72EFE039B05601F25019314E6334603
:104350000A22019803A900F0D9FF039B019A934216
:1043600021D0206051E7019B1A78092A9EE7334645
:1043700022467F49B2E733460A22019803A900F09A
:10438000C5FF039B019A93420DD00138A0610193B0
:10439000CCE633460A22019803A900F0B7FF039B3D
:1043A000019A9342F2D1002007B0BDE8F08F334666
:1043B0000A22019803A900F0A9FFDDF80CB0019BC7
:1043C00082469B45EFD06069CAEBCA0A00F26C7066
:1043D000FFF755FDA36953441B1A002BE36102DA72
:1043E000A0610023E361CDF804B03DE733460A2223
:1043F000019803A900F08AFFDDF80CB0019B82460A
:104400009B45D0D0606900F26C70FFF738FD072340
:10441000821D92FBF3F3C3EBC303D21A032ACCBF72
:10442000002307230AF1FF30C0EBC0000344A0695A
:1044300003449B1A002BE361D5DAA261D1E733462E
:104440000A22019803A900F061FFDDF80CA0019B8E
:1044500083469A45A7D0606900F26C70FFF70FFDA4
:104460004FF0070C831D93FBFCF2A169C2EBC20263
:1044700006319B1A91FBFCF2C2EBC202891ACBEB0C
:10448000CB020A44D21A002AE26109DA013393FB13
:10449000FCFCCCEBCC0CA3EB0C03A3610023E3618D
:1044A000CDF804A0E0E633462246D8F89C1078E622
:1044B00033462246D8F8981010E733460A2201986E
:1044C00003A900F023FF039B019A93423FF46BAFD3
:1044D000452800DC6430606101934DE633460A22D2
:1044E000019803A900F012FF039B019A93423FF445
:1044F0005AAFA0F26C70EEE70137019B1A78252ABB
:10450000D4E6019A1178252902D1019B01337CE67A
:10451000511C019152789A42F7D044E7019B1978D7
:104520009142C3E605F01403142B7FF407AD15F098
:10453000020303D1E1691E291EDC2361EB073FF56D
:10454000FDAC26690B4BE16953F826306069C91A46
:10455000E16000F26C70FFF77CFC10B1012E3FF7B8
:10456000EDAC0131E160E9E454960B085C860B0880
:10457000FE850B080C940B086069084E00F26C7005
:10458000FFF767FC022356F823200244914202DB26
:1045900001330C2BF7D1013BCFE700BF0C940B0884
:1045A000014BFFF7A3BC00BFDC00002038B5034679
:1045B0000C4669B9BDE83840FEF777BE0546431C96
:1045C00021461846FEF771FE0028F7D1284638BD6F
:1045D0000025F5E72DE9F0410F46904602F084F9F9
:1045E00004460D46B8F1000F11D0C7F30A53C3F1CA
:1045F0006B03002B0BDD00241B0503F17F5505F534
:10460000401522462B46FDF7E5F904460D462046A7
:104610002946BDE8F08100002DE9F04F9B460023BC
:10462000A1B01C93A14B82461F680E4638461792D4
:10463000FFF7E2FB4FF0000804464FF000091B961D
:104640001B9B1A782B2A4CD03AD80D2A33D8082A2B
:1046500033D8002A3DD000230C931B9D2B78302BA0
:1046600040F0AF806B7803F0DF03582B6CD10C9BCC
:10467000504601931CAB00938D4ACDF808B01DAB9A
:104680001BA901F037FA10F00706044605D0062EE4
:1046900029D1002301351B950C93179B002B40F06B
:1046A00096850C9BD3B1424609F10043104619464A
:1046B00021B0BDE8F08F202ACDD101331B93BFE795
:1046C0002D2AC8D101220C925A1C1B925B78002B18
:1046D000C3D1179B1B96002B40F0778542464B4673
:1046E000E4E70022EFE71C9A3AB135211EA802F058
:1046F000F2F950461C9901F02DFE013E052E07D817
:10470000DFE806F00E0B181D0E034FF00009C84637
:104710002107C2D549F00049BFE7DDE91E89F7E767
:104720001D9ADDE91E8302F2334223F4801343EA2B
:104730000259EDE74FF00008DFF87891E8E76FF0F5
:1047400000494FF0FF38E3E71B9B5A1C1B925B7834
:10475000302BF9D0002BA0D0012307931B9B0A22FA
:10476000089300239B46CDE905331B980578A5F1F6
:104770003003D9B2092926D922463946FFF744FB2E
:10478000002832D000202B465C4602460490652B60
:1047900001D0452B13D11CB9079B034399D00024AA
:1047A0001B9E731C1B9373782B2B78D02D2B7BD0E7
:1047B0000027A3F13001092940F282801B960025D1
:1047C0009EE00023C9E7BBF1080FD5BF0699059904
:1047D00002FB013302FB013300F10100D4BF069359
:1047E00005930BF1010B1B90BFE71B9B1A191B9242
:1047F0001B5DBBF1000F36D05C460490A3F1300284
:10480000092A12D90122C2E71B9B01305A1C1B92B4
:104810005B78302BF8D0A3F13102082A00F2DC8457
:104820000490002004461B9A0892303B00F10102DC
:1048300013D0049905191144049122460A21AA4271
:1048400013D12218082A04F1010404441BDC0A22B3
:10485000069902FB0133069300221B9B1046591C4C
:104860001B915B78CAE75846D3E7082A04DC069F09
:104870004F4306970132E2E7571C102FDEBF059F1A
:104880004F430597F6E7102CDFBF0A22059902FB7C
:1048900001330593E0E70023012204937CE700271E
:1048A000B31C1B93B37884E70127F9E7EC970B0857
:1048B00048940B080000F07F1B9B591C1B915B78F0
:1048C000302BF9D0A3F1310108293FF678AF4FF032
:1048D0000A0EA3F1300C1B9B09931B9B591C1B91C7
:1048E0005B78A3F13005092D35D9099D491B0829AD
:1048F00044F61F6502DC6545A8BF654607B16D42F9
:10490000002C4CD1079901437FF4C7AE002A7FF4F5
:10491000E0AE692B26D023DC492B23D04E2B7FF42D
:10492000D8AE9C491BA801F021FB00283FF4D1AE72
:104930001B9B1B78282B2CD197491EAA1BA801F082
:1049400029FB052825D11F9BDDF8788043F0FF491E
:1049500049F4E009A1E60EFB0C3CACF1300CBCE7DD
:104960006E2BDCE78D491BA801F000FB00283FF40B
:10497000B0AE1B9B8A49013B1BA81B9301F0F6FAC2
:1049800010B91B9B01331B934FF00008DFF82092F6
:1049900083E6844802F0F2F8804689467DE6049B6F
:1049A000BBF1000F08BFA346EB1A102C0698264651
:1049B0000793A8BF1026FCF793FF092C8046894671
:1049C00013DD794B03EBC60353E91223FDF702F81D
:1049D000804605988946FCF783FF02460B46404611
:1049E0004946FCF741FE804689460F2C36DC079B82
:1049F000002B3FF452AE22DD162B09DC6A4C4246F6
:104A000004EBC3044B46D4E90001FCF7E3FFC3E722
:104A1000079AC4F12503934220DB634DC4F10F04D0
:104A200005EBC4014246D1E900014B46FCF7D2FF39
:104A3000079B1C1B05EBC405D5E90023E5E7079B95
:104A400016330BDB049B584A5D1B02EBC505404641
:104A5000D5E900234946FDF7E7F89DE7079BA61B2C
:104A60001E44002E71DD16F00F030AD04E49424657
:104A700001EBC301D1E900014B46FCF7ABFF8046D7
:104A8000894636F00F0650D0B6F59A7F27DD4FF0F5
:104A9000000BCDF810B0CDF820B0CDF818B022231F
:104AA0004FF00008DFF80891CAF80030089B002B8F
:104AB0003FF4F3AD50461C9901F04CFC504606996A
:104AC00001F048FC5046049901F044FC5046089916
:104AD00001F040FC5946504601F03CFCDDE5002366
:104AE000404649461F463611012E21DC0BB1804657
:104AF00089462E4BA9F1547903EBC7074246D7E903
:104B000000014B46FCF766FF294B0A460B4029493A
:104B100080468B42BBD8A1F580118B4286BF4FF0F7
:104B2000FF38DFF8949002F15479002305937EE07A
:104B3000F20707D51D4B03EBC703D3E90023FCF7AE
:104B400049FF012301377610CEE7EED0764216F00A
:104B50000F020AD0144B404603EBC2034946D3E987
:104B60000023FDF761F8804689463611DDD01F2EFF
:104B700024DD4FF0000BCDF810B0CDF820B0CDF80B
:104B800018B022234FF000084FF00009CAF8003097
:104B90008CE700BF99940B085C940B083C940B08BD
:104BA0003F940B08838A0B0828980B0800980B0881
:104BB0000000F07F0000A07CFFFFEF7F16F01003E5
:104BC00018BF6A234046059349460023B24FF207B7
:104BD00004D5D7E90023FCF7FDFE0123761007F189
:104BE0000807F4D10BB180468946059BBBB1C9F3D8
:104BF0000A53C3F16B03002B494610DD1F2B40F312
:104C00002B81342BD8BF4FF0FF324FF00008CFBFBD
:104C10004FF05C79203B02FA03F303EA010900221A
:104C2000002340464946FDF73DF90028A1D1069BE7
:104C30005A46009350462346089901F0E0FB08903D
:104C400000283FF424AF049B4FF0000B5D1B079B33
:104C5000CDF810B0002BB4BF2B4600230E93079B5A
:104C600023EAE3731693089B5046596801F03EFB14
:104C7000069000283FF413AF089B0C301A6903F12B
:104C80000C0102329200FDF7F9FF1EAB01931DAB40
:104C9000009342464B465046CDE90A8901F09EFEFC
:104CA0001C9000283FF4FBAE0121504601F033FC7C
:104CB0000346049000283FF4F2AE1D9D1E9A002D7D
:104CC000ABBF0E9B169BEE185C1B059BA8BF169CEA
:104CD000A5EB03051544714B05F1FF35B8BF0E9EDA
:104CE0009D42C2F1360280F2C9805B1B1F2B4FF040
:104CF0000107A2EB030200F3B680002507FA03F3D5
:104D00000F93B718059BBE4214441C443346A8BFFA
:104D10003B46A342A8BF2346002BC2BFFF1AE41A9A
:104D2000F61A0E9B002B17DD1A465046049901F027
:104D300097FC049000283FF4B2AE01461C9A5046FE
:104D400001F0F2FB099000283FF4A9AE50461C99EF
:104D500001F000FB099B1C93002F00F39380079B3D
:104D6000002B08DD5046169A069901F079FC069052
:104D700000283FF494AE002C08DD224650460699E8
:104D800001F0BCFC069000283FF489AE002E08DD3F
:104D900032465046049901F0B1FC049000283FF4DB
:104DA0007EAE5046069A1C9901F022FD83460028EB
:104DB0003FF475AE0024C3680499C4600D9301F0FC
:104DC000FCFCA04270DA0D9B53EA080340F0968089
:104DD000C9F31303002B40F0918029F000431B0D11
:104DE0001B05B3F1D66F40F28980DBF8143023B98C
:104DF000DBF81030012B40F38180594601225046E8
:104E000001F07CFC0499834601F0D7FC002875DD95
:104E100005994B46224A002900F0918002EA0901D7
:104E2000B1F1D66F00F38B80B1F15C7F7FF7A9AE53
:104E300000231C4A4046CDE914324946DDE91423DB
:104E4000FCF7C8FD0B46034308BF22238046894672
:104E500008BFCAF800302DE64FF0FF3202FA03F324
:104E600003EA0808DBE6C5F17F4505F57F0505F592
:104E70007B45E23507FA05F50F9742E70123002548
:104E80000F933EE73A4650461C9901F037FC1C90C0
:104E900000287FF464AF02E670940B0802FCFFFF69
:104EA0000000F07F00005039CDF8249066D10D9AB3
:104EB000C9F313035AB39C4A93422CD1059B404635
:104EC00003B34B46994A4FF0FF311A40B2F1D46F09
:104ED0001BD8120DC2F16B0301FA03F398421AD1E9
:104EE000934B099A9A4202D101303FF4D8AD4FF06A
:104EF00000088E4B099A1A4002F58019059B002B79
:104F000096D1D7E54FF0FF33E8E70B46E6E753EAE3
:104F100008033FF47DAFE5B1099B1D42EED00D9B28
:104F200040464946059AC3B1FFF754FB02460B467B
:104F3000DDE90A01FCF798FB80468946DEE713406D
:104F4000A3F580136FEA13594FF0FF386FEA095940
:104F5000D4E70F9B13EA080FE0E7FFF73BFB02469D
:104F60000B46DDE90A01FCF77DFB002200238046A9
:104F70008946FCF797FF0028C0D002E658460499FE
:104F800001F07BFD00224FF0804306460F46FCF700
:104F90009DFF002875D00D9B002B47D00026654F44
:104FA000644D099B23F000431B0D1B050F930F9AC3
:104FB000614B9A4240F0C880DDE90A23CDE9142311
:104FC000099B4046A3F15479494601F08DFC024605
:104FD0000B4630463946FCF7FDFC42464B46FCF793
:104FE00043FB0B465149554A1940914280465ED9D0
:104FF0000B9B02F15472934203D10A9B01333FF49D
:105000004EAD4FF0FF38DFF8289150461C9901F063
:10501000A1F95046069901F09DF95046049901F016
:1050200099F95946504601F095F91CE6B8F1000F80
:1050300019D1099BC3F31303E3B900223046394663
:105040003C4BFCF739FFC8B90022304639463C4B8F
:10505000FCF7C0FC04460D4605F100431894199373
:10506000DDE918679DE7B8F1010F03D1099B002B1B
:105070003FF487AD00260024324F91E70D9C304D60
:10508000EAE72F4B002230463946FCF7A3FC0D9B84
:1050900004460D4633B901F1004310901193DDE948
:1050A00010677EE702460B46CDE91023F7E703F1D0
:1050B0005479059B002BA8D129F000430F9A1B0DB2
:1050C0001B059A42A1D12046294601F0EDFDFCF7CF
:1050D00053FC02460B4620462946FCF7C3FA0D9ABC
:1050E000C9F3130343EA0803134304460D4666D08D
:1050F00009A3D3E90023FCF7DFFE00287FF4DAAC34
:1051000007A3D3E9002320462946FCF7F3FE002835
:105110003FF47BAFCEE400BF9535A094FFFFDF3FA7
:1051200035E5AF350000E03FFFFF0F000000F07FE6
:10513000FFFFEF7F0000F03F0000E07FFFFF9F7C5C
:105140000000E03F0000F0BF059B13B30F9BB3F1DD
:10515000D46F1ED826A3D3E9002320462946FCF7A6
:10516000B5FE90B129462046FCF7F6FE012838BF6F
:105170000120FCF7B5FB0D9B04460D46D3B901F1A8
:10518000004312901393DDE912670F9A07F1D6637B
:105190009F1ADDE90A0101F0A7FB02460B463046E3
:1051A0003946FCF717FCDDE90A23FCF75DFA804677
:1051B00089467EE702460B46CDE91223E3E70EA3BC
:1051C000D3E90023FCF778FEA1E700230C931B9B97
:1051D000179A1360FFF765BA652B3FF45CAB452B5C
:1051E0003FF459AB0122FFF78DBB00BFAFF3008046
:1051F0000000C0FFFFFFDF419535A094FFFFCF3FC8
:105200000A4601460248034B0068FFF705BA00BF93
:1052100010000020DC0000202DE9F0478C46864677
:10522000394E60461CF8014BA55D15F00805F8D114
:105230002D2C33D14FF001089CF8004000F1020CF6
:10524000002B5CD0102B0CD1302C0AD19CF8000024
:1052500000F0DF0058284DD110239CF801400CF1DC
:10526000020C002608F10047013FB7FBF3F9304676
:1052700003FB197AA4F13005092D18D82C46A34256
:1052800024DD751C07D081451DD301D1A2451ADB51
:10529000012600FB03401CF8014BEBE72B2C08BF59
:1052A0009CF80040A84608BF00F1020CC8E7A4F132
:1052B0004105192D01D8373CE1E7A4F16105192D0D
:1052C00004D8573CDBE74FF0FF36E4E7731C06D108
:1052D00022233846CEF8003042B9BDE8F087B8F155
:1052E000000F00D04042002AF7D00EB10CF1FF3180
:1052F0001160F2E73024002BB3D10823B1E7302C42
:10530000A4D00A23ADE700BFE9960B0813460A466E
:10531000014602480068FFF77FBF00BF1000002071
:1053200013460A46014602480068FFF775BF00BFF2
:10533000100000202DE9F04F88461F460D4691468B
:1053400087B0464A05902B4615F8014BA65C16F02F
:105350000806F8D12D2C47D101262C789D1C002F52
:1053600077D0102F09D1302C07D12B7803F0DF0331
:10537000582B69D110276C7802354FF0FF326FF04F
:10538000004390194FEAE77B43EBE6713A465B46F0
:10539000CDE90001FDF76AF9CDE90201BA4696466A
:1053A000002300200021A4F1300CBCF1090F20D80B
:1053B0006446A7422EDD5A1C13D0DDE902238B423E
:1053C00008BF824223D301D1A64520DB0AFB01F3AB
:1053D00000FB0B33AAFB000119440123001941EB28
:1053E000E47115F8014BDEE72B2C04BF2C789D1CD3
:1053F000B5E7A4F1410CBCF1190F01D8373CD8E74F
:10540000A4F1610CBCF1190F04D8573CD1E74FF05F
:10541000FF33E6E75A1C0AD1DDE900012223059A91
:105420001360B9F1000F0AD107B0BDE8F08F16B1D3
:10543000404261EB4101B9F1000FF5D00BB105F12C
:10544000FF38C9F80080EFE73024002F95D10827F6
:1054500093E7302C89D00A278FE700BFE9960B0825
:1054600013460A46014602480068FFF763BF00BFC3
:10547000100000202DE9F0438C4686463A4E6046E7
:105480001CF8014BA55D15F00805F8D12D2C34D181
:105490004FF001089CF8004000F1020C002B5ED098
:1054A000102B0CD1302C0AD19CF8000000F0DF004A
:1054B00058284FD110239CF801400CF1020C4FF0FA
:1054C000FF37B7FBF3F7002503FB07F928466FEA20
:1054D0000909A4F13006092E18D83446A34224DD68
:1054E000002D1FDB87421DD301D1A1451ADB012509
:1054F00000FB03401CF8014BEBE72B2C08BF9CF88A
:105500000040A84608BF00F1020CC7E7A4F141061D
:10551000192E01D8373CE1E7A4F16106192E04D811
:10552000573CDBE74FF0FF35E4E7002D07DA222395
:105530004FF0FF30CEF8003042B9BDE8F083B8F14B
:10554000000F00D04042002AF7D00DB10CF1FF311E
:105550001160F2E73024002BB1D10823AFE7302CE3
:10556000A2D00A23ABE700BFE9960B0813460A4610
:10557000014602480068FFF77DBF00BF1000002011
:105580002DE9F74F804600F0E3FD40F2B1739845F6
:1055900040F397806FF4F66340F26D1243449B1022
:1055A000A8F2B27502FB05356FF06302A8F26D73C5
:1055B00093FBF2F36FF4C8621D444FF4C873424486
:1055C000B2FBF3F298FBF3F71544642203FB178751
:1055D00098FBF2F6B7FA87FC04464FF0070E02FB81
:1055E000168608F00303C0F804804FEA5C1C00F143
:1055F000500B0093227A63694A2A28D10099EA184D
:1056000001B906B90FBB3B2BD4BF002301231344C0
:105610005A1EA3692C49283401FB02322368134423
:105620001A46DB1744E90223A345E3D1D0E9084534
:10563000D0E91223944275EB0303B4BF0123002386
:105640000360012003B0BDE8F08F0023DFE7442AA8
:1056500001D1EA18DDE7009A6ABB002E0CBFE046D4
:105660004FF001084FF0300AE2684FF00009019254
:105670002A4616490AFB0818A8F10408019909F1FD
:105680000109494558F829A017DC02F1040898FBE4
:10569000FEF9C9EBC909A8EB0909B3EB09092369AC
:1056A00048BF09F10709013BC3EBC3034B44534512
:1056B00005DA1A44ADE7E046D4E75244DEE7073B9B
:1056C000F5E70020BEE700BF805101004C930B08B6
:1056D000014800F0F5BD00BF8B110020014800F02B
:1056E000F1BD00BF8B110020014B186800F002B81B
:1056F000100000202DE9F04F8DB0074600F028FD86
:10570000B0490546384600F01BFDAF4E044670B95F
:10571000AE4BAF4A1860AF4B1860AF4B3068C3E96F
:105720000022F8F7F5FB34600DB0BDE8F08F31686A
:1057300000295FD13068F8F7EBFB2046FEF75CFBF1
:10574000411C3846F8F724FC3060002857D12378F4
:105750000AAE3A2B08BF0134334620469F4AA0497F
:10576000F8F7EEFB0028DFDD0A9BE718E35C2D2B42
:1057700049D14FF0FF3401374FF000080DF1200AF6
:105780000DF11E0B33463846CDE9016A9549039663
:10579000CDF800B007AAADF81E80ADF82080F8F76C
:1057A000CFFB4045C0DD3C21BDF81E30BDF82020B8
:1057B000DFF83C9201FB03224FF46161BDF81C301D
:1057C00001FB03235C43854BAC62834C4A46236058
:1057D0000A9B83491F4438463346F8F7B1FB4045DE
:1057E00017DC2368AA6A6360784B1A60794BC3F8A8
:1057F000008099E7FDF770FD00289BD194E72146D2
:10580000FDF774FDA3E72B2B4FF0010408BF013710
:10581000B2E70A9BC4F80490FC18FB5C2D2B40F007
:105820008C804FF0FF37013400232046ADF81C3048
:10583000ADF81E30ADF820300A93CDE902A633460C
:10584000CDE900B6674907AAF8F77AFB00287ADCA9
:10585000AF6AA7F561672F654FF000092F460A9BD5
:105860001C4423782C2B08BF013494F80080B8F135
:105870004D0F7AD10DF12603CDE9016309AB0093F9
:1058800020463346584903960DF12202F8F758FB9B
:1058900003287FF449AFBDF822104B1E0B2B3FF6B7
:1058A00043AFBDF82420531E042B3FF63DAFBDF897
:1058B0002630062B3FF638AFC7E9031287F8088079
:1058C0007B610A9B04EB03080223ADF81C30002324
:1058D000ADF81E30ADF820300A9398F800302F2B29
:1058E00009D133464046CDE902A6CDE900B63F498D
:1058F00007AAF8F725FB3C21BDF81E30BDF8202093
:10590000283701FB03224FF46161BDF81C3001FB15
:10591000032347F8103C0A9C4444B9F1000F21D0FE
:105920006868FFF72DFEAA6A284B1A602B6D9B1A38
:1059300018BF0123274A1360F6E62B2B4FF001070F
:1059400008BF013470E73C21BDF81E30BDF82020AF
:1059500001FB03224FF46161BDF81C3001FB0323FE
:105960005F4378E74FF001097BE7B8F14A0F0ABFC0
:105970004346442301340A2220460BA90593FFF72E
:10598000F5FDDDF82C80059BA045ADF8260014D16F
:105990004D23B9F1000F07D103212B720223C5F863
:1059A0001490C5E903138FE70B2285F830300123EB
:1059B000C5E90D230023EB6386E780B23B72786173
:1059C00082E700BFAC960B08741100207C11002008
:1059D000AF960B087811002074000020671100209A
:1059E000B3960B08D6960B08C2960B08D5960B08F3
:1059F0005C1100200028B8BF4042704710B591FBF1
:105A0000F2F4002902FB141306DB002B01DA013447
:105A10009B1AC0E9004310BD002BC4BF04F1FF3442
:105A20009B18F6E703692DE9F043B3EB611F00F122
:105A300014044FEA611246DD11F01F0104EB8306E6
:105A400004EB82050CD1294600F11007B14235D391
:105A50009B1A9B00EA1E964238BF0023234415E0A0
:105A6000A14654F82270C1F12008CF4005F1040E80
:105A70007645F44616D89B1A9A00043A0135AE4290
:105A800038BF0022A318A75007B10433A342A3EBE9
:105A9000040208BF00234FEAA202026108BF43616B
:105AA000BDE8F083DCF800C00CFA08FC4CEA0707FC
:105AB00049F8047B5EF8047BCF40D9E751F804CB6A
:105AC00047F804CFC2E72346E0E7A0F13003092BF3
:105AD00002D82038C0B27047A0F16103052B01D86D
:105AE0004738F7E7A0F14103052B01D82738F1E744
:105AF000002070472DE9F04F8BB00693BA4B02900F
:105B00001B688B46184690460393FEF775F982464C
:105B1000039BDBF80020034413F8013C0793931C1C
:105B2000C2F1FF2202F57F02FE32D1181F4613F8A0
:105B3000010B01913028F8D0FFF7C7FF0446002879
:105B40003AD1524638460399FEF75EF905460028D9
:105B500066D117F80A0007EB0A06FFF7B6FF002820
:105B600060D0334618781F46302803F10103F9D07E
:105B7000FFF7ABFF0123B0FA80F4354664090193C7
:105B80003A46164630780132FFF79FFF0028F8D1D9
:105B9000524630460399FEF737F980B94DB906EB06
:105BA0000A052A46164630780132FFF78EFF002894
:105BB000F8D1AD1BAD0004E000242546E0E7002D40
:105BC000F7D1337803F0DF03502B39D173782B2BC7
:105BD0002AD02D2B2CD04FF00009711C0878FFF72C
:105BE00074FF431EDBB2182B2AD8A0F1100211F863
:105BF000010FFFF76AFF431EDBB2182B1BD9B9F167
:105C0000000F00D052421544CBF80010D4B1019BD4
:105C1000002B14BF0027062738460BB0BDE8F08FD5
:105C20003E4625460124CCE74FF00009B11CD5E7DC
:105C30004FF00109FAE70A2303FB0202103AD6E704
:105C40003146E1E72146F31B013B072B50DC02986C
:105C500000F04CFB4FF0000B044600F11409CAF1B0
:105C60000103CDF81090CDF804B00893B74242D3A9
:105C7000049F019B47F8043BA7EB0907BF1027616E
:105C8000184600F0FAFB7F01D8F800603F1AB742CF
:105C900065DDBF1B3946204600F040FF8246A8B1B3
:105CA0004FF0010A7B1E591159F8211003F01F0211
:105CB0000AFA02F20A4209D0534505DD2046B91E10
:105CC00000F02CFF002847D14FF0020A3946204649
:105CD000FFF7A8FE3D44D8F80830AB424DDA214624
:105CE000029800F037FB0023149AA327136093E770
:105CF00001315B10A9E7731E079A059316F8013C62
:105D0000934219D0BBF1200F07D1049B019A43F8AD
:105D1000042B049300239B46019316F8010CFFF714
:105D2000D4FE019B00F00F0000FA0BF00343019337
:105D30000BF1040B059B0DE0059B089A1344BB4235
:105D4000E0D31846524603990993FEF75DF8099B84
:105D50000028D7D11E4689E74FF0030AB6E709DAD3
:105D6000F71B21463A46029800F0C8FC0446ED1B9A
:105D700000F114094FF0000AADE7D8F80400A8427A
:105D80006EDD451BAE4231DCD8F80C30022B22D040
:105D9000032B24D0012B15D1AE4213D1012E0BD1F0
:105DA000D8F80430069A6227136001232361C9F8EA
:105DB0000030149B1C602FE72046711E00F0AEFEE1
:105DC0000028EDD12146029800F0C4FA0023149A6D
:105DD0005027136020E7159B002BF3D1E0E7159BBC
:105DE000002BDDD1EEE700BFEC970B086F1EBAF178
:105DF000000F32D127B13946204600F08FFE82468F
:105E000001217B1159F8233007F01F0701FA07F72A
:105E10001F424FF002072946204618BF4AF0020AE7
:105E2000761BFFF7FFFDD8F80450BAF1000F48D0F9
:105E3000D8F80C30022B15D0032B17D0012B09D129
:105E40001AF0020F06D0D9F800004AEA000A1AF048
:105E5000010F0ED147F0100733E04FF0010ACFE7F2
:105E60000127E2E7159BC3F101031593159B002B56
:105E7000F0D04FF0000CD4F8109004F114034FEA66
:105E8000890B03EB8901184653F8042BB2F1FF3F4D
:105E90001CD001320260022F04F1140338D1D8F86B
:105EA0000020013AB2420AD10122711153F8213087
:105EB00006F01F0602FA06F61E4218BF174647F004
:105EC0002007149B1C60069B1D60A5E6994243F8C1
:105ED00004CCD8D8A368994512DB616802980131D7
:105EE00000F004FA8246226904F10C0102329200A9
:105EF0000C30FCF7C3FE2146029800F02BFA544602
:105F000023695A1C2261012204EB83035A61C2E710
:105F100022694A450BDD01212046FFF783FDD8F8B1
:105F200008300135AB42FFF6DAAE0127C7E716F0BD
:105F30001F06FAD09B445BF8040C00F09EFAC6F1F1
:105F40002006B042E7DBF0E7C2F10802920070B52C
:105F5000C2F120064368046803FA06F52C43D340D7
:105F6000046040F8043F8842F4D370BD30B5036844
:105F7000013311F8014B14B90360012030BD13F84F
:105F8000012BA2F14105192D98BF2032A242F0D079
:105F90000020F3E72DE9F04F00250B6882465E11E3
:105FA00002EB860613F01F0318BF0436371F904616
:105FB000B9463C46AB4687B00168019346F8045C9D
:105FC00002954A784B1C039342B310460591049204
:105FD000FFF77BFD00284FD1049A0599202A18D895
:105FE000029B9B4513DD4C4506D2072D04DC2A4657
:105FF00049462046FFF7A8FF444550D90023A4F1A5
:10600000040944F8043C1D464C46CDF808B00399F9
:10601000D7E7292A56D10231CAF80010BBF1000F88
:1060200050D04C4506D2072D04DC2A46494620466E
:10603000FFF78AFF444534D92346A8F1040253F8F8
:10604000041B9F4242F8041FF9D23B1B23F00303B9
:1060500004330134033EB44288BF04230022434486
:1060600043F8042B9F42FBD23B681BB9474527D11D
:1060700001233B60052026E00135082D0BF1010BC3
:1060800006DD4445C3D90023012544F8043C043C03
:10609000226800F00F0040EA02122260B7E70825EC
:1060A000B5E7019B002BDFD04FF0FF32C3F1200397
:1060B00022FA03F356F8042C1A4046F8042CD3E7CE
:1060C000043FD1E7042007B0BDE8F08F2DE9F84F79
:1060D00007468946164600F08BFD184B1C689A4609
:1060E00034B14B46984613F8011B39B13D29F9D11B
:1060F000384600F083FD0020BDE8F88FA8EB0908C2
:10610000A34654F8040B0028F2D042464946FDF756
:106110007BFE0028F4D154F8043C03EB080513F887
:1061200008303D2BECD1DAF800303846ABEB0303F6
:106130009B10336000F062FD681CDDE74802002020
:1061400007B501AAFFF7C2FF03B05DF804FB00002A
:1061500000487047800000202DE9F041D0E9006739
:106160000C460023304639464F4A00F04DFD394673
:106170000546002330464C4A00F046FD4FF461616D
:10618000002ABCBF02F5A83202F5C072B2FBF1F3DF
:1061900001FB13224FF03C01A360B2FBF1F301FBC2
:1061A000132222604FF0070205F52F20ACBF00F646
:1061B0006C2000F66B206360C31C93FBF2F2C2EB11
:1061C000C2029B1A48BF073300283849A361BDBFEC
:1061D000A0F50E33A3F52C7393FBF1F190FBF1F1D5
:1061E00048F6AC6240F2B45C314B40F26D1703FBF1
:1061F0000100B0FBF2F2B0FBFCF30244D21A2D4BCB
:106200006426B0FBF3F3D31AB3FBF7F5B3FBFCF34F
:10621000B5FBF6F2D31A0344992007FB153303EBC1
:10622000830C0CF1020CBCFBF0F74FF0050878432F
:106230000230B0FBF8F003F1010EAEEB000040F2CB
:10624000F95EF44594BF4FF0020C6FF0090C6744FF
:106250004FF4C87C0CFB0151012F98BF0131B3F5FD
:10626000997F0CD3A3F59973E3610023A1F26C71BC
:10627000E060C4E9047120462362BDE8F08115F0B6
:10628000030F02D106FB12525AB94FF4C876B5FB80
:10629000F6F206FB1252B2FA82F252093B33134471
:1062A000E2E70122FAE700BF80510100B13A0200A3
:1062B0004FC5FDFFB03A02000028B8BF404270470A
:1062C000704770477047704782B001B901A942B169
:1062D0004BB113780B601278101E18BF012002B06A
:1062E00070471046FBE76FF00100F8E770B5466AAB
:1062F00004460D463EB91020F7F702FEC0E90166DC
:1063000060620660C660666AF36883B1636ADB68D0
:1063100053F82500B8B9012101FA05F6721D20468F
:10632000920000F01CFC60B1C0E901560EE0212291
:106330000421204600F013FC636AF060DB68002B48
:10634000E4D1002070BD026843F825200023C0E995
:106350000333F7E770B5466A05460C463EB9102090
:10636000F7F7CEFDC0E9016668620660C6603CB121
:106370006B6A6268DB6853F82210216043F82240A0
:1063800070BD2DE9F04198460C4600230E69074682
:1063900001F1140005680133A9B202FB01812D0C43
:1063A0004FEA114C02FB05C589B201EB05419E4243
:1063B0004FEA154840F8041BECDCB8F1000F1BD085
:1063C000A368B34212DC616838460131FFF78EFFE3
:1063D0000546226904F10C01023292000C30FCF7F0
:1063E0004DFC21463846FFF7B5FF2C4604EB8603EB
:1063F0000136C3F8148026612046BDE8F0812DE9FE
:10640000F843154609221F4608330C4693FBF2F366
:106410000646012200219A4220DB3046FFF766FF44
:10642000089B092D43614FF00103036119DD04F15D
:106430000909C8462C4418F8013B01460A22304697
:10644000303BFFF79EFFA045F5D1A5F108044C4471
:106450002D1B6319BB4207DBBDE8F88352000131F5
:10646000D9E709250A34F3E714F8013B01460A226B
:106470003046303BFFF785FFEBE7020C1204034682
:10648000CAB90304102013F07F4F04BF1B02083069
:1064900013F0704F04BF1B01043013F0404F04BFD2
:1064A0009B000230002B05DB13F0804F00F1010050
:1064B00008BF202070470020E5E70368024613F07C
:1064C00007000BD0D90722D4980749BF5B089B0867
:1064D000012013605CBF02201360704799B209B9B4
:1064E00010201B0C13F0FF0F04BF1B0A0830190704
:1064F00004BF1B090430990704BF9B080230D90769
:1065000003D45B0800F1010003D013607047002042
:1065100070472020704710B50C460121FFF7E6FEBA
:1065200001224461026110BD2DE9F04F15460A6950
:106530002B690C469A42BEBF0B462C461D46276966
:10654000D5F81090A368616807EB0906B342B8BF9D
:10655000013185B0FFF7CAFE00F114010B4600229D
:1065600001EB860843451DD304F1140305F1140221
:1065700003EB870702EB890302933B1B153B23F0D8
:106580000303043304F11505AF4238BF042301931C
:10659000029B0392934208D8002E5ADC066105B094
:1065A000BDE8F08F43F8042BDCE7B2F800A0BAF1A5
:1065B000000F24D089464FF0000C04F1140E5EF851
:1065C000045BD9F800B0ABB21FFA8BFB0AFB03B334
:1065D0004FEA154BD9F8005063444FEA154C0AFBBB
:1065E0000BC505EB13459BB243EA054377454FEADC
:1065F000154C49F8043BE2D8019B41F803C0039BCA
:106600000432B3F80290B9F1000F20D08E464FF05B
:10661000000A0B6804F1140CBCF80050BEF802B07C
:106620009BB209FB05B5AA4443EA0A434EF8043B72
:106630005CF8043BBEF800501B0C09FB0353674594
:1066400003EB1A434FEA134AE6D8019D4B5104313C
:106650009EE758F8043D002BA0D1013E9CE70000C6
:106660002DE9F843154612F0030206460F4607D0FF
:10667000214C013A002354F82220FFF782FE0746FE
:10668000AD1035D0746A3CB91020F7F739FCC0E979
:10669000014470620460C460D6F82480D8F80840D1
:1066A0004CB940F271213046FFF735FF0023044614
:1066B000C8F8080003604FF00009EB070AD5394617
:1066C00022463046FFF730FF804639463046FFF716
:1066D00041FE47466D100BD0206838B9224621464E
:1066E0003046FFF721FF2060C0F800900446E4E741
:1066F0003846BDE8F88300BFF0980B082DE9F04755
:106700000C46074691462369496803EB6218A36863
:106710004FEA621A08F10106B3423FDB3846FFF741
:10672000E5FD0023054600F1140100F110021846B2
:10673000534536DB20692AEAEA7A04F1140319F09A
:106740001F0901EB8A0103EB800C2ED08A46002240
:10675000C9F1200E186800FA09F002434AF8042B28
:1067600053F8042B9C4522FA0EF2F3D8ACEB040349
:10677000153B23F00303043304F11500604588BF83
:106780000423CA500AB108F10206013E38462146E8
:106790002E61FFF7DFFD2846BDE8F08701315B0081
:1067A000BAE742F8040F0133C2E7043953F8042B67
:1067B0009C4541F8042FF9D8E7E703460A690069C8
:1067C00030B5801A0DD11433143103EB820401EB80
:1067D000820154F8045D51F8042D954202D004D38F
:1067E000012030BDA342F4D3FBE74FF0FF30F8E7C0
:1067F0002DE9F84F0C460646114620469246FFF713
:10680000DCFF051E08D129463046FFF76FFD012346
:10681000C0E90435BDE8F88FA4BF5346A246304610
:10682000DAF80410A6BF1C4600250125FFF75EFD1F
:1068300000F11408DAF81070C5600AF110020AF1CC
:1068400014054FF0000CC246266904F1140905EB4B
:10685000870E09EB860652F804BF59F8043B1FFA6D
:106860008BF161441FFA83FC1B0CA1EB0C01C3EB01
:106870001B4303EB214389B24FEA234C4E4541EAC7
:1068800003434AF8043BE6D8331B153B23F00303CC
:1068900015340433A64238BF04231D4443441E4626
:1068A0002C4674450ED30EF10302521B22F0030254
:1068B000033DAE4538BF00221A4452F8043D8BB167
:1068C0000761A7E754F8048B1FFA88F26244111499
:1068D00001EB184192B242EA01424FEA214C46F8DC
:1068E000042BDEE7013FE8E7114B0B40A3F15073A7
:1068F000002B02DD0020194670475B42B3F1A07FF8
:106900004FF000004FF000014FEA235204DA4FF439
:10691000002343FA02F17047A2F114031E2BD6BFE5
:106920004FF00042012322FA03F31846704700BFDC
:106930000000F07F2DE9F843076900F1140909EB25
:10694000870757F8046CA7F104083046FFF795FD58
:10695000C0F120030A280B601F4917DCC14528BF7E
:106960000022C0F10B0C26FA0CF338BF57F8082CA4
:1069700043EA010500F1150306FA03F322FA0CF2CB
:1069800043EA020420462946BDE8F883C1452EBFEC
:10699000002257F8082CA7F10808B0F10B0316D015
:1069A000C3F1200722FA07F1C84506FA03F646EAC2
:1069B000010694BF002158F8041C46F07F5502FAE6
:1069C00003F0F94045F4401540EA0104DAE71446C3
:1069D00046EA0105D6E700BF0000F03F2DE9F3418C
:1069E0001C46DDE9086501219046FFF77FFCC4F3F2
:1069F0001303C4F30A5407462CBB0193B8F10003F8
:106A000026D068460093FFF758FD0099F0B1019A2F
:106A1000C0F1200302FA03F30B43C2407B610192F1
:106A2000019B002B14BF02210121BB613961C4B15C
:106A3000A4F233440444C0F1350034602860384681
:106A400002B0BDE8F08143F48013D6E77961E7E74F
:106A500001A8FFF732FD0121019B39617B612030E4
:106A6000E5E707EB8103A0F2324030601869FFF7D9
:106A700004FDC0EB41112960E1E72DE9F74F88469D
:106A800069468146FFF756FF0F4604460D464046CD
:106A900001A9FFF74FFFD9F81030D8F810208B4626
:106AA000A3EB020CDDE900329B1A03EB4C13002B25
:106AB000D5BF0A462A46C3EB033302EB0357D8BFC0
:106AC00002EB035B5B46024639462046FBF7ACF817
:106AD00003B0BDE8F08F013970B549111469013177
:106AE00002F1140300EB810103EB8404051FA342B0
:106AF0000CD3A31A113B23F003031132A24288BF27
:106B0000002318440023884205D370BD53F8046B5A
:106B100045F8046FEBE740F8043BF4E700F114029A
:106B200000694B11984210B511DB0ADD11F01F010D
:106B300007D052F8234024FA01F000FA01F18C4208
:106B40000BD102EB8303934203D8002010BD034610
:106B5000F7E753F8041D0029F5D00120F6E738B512
:106B600002FB01F52946F7F713FA044618B12A4645
:106B70000021FCF7ABF8204638BD00000020014999
:106B8000704700BF0000F87F2DE9F84305460F4627
:106B9000984600EB02094D450FD0414615F8010B10
:106BA00000F00EF84146044617F8010B00F008F813
:106BB0000646201A02D1002EEDD10020BDE8F88350
:106BC000034BC35C03F00303012B08BF2030704765
:106BD000E9960B080346084641B1FF2A04D98A22E8
:106BE0004FF0FF301A60704701200A7070470000B4
:106BF0000148FFF766BB00BF8A1100200148FFF77C
:106C000062BB00BF8A1100207BB972B90029BEBFE8
:106C100000204FF0004106E008BF00281CBF6FF0C5
:106C200000414FF0FF30FBF7EDBEADF1080C6DE910
:106C300004CE002909DB002B1ADBFBF781FDDDF810
:106C400004E0DDE9022304B07047404261EB4101FA
:106C5000002B1BDBFBF774FDDDF804E0DDE902230C
:106C600004B0404261EB4101524263EB4303704781
:106C7000524263EB4303FBF763FDDDF804E0DDE91B
:106C8000022304B0404261EB41017047524263EB82
:106C90004303FBF755FDDDF804E0DDE9022304B012
:106CA000524263EB4303704738B50C460546214614
:106CB000284600220023FBF7FFF828B92846214682
:106CC000BDE83840FBF71EBD284604F10041FBF744
:106CD00019FD404261EB410138BD00BF21000A08A7
:106CE00061000A0889000A088D000A0800000000F7
:106CF0005345540043555200454E44003F3F3F002A
:106D000025732020737A3A2564206C6F677067734F
:106D10007A3A2564206C6F67626C6B737A3A2564EB
:106D20002070657261737A3A256420616464723AF6
:106D300025303878206664737A3A2564206361636D
:106D40006865737A3A25640A007061676520696E28
:106D50006465782062797465206C656E3A20202025
:106D600020202020202025640A006F626A65637459
:106D7000206C6F6F6B75702070616765733A2020AF
:106D80002020202020202025640A007061676520D3
:106D900070616765732070657220626C6F636B3A17
:106DA000202020202020202025640A0070616765B3
:106DB00020686561646572206C656E6774683A204E
:106DC00020202020202020202025640A006F626AD5
:106DD0006563742068656164657220696E646578B6
:106DE00020656E74726965733A2025640A006F62CB
:106DF0006A65637420696E64657820656E74726973
:106E000065733A202020202020202025640A00617C
:106E10007661696C61626C652066696C6520646589
:106E20007363726970746F72733A202025640A006C
:106E30006672656520626C6F636B733A2020202058
:106E40002020202020202020202020202025640A0F
:106E5000002573202725732720253032780A002546
:106E6000732025642025640A0025732025642025CD
:106E7000642025730A0025732025640A00000000A1
:106E8000F06C0B08F46C0B08F86C0B08FC6C0B082E
:106E90005350494646535F6D6F756E7400535049A9
:106EA0004646535F6F70656E005350494646535FC8
:106EB00072656164005350494646535F7772697446
:106EC00065005350494646535F6C7365656B0053CC
:106ED00050494646535F667472756E63617465000F
:106EE0005350494646535F6673746174005350496A
:106EF0004646535F66666C75736800535049464654
:106F0000535F636C6F7365005350494646535F741B
:106F1000656C6C00555044004E45570044454C008C
:106F20004D4F5600485550006D6170202530347823
:106F30003A253034782028253034782D2D253034EA
:106F40007829206F626A69782E737069783A2530E3
:106F5000347820746F2070697820253034780A00E6
:106F6000657261736520253038783A25640A006DB2
:106F70006F756E743A20657261736520626C6F6321
:106F80006B20253034780A0066732066756C6C0AB5
:106F9000002020202020202043414C4C4241434BE4
:106FA00020202573206F626A5F69643A2530347847
:106FB00020737069783A25303478206E7069783A99
:106FC00025303478206E737A3A25640A0020202018
:106FD0002020202063616C6C6261636B3A207365D2
:106FE0007474696E672066642025643A25303478AD
:106FF0002866646F6666733A2564206F6666733A26
:10700000256429206F626A69785F6864725F7069BD
:107010007820746F20253034782C2073697A653A93
:1070200025640A002020202020202063616C6C62EF
:1070300061636B3A2072656C6561736520666420DC
:1070400025643A25303478207370616E3A253034E7
:1070500078206F626A69785F70697820746F202584
:107060003034780A002020202020202063616C6CBE
:107070006261636B3A2073657474696E672066643D
:107080002025643A25303478207370616E3A2530BB
:107090003478206F626A69785F70697820746F2035
:1070A000253034780A002020202020202063616CC5
:1070B0006C6261636B3A206D617020697820757035
:1070C000646174652066642025643A253034782034
:1070D0007370616E3A253034780A00202020202019
:1070E000202063616C6C6261636B3A205741524EA1
:1070F000494E4720756E6B6E6F776E2063616C6CC6
:107100006261636B206576656E742025640A006396
:1071100072656174653A20666F756E64206672658B
:1071200065207061676520402025303478206269D1
:10713000783A2530347820656E7472793A25303487
:10714000780A006F70656E3A2066642025642069B5
:1071500073206F626A20696420253034780A0061E8
:107160007070656E643A20256420627974657320BE
:1071700040206F666673202564206F662073697AED
:10718000652025640A00617070656E643A206F6640
:107190006673657420726576657273656420746FBA
:1071A0002073697A650A00617070656E643A2067C1
:1071B0006320636865636B206661696C2025640ADF
:1071C00000617070656E643A2025303478207374E5
:1071D0006F7265206F626A697820253034783A25AD
:1071E0003034782C207772697474656E2025640AB7
:1071F00000617070656E643A2025303478207374B5
:107200006F7265206E6577206F626A69785F686467
:10721000722C20253034783A253034782C2077723F
:10722000697474656E2025640A00617070656E640F
:107230003A20253034782073746F7265206E65773C
:107240002073697A65204920256420696E206F6269
:107250006A69785F6864722C20253034783A25306A
:1072600034782C207772697474656E2025640A0066
:10727000617070656E643A2025303478206C6F61DF
:1072800064206F626A697868647220706167652043
:10729000253034783A253034780A00617070656E94
:1072A000643A202530347820637265617465206FFC
:1072B000626A697820706167652C20253034783ADD
:1072C000253034782C207772697474656E202564BB
:1072D0000A00617070656E643A202530347820664B
:1072E000696E64206F626A6978207370616E5F698D
:1072F000783A253034780A00617070656E643A20FF
:107300002530347820666F756E64206F626A65631D
:107310007420696E646578206174207061676520EF
:1073200025303478205B66642073697A6520256493
:107330005D0A00617070656E643A202530347820F3
:1073400073746F7265206E6577206461746120705C
:107350006167652C20253034783A25303478206FE9
:1073600066667365743A25642C206C656E2025640E
:107370002C207772697474656E2025640A00617030
:1073800070656E643A20253034782073746F7265AE
:1073900020746F206578697374696E672064617406
:1073A0006120706167652C20253034783A253034AF
:1073B00078206F66667365743A25642C206C656E60
:1073C0002025642C207772697474656E2025640A08
:1073D00000617070656E643A2025303478207772D1
:1073E0006F74652070616765202530347820746F74
:1073F000206F626A69785F68647220656E74727962
:10740000202530347820696E206D656D0A0061702A
:1074100070656E643A20253034782077726F746519
:107420002070616765202530347820746F206F628A
:107430006A697820656E7472792025303478206905
:107440006E206D656D0A00617070656E643A20256E
:107450003034782073746F7265206F626A697820A7
:10746000706167652C20253034783A253034782CCB
:10747000207772697474656E2025640A00617070EB
:10748000656E643A20253034782073746F726520FD
:107490006E65772073697A652049492025642069E3
:1074A0006E206F626A69785F6864722C20253034C0
:1074B000783A253034782C207772697474656E20A0
:1074C00025642C207265732025640A006170706544
:1074D0006E643A20253034782073746F72652066AC
:1074E00072657368206F626A69785F686472207081
:1074F0006167652C20253034783A253034782C208B
:107500007772697474656E2025640A006170706515
:107510006E643A20253034782073746F7265206D64
:107520006F646966696564206F626A69785F686420
:107530007220706167652C20253034783A2530340C
:10754000782C207772697474656E2025640A006D4A
:107550006F646966793A2073746F7265206D6F6429
:107560006966696564206F626A69785F6864722021
:10757000706167652C20253034783A253034782CBA
:10758000207772697474656E2025640A006D6F64DB
:107590006966793A2073746F7265207072657669D6
:1075A0006F7573206D6F646966696564206F626AC8
:1075B000697820706167652C20253034783A253051
:1075C00034782C207772697474656E2025640A0003
:1075D0006D6F646966793A206C6F6164206F626ACE
:1075E0006978686472207061676520253034783A64
:1075F000253034780A006D6F646966793A206669CF
:107600006E64206F626A6978207370616E5F69785A
:107610003A253034780A006D6F646966793A2066DD
:107620006F756E64206F626A65637420696E64654D
:1076300078206174207061676520253034780A00F5
:107640006D6F646966793A2073746F7265206E6538
:1076500077206461746120706167652C2025303467
:10766000783A25303478206F66667365743A2564FD
:107670002C206C656E2025642C20777269747465EB
:107680006E2025640A006D6F646966793A20737410
:107690006F726520746F206578697374696E6720F6
:1076A0006461746120706167652C207372633A2590
:1076B0003034782C206473743A253034783A25308D
:1076C0003478206F66667365743A25642C206C6587
:1076D0006E2025642C207772697474656E20256491
:1076E0000A006D6F646966793A2077726F7465205D
:1076F00070616765202530347820746F206F626A6E
:1077000069785F68647220656E7472792025303400
:107710007820696E206D656D0A006D6F6469667909
:107720003A2077726F746520706167652025303468
:107730007820746F206F626A697820656E74727940
:10774000202530347820696E206D656D0A006D6FDC
:10775000646966793A2073746F7265206D6F64692D
:1077600066696564206F626A697820706167652C5C
:1077700020253034783A253034782C20777269749B
:1077800074656E2025640A007472756E6361746599
:107790003A2064656C657465206F626A6978207050
:1077A00061676520253034783A253034780A0074D2
:1077B00072756E636174653A2075706461746520DA
:1077C0006F626A697820686472207061676520253D
:1077D0003034783A2530347820746F2073697A65B4
:1077E0002025640A007472756E636174653A206CBA
:1077F0006F6164206F626A69782070616765202517
:107800003034783A2530347820666F7220646174A1
:107810006120737069783A253034780A0074727583
:107820006E636174653A20676F74206461746120CF
:1078300070697820253034780A007472756E63613F
:1078400074653A206572722076616C69646174694E
:107850006E672064617461207069782025640A0075
:107860007472756E636174653A2065727220646526
:107870006C6574696E67206461746120706978203A
:1078800025640A007472756E636174653A206465DC
:107890006C65746520646174612070616765202582
:1078A00030347820666F722064617461207370696F
:1078B000783A253034782C206375725F73697A6565
:1078C0003A25640A007472756E636174653A2064C7
:1078D000656C657465202564206279746573206623
:1078E000726F6D206461746120706167652025305E
:1078F000347820666F7220646174612073706978D7
:107900003A253034782C206375725F73697A653A52
:1079100025640A007472756E636174653A2077722B
:107920006F74652070616765202530347820746F2E
:10793000206F626A69785F68647220656E7472791C
:10794000202530347820696E206D656D0A007472D0
:10795000756E636174653A2077726F74652070612B
:107960006765202530347820746F206F626A6978EB
:1079700020656E747279202530347820696E206D10
:10798000656D0A007472756E636174653A20726584
:107990006D6F7665206F626A65637420696E6465D9
:1079A00078206865616465722070616765202530A4
:1079B00034780A007472756E636174653A2072657A
:1079C000736574206F626A69785F686472207061A1
:1079D000676520253034780A007472756E636174AF
:1079E000653A20757064617465206F626A656374BE
:1079F00020696E64657820686561646572207061D5
:107A00006765207769746820696E646963657320AF
:107A1000616E642073697A650A007472756E6361C1
:107A200074653A2073746F7265206D6F646966695E
:107A30006564206F626A697820706167652C202513
:107A40003034783A253034780A00726561643A201F
:107A500066696E64206F626A697820253034783AEE
:107A6000253034780A00726561643A206C6F616475
:107A7000206F626A697820706167652025303478EC
:107A80003A2530347820666F722064617461207307
:107A90007069783A253034780A00726561643A205A
:107AA0006F66667365743A25642072643A256420B3
:107AB0006461746120737069783A25303478206984
:107AC0007320646174615F7069783A25303478207E
:107AD000616464723A253038780A00667265655FC1
:107AE0006F626A5F69643A204249544D206D696E45
:107AF0003A25303478206D61783A253034780A00A0
:107B0000667265655F6F626A5F69643A20434F4DD4
:107B100050206D696E3A25303478206D61783A25B1
:107B200030347820636F6D706163743A25640A00A5
:107B3000667265655F6F626A5F69643A20636F6D44
:107B4000706163746564207461626C652069732080
:107B500066756C6C0A00667265655F6F626A5F6964
:107B6000643A20434F4D502073656C6563742069FF
:107B70006E6465783A2564206D696E5F636F756E1B
:107B8000743A2564206D696E3A25303478206D6131
:107B9000783A2530347820636F6D706163743A25CC
:107BA000640A00667265655F6F626A5F69643A20A5
:107BB000434F4D502053454C206368756E6B3A25FA
:107BC00064206D696E3A25303478202D3E202530B2
:107BD00034780A00146F0B08186F0B081C6F0B0821
:107BE000206F0B08246F0B08FC6C0B0867633A20AE
:107BF000657261736520626C6F636B202530347829
:107C00000A0067635F717569636B3A2072756E6E07
:107C1000696E670A0067635F636865636B3A207724
:107C20006970652070616C6C6F3A256420706465C2
:107C30006C653A25640A0067635F636865636B3A45
:107C4000206269783A253034782064656C3A25647E
:107C5000207573653A25642073636F72653A2564F5
:107C60000A0067635F636C65616E3A20636C6561EF
:107C70006E696E6720626C6F636B20253034780A02
:107C80000067635F636C65616E3A206D6F76652097
:107C90006672656520637572736F7220746F2062FF
:107CA0006C6F636B20253034780A0067635F636C08
:107CB00065616E3A207374617465203D20256420EF
:107CC000656E7472793A25640A0067635F636C6558
:107CD000616E3A2046494E445F44415441207374DA
:107CE0006174653A2564202D20666F756E64206F7F
:107CF000626A20696420253034780A0067635F6314
:107D00006C65616E3A204D4F56455F4441544120A9
:107D1000666F756E642064617461207061676520B0
:107D2000253034783A253034782040202530347896
:107D30000A0067635F636C65616E3A204D4F56457C
:107D40005F44415441206E6F206F626A69782073EE
:107D5000706978206D617463682C2074616B652094
:107D6000696E20616E6F746865722072756E0A00AC
:107D700067635F636C65616E3A204D4F56455F44A3
:107D8000415441206D6F7665206F626A69782025C5
:107D90003034783A2530347820706167652025309A
:107DA000347820746F20253034780A0067635F636D
:107DB0006C65616E3A204D4F56455F4441544120F9
:107DC00077697065206F626A697820253034783A67
:107DD00025303478207061676520253034780A00BA
:107DE00067635F636C65616E3A204D4F56455F4433
:107DF0004154412077726F7465207061676520255A
:107E000030347820746F206F626A69785F686472BA
:107E100020656E747279202530347820696E206D6B
:107E2000656D0A0067635F636C65616E3A204D4F54
:107E300056455F444154412077726F7465207061EC
:107E40006765202530347820746F206F626A697806
:107E500020656E747279202530347820696E206D2B
:107E6000656D0A0067635F636C65616E3A204D4F14
:107E700056455F4F424A4958206D6F7665206F62C4
:107E80006A697820253034783A253034782070615A
:107E90006765202530347820746F20253034780AC7
:107EA0000067635F636C65616E3A204D4F56455FB6
:107EB0004F424A49582077697065206F626A697835
:107EC00020253034783A2530347820706167652079
:107ED000253034780A0067635F636C65616E3A2011
:107EE00046494E445F444154412066696E64206FA8
:107EF000626A6978207370616E5F69783A25303400
:107F0000780A0067635F636C65616E3A2046494E8C
:107F1000445F4F424A5F44415441206F626A69782E
:107F2000206E6F7420666F756E64212057697065CE
:107F3000207061676520253034780A0067635F63CD
:107F40006C65616E3A2046494E445F44415441207D
:107F5000666F756E64206F626A65637420696E6413
:107F60006578206174207061676520253034780A57
:107F70000067635F636C65616E3A204D4F56455FE5
:107F8000444154412073746F7265206D6F6469665B
:107F9000696564206F626A69785F686472207061E5
:107FA00067652C20253034783A253034780A00670C
:107FB000635F636C65616E3A204D4F56455F444187
:107FC00054412073746F7265206D6F6469666965D2
:107FD00064206F626A697820706167652C202530A3
:107FE00034783A253034780A0067635F636C6561E2
:107FF0006E3A2073746174652D3E2025640A006713
:10800000635F636865636B3A2066756C6C206672AB
:108010006565626C6B3A2564206E65656465643ADB
:10802000256420667265653A25642064656C653A4E
:1080300025640A000A67635F636865636B20232514
:10804000643A2072756E20676320667265655F62B0
:108050006C6F636B733A25642070667265653A25B0
:10806000642070616C6C6F3A2564207064656C6587
:108070003A2564205B25645D206C656E3A2564209A
:108080006F662025640A0067635F636865636B3A07
:10809000206E6F2063616E646964617465732C2067
:1080A00072657475726E0A0067635F636865636BFF
:1080B0003A20636C65616E696E6720626C6F636BFA
:1080C0002025642C20726573756C742025640A0069
:1080D00067635F636865636B3A206561726C7920E2
:1080E00061626F72742C206E6F20726573756C7490
:1080F000206F6E206763207768656E20667320634B
:1081000072616D6D65640A0067635F636865636BC8
:108110003A2066696E69736865642C202564206462
:10812000697274792C20626C6F636B7320256420F4
:10813000667265652C202564207061676573206612
:108140007265652C2025642074726965732C207219
:1081500065732025640A0074727565007072696E1B
:1081600074454550524F4D00636C656172454550F2
:10817000524F4D00676574454550524F4D4D656DEA
:108180006F727955736167650073657453797374A1
:10819000656D4D6F64650073657446616E537065FF
:1081A00065640067657446616E52504D007377696F
:1081B0007463684C656400737769746368537465AD
:1081C00072696F0067657453746572696F446961A1
:1081D000676E6F73007377697463685576630073B5
:1081E000657454696D655A6F6E6500736574546982
:1081F0006D650073657443726564656E7469616C66
:1082000073007072696E7443726564730076312E08
:1082100031390046575F5645520041757261006121
:108220007070006170702E6E6574776F726B0000F5
:10823000000000000000000000000000000000003E
:10824000AD000A08CB490A08000000000000000049
:10825000154C0A08494C0A0875F20A08CD490A0863
:1082600070616E69632D636F756E74657200706105
:108270006E69632D7265736574006C6173742D7023
:10828000616E69632D6576656E74007265736574E1
:108290002D636F756E74657200757365722D7265EE
:1082A000736574006C6173742D72657365742D65EC
:1082B00076656E74007374617465006C65642D730B
:1082C000776974636800312E352E370073757070CE
:1082D0006F72742E6C6564004C4544207475726E28
:1082E0006564206F666600312E352E36004C45449D
:1082F000207475726E6564206F6E000000000000CF
:108300000000000081530A089D530A087F530A08A1
:10831000000000000000000021560A087576632D59
:1083200073776974636800312E352E34007375706D
:10833000706F72742E757663005556432074757293
:108340006E6564206F6E00312E352E350055564314
:10835000207475726E6564206F666600312E352E4E
:108360003800555643207475726E656420617574CB
:108370006F000000000000000000000001580A0823
:10838000312E342E3100737570706F72742E6661E9
:108390006E0046616E20646F65736E277420776F80
:1083A000726B2070726F7065726C79000000000053
:1083B00000000000E95D0A0873746572696F2D732F
:1083C000776974636800312E352E320073757070D2
:1083D0006F72742E73746572696F6E697A6572005C
:1083E00053747265696F6E697A6572207475726E06
:1083F0006564206F6E00312E352E33005374726524
:10840000696F6E697A6572207475726E6564206F2B
:10841000666600312E352E390053747265696F6EB1
:10842000697A6572207475726E6564206175746F07
:1084300000312E352E310053746572696F6E697A82
:10844000657220646F65736E277420776F726B207E
:1084500070726F7065726C7900000000000000009F
:108460000000000099600A08000000000000000001
:108470009D620A08312E31302E3100737570706F95
:1084800072742E636F766572005468652066726F31
:108490006E7420636F766572206F70656E65640020
:1084A000312E31302E32005468652066726F6E7442
:1084B00020636F76657220636C6F73656400636F11
:1084C00076657253746174650073636865640077E0
:1084D000686F616D69007363686564756C657200CF
:1084E00073746172742D74696D6500746D702D7094
:1084F0006572696F640073697A6500312E312E31BF
:108500003100737570706F72742E6D6F64657300D7
:108510005363686564756C657220646566696E692D
:1085200074696F6E2072656D6F7665640064656650
:1085300061756C74006163746976652D6D6F646537
:1085400000312E312E3400456E74657220686967E3
:1085500068206D6F646500312E312E3600456E74D3
:108560006572206C6F77206D6F646500312E312E3F
:10857000313200456E7465722073696C656E7420CB
:108580006D6F64650063757272656E7400312E31B3
:108590002E320044656661756C74206D6F646520D1
:1085A0007761732073657420746F3A2000312E3127
:1085B0002E3000456E746572206175746F206D6F8A
:1085C000646500312E312E330044656661756C742C
:1085D000206D6F64652072657374617274656420C8
:1085E000746F204175746F00706F736974696F6E7A
:1085F000003A303000256420256D2025592025487B
:108600003A254D3A2553000000000000000000000C
:10861000C1640A0815650A081D640A08312E312E46
:108620003800456E746572206E69676874206D6FDE
:10863000646500312E312E390045786974206E69E9
:10864000676874206D6F6465000000000000000022
:108650000000000059750A08ED750A0825483A25FA
:108660004D00312E312E3133004578697420736905
:108670006C656E74206D6F64650000000000000082
:108680000000000061790A08F5790A08312E312EC0
:10869000370045786974206C6F77206D6F646500D2
:1086A0000000000000000000C17A0A086D7C0A0882
:1086B000312E312E3500457869742068696768204D
:1086C0006D6F646500000000000000000000000005
:1086D000217D0A08CD7E0A0800000000000000008D
:1086E000AD000A08AD000A08636F6465006E616D35
:1086F00065006D65737361676500616674657220FE
:1087000077726974696E67206E756D4576656E74F3
:10871000733D25752066696C654C656E6774683DB0
:108720002564006E6F206461746120696E20657637
:10873000656E74732066696C652C2077696C6C209B
:1087400067656E6572617465206E6577006E756D24
:108750004576656E74733D2575206E756D53656E37
:10876000743D257500616C6C206576656E747320B0
:1087700068617665206265656E2073656E742C2075
:108780007265696E697469616C697A696E67004FB8
:10879000766572666C6F7765642062756666657271
:1087A000206F6E20696E697469616C207265616406
:1087B0002C207265696E697469616C697A696E678B
:1087C0000066696C652064617461206C6F6F6B7307
:1087D0002076616C6964206F6C64657374506F738C
:1087E0003D2575004E6F206D616769632062797465
:1087F0006573206F7220696E76616C6964206C65A8
:108800006E677468006661696C656420746F2077B8
:10881000726974652066696C65206865616465725B
:1088200000696E697469616C697A65642065766552
:108830006E74732066696C65007573696E67206578
:1088400076656E74732066696C652077697468203C
:1088500073697A653D2575206E756D4576656E7414
:10886000733D2575206F6C64657374506F733D257F
:108870007500617572616462007B22636F646522BA
:108880003A2200222C20226E616D65223A220022BB
:108890002C202274797065223A2200222C20226D2D
:1088A000657373616765223A2200227D00657665F3
:1088B0006E7473006D6F756E74207265733D256CF8
:1088C0006400726561644279746573207365656BD9
:1088D000206661696C6564207365656B546F3D2526
:1088E0006400777269746542797465732073656595
:1088F0006B206661696C6564207365656B546F3DC0
:1089000025640000000000000000000000000000DE
:1089100000000000B9CE0A08AD000A08AD000A0840
:10892000AD000A08AD000A08AD000A08AD000A084B
:10893000AD000A08AD000A08AD000A08AD000A083B
:10894000AD000A08000000000000000075870A085A
:10895000A5870A08D1820A08A5810A0861810A0848
:108960001D840A0809810A08CF800A0839870A0885
:10897000E97F0A08D17F0A08B9860A08F9860A0839
:10898000C97F0A08FB7F0A08417572614D6667540A
:1089900073745746005353494400454550524F4D58
:1089A000436F6E74656E7400312E382E310073750E
:1089B00070706F72742E63726564730057692D4610
:1089C000692063726564732072656D6F76656420DB
:1089D0007375636365737366756C6C7900312E38DB
:1089E0002E330057692D46692063726564732077C2
:1089F0006173207365742073756363657373667543
:108A00006C6C7900292000696E7465726E616C5F10
:108A1000737570706F727400312E322E3100737561
:108A200070706F72742E656570726F6D005468653A
:108A300020454550524F4D20636C6561726564203E
:108A40007375636365737366756C6C790045455027
:108A5000524F4D206D61726B6564206173206E6FA3
:108A60007420696E697469616C697A6564004E5539
:108A70004C4C002F2F22225C5C6208660C6E0A723E
:108A80000D7409006E756C6C00652D0066616C7369
:108A9000650000000000F03F000000009999B93F18
:108AA0009A9999994D62503FFCA9F1D2F2D77A3E3A
:108AB00048AFBC9AAF03D23C1656E79ED6398039F0
:108AC00080688965FC53DA320DD131964554912581
:108AD000C2DEB781B207FE0A148BD77D9999B93FE0
:108AE0009A999999E17A843F7B14AE47E2361A3F0E
:108AF0002D431CEB8E79453E3A8C30E2B2D29C3C41
:108B0000BC89D89723F6493933A7A8D5FD0FA532DC
:108B10003DA7F44408BA5B259D978CCF2806C80A68
:108B2000436FAC6400002440000000000000594086
:108B3000000000000088C3400000000084D7974177
:108B40000000000079C341430080E037B5B8934688
:108B5000176E05B5034F384DF5F93FE94877825A4E
:108B6000321D30F9DD4F15753CBF737F312E312E2C
:108B70003100335F30303A30305F3000335F3000E7
:108B8000345F30007265736F74726554696D655A35
:108B90006F6E6500312E332E3100737570706F72F9
:108BA000742E74696D657A6F6E6500496E76616CBE
:108BB00069642074696D657A6F6E652076616C7585
:108BC0006500312E332E320054696D657A6F6E6503
:108BD00020002077617320736574202620736176EE
:108BE000656420746F20454550524F4D2073756366
:108BF0006365737366756C6C790072656D6F76650D
:108C0000416C6C00FFFFFFFFFFFF312E362E33005B
:108C1000737570706F72742E7367703330005347C2
:108C20005033302068756D696469747920636F6DA5
:108C300070656E736174696F6E206661696C6564DE
:108C400000312E362E34005347503330206D65618D
:108C5000737572656D656E74206661696C6564001C
:108C6000312E362E310053475033302073746172E9
:108C70007475702074657374206661696C65640036
:108C8000312E362E320053475033302073657475C1
:108C900070206661696C65640020322061200320C9
:108CA000087B227631223A252E31662C202276321C
:108CB000223A252E31662C20227633223A25642C46
:108CC00020227634223A25642C20227635223A2539
:108CD000642C20227636223A25642C2022763722F4
:108CE0003A2225632563222C20227638223A252E2B
:108CF00031662C20227639223A252E31662C20220C
:108D0000763130223A25642C2022763131223A20E5
:108D10005B25642C2025642C2025642C2025642CC4
:108D20002025642C2025642C2025642C2025642CEF
:108D30002025642C2025642C2025642C2025642CDF
:108D40002025642C2025642C2025642C2025642CCF
:108D50002025642C2025642C2025642C2025642CBF
:108D60002025642C2025642C2025642C2025642CAF
:108D70002025642C2025642C2025642C2025642C9F
:108D80002025642C2025642C2025642C2025642C8F
:108D90002025642C2025642C2025642C2025642C7F
:108DA0002025642C2025642C2025642C2025642C6F
:108DB0002025642C2025642C2025642C2025642C5F
:108DC0002025642C2025642C2025642C2025642C4F
:108DD0002025642C2025645D207D00312E372E3126
:108DE00000737570706F72742E6864633130383040
:108DF0000048444331303830207365747570206604
:108E000061696C656400312E372E3200484443316D
:108E1000303830206D6561737572656D656E7420D4
:108E20006661696C65640053595354454D5F5448FD
:108E30005245414428454E41424C454429206973DE
:108E4000207265717569726564005075626C697332
:108E50006851756575654173796E63007075626CF4
:108E6000697368696E672025732025732074746C9C
:108E70003D256420666C6167733D257800707562DE
:108E80006C6973682063616E63656C6564007075FE
:108E9000626C697368656420737563636573736678
:108EA000756C6C79007075626C69736820666169B5
:108EB0006C65642C2077696C6C2072657472792003
:108EC000696E20256C75206D73006170702E707551
:108ED00062710000000000000000000000000000BF
:108EE00000000000B9CE0A08AD000A08AD000A086B
:108EF000AD000A08AD000A08AD000A086D6F756E76
:108F00007420616674657220666F726D6174207280
:108F100065733D256C6400726561642061646472F0
:108F20003D3078256C782073697A653D256C752015
:108F3000646174613D253032782530327800726585
:108F4000616420616464723D3078256C78207369B7
:108F50007A653D256C75007772697465206164647B
:108F6000723D3078256C782073697A653D256C7583
:108F700020646174613D2530327825303278007785
:108F80007269746520616464723D3078256C782064
:108F900073697A653D256C75006572617365207330
:108FA0006563746F7220616464723D3078256C78FB
:108FB0002073697A653D256C75006170702E737041
:108FC00069666673000000000000000000000000F9
:108FD000ADD10A08C7D10A08000000000000000057
:108FE000AFD10A08D5D10A08B1D10A086BD20A0854
:108FF000E3D10A0807D20A0837D20A0861D20A0860
:1090000021D20A08000000000000000025D60A084E
:109010002BD60A0839D60A0827D60A083DD60A08E8
:1090200041D60A0849D60A0851D60A0857D60A086E
:10903000626175640053657269616C0055534253F7
:10904000657269616C31004A534F4E5374726561A9
:109050006D4C6F6748616E646C657200253031300D
:109060007520005D20002C200028293A2000205B7C
:1090700000636F6465203D200025690064657461AC
:10908000696C73203D20000D0A006C6E00666E0056
:1090900064657461696C000000000000000000005D
:1090A000EFE50A0815E60A08D5E50A08E7070B0800
:1090B0000000000000000000A1EA0A08B9EA0A085E
:1090C00075F20A08CD490A080000000000000000FF
:1090D000CDEA0A08E1EA0A081DF40A08DDE50A08F3
:1090E0000000000000000000EDE50A0823E60A0881
:1090F000B1F10A08DFE50A080000000000000000E6
:10910000EBE50A0831E60A08C9E90A084DE60A084B
:10911000252B3033643A253032750025592D256DC5
:109120002D25645425483A254D3A2553257A00616A
:10913000736374696D6500000000000000000000AA
:10914000EDFA0A08F3FA0A0831FB0A0801FB0A08DB
:10915000EFFA0A0800000000000000009B000B0866
:1091600099000B08CD000B08000000000000000073
:1091700065010B08CB010B08A3010B08CFE40A081B
:1091800095010B0867010B0877010B08C5010B0857
:1091900087010B0861010B080000000000000000BF
:1091A00095030B08FD030B08D9030B08CFE40A084D
:1091B000A9030B08C5030B08B7030B08D3030B085F
:1091C00097030B089B030B08000000000000000041
:1091D000C5040B080F050B08E7040B08C7040B08B0
:1091E000EF040B08F7040B08FF040B0807050B0836
:1091F000000000000000000099060B088F060B0815
:1092000085060B0819060B0857880A0863880A08A0
:109210001D070B0825070B0879060B0871060B08BC
:1092200067060B086F880A0823060B080000000079
:1092300000000000DD060B08E7060B08F1060B082E
:10924000FB060B0805070B0811070B081D070B0889
:1092500025070B082D070B0839070B0841070B08DA
:109260004B070B0855070B087525303478000000B4
:1092700065787066000000000000003F000000BF3D
:109280008071313F807131BFD1F71737D1F717B7F0
:10929000252E337320252E337325336420252E325B
:1092A000643A252E32643A252E32642025640A0061
:1092B00053756E4D6F6E5475655765645468754689
:1092C00072695361744A616E4665624D61724170A4
:1092D000724D61794A756E4A756C41756753657058
:1092E0004F63744E6F764465630000001F000000FA
:1092F0001C0000001F0000001E0000001F000000F6
:109300001E0000001F0000001F0000001E000000E3
:109310001F0000001E0000001F00000000000000F1
:109320001F0000003B0000005A0000007800000011
:1093300097000000B5000000D4000000F30000001A
:1093400011010000300100004E0100001F0000006C
:109350001C0000001F0000001E0000001F00000095
:109360001E0000001F0000001F0000001E00000083
:109370001F0000001E0000001F0000001F00000072
:109380001D0000001F0000001E0000001F00000064
:109390001E0000001F0000001F0000001E00000053
:1093A0001F0000001E0000001F0000002573252E76
:1093B0002A6400257325302E2A64002B0025326490
:1093C00000252E32642F252E32642F252E32640084
:1093D0002E2A7500252E336400256C6C6400252E22
:1093E00032643A252E32643A252E326400252B3021
:1093F000336C64252E326C6400256D2F25642F2577
:10940000790025592D256D2D2564000000000000F0
:109410001F0000003B0000005A0000007800000020
:1094200097000000B5000000D4000000F300000029
:1094300011010000300100004E0100006E6600695D
:109440006E6974790000000035000000CEFBFFFF5C
:10945000CB03000001000000000000003400000009
:10946000CEFBFFFFCB030000010000000000000066
:10947000BC89D897B2D29C3C33A7A8D523F64939EA
:109480003DA7F444FD0FA5329D978CCF08BA5B250C
:10949000436FAC64280668114A616E00466562003D
:1094A0004D617200417072004D6179004A756E0025
:1094B0004A756C0041756700536570004F63740016
:1094C0004E6F7600446563004A616E756172790083
:1094D0004665627275617279004D61726368004120
:1094E0007072696C004A756E65004A756C7900414E
:1094F00075677573740053657074656D626572008D
:109500004F63746F626572004E6F76656D6265724F
:1095100000446563656D6265720053756E004D6F42
:109520006E00547565005765640054687500467296
:1095300069005361740053756E646179004D6F6EFC
:109540006461790054756573646179005765646E70
:10955000657364617900546875727364617900465B
:109560007269646179005361747572646179002570
:10957000612025622025652025483A254D3A25534E
:1095800020255900414D00256120256220256520B8
:1095900025483A254D3A255320255A202559006D56
:1095A000640025493A254D3A2553202570000000D6
:1095B00098940B089C940B08A0940B08A4940B0897
:1095C000A8940B08AC940B08B0940B08B4940B0847
:1095D000B8940B08BC940B08C0940B08C4940B08F7
:1095E000C8940B08D0940B08D9940B08DF940B088F
:1095F000A8940B08E5940B08EA940B08EF940B0869
:10960000F6940B0800950B0808950B0811950B08AC
:109610001A950B081E950B0822950B0826950B082A
:109620002A950B082E950B0832950B0836950B08DA
:109630003D950B0844950B084C950B0856950B0867
:109640005F950B0866950B08FE850B08F9930B08D0
:109650006F950B0884950B08AA810B0887950B085A
:10966000C8940B08D0940B08D9940B08DF940B080E
:10967000A8940B08E5940B08EA940B08EF940B08E8
:10968000F6940B0800950B0808950B0811950B082C
:109690009F950B08A2950B08838A0B08838A0B08F9
:1096A000838A0B08838A0B08838A0B08545A004765
:1096B0004D54002531305B5E302D392C2B2D5D252E
:1096C0006E004D256875256E2E256875256E2E2534
:1096D0006875256E002F256875256E3A25687525F5
:1096E0006E3A256875256E0000202020202020205D
:1096F0002020282828282820202020202020202042
:109700002020202020202020208810101010101051
:10971000101010101010101010040404040404049D
:109720000404041010101010101041414141414137
:109730000101010101010101010101010101010119
:109740000101010110101010101042424242424229
:1097500002020202020202020202020202020202E9
:109760000202020210101010200000000000000091
:1097700000000000000000000000000000000000E9
:1097800000000000000000000000000000000000D9
:1097900000000000000000000000000000000000C9
:1097A00000000000000000000000000000000000B9
:1097B00000000000000000000000000000000000A9
:1097C0000000000000000000000000000000000099
:1097D0000000000000000000000000000000000089
:1097E0000000000000000000002E0000E9970B08B8
:1097F000838A0B08D80000204300504F534958007B
:109800000080E03779C34143176E05B5B5B893467C
:10981000F5F93FE9034F384D321D30F94877825A48
:109820003CBF737FDD4F1575000000000000F03F66
:10983000000000000000244000000000000059402B
:109840000000000000408F40000000000088C3407E
:1098500000000000006AF8400000000080842E41F3
:1098600000000000D01263410000000084D797413F
:109870000000000065CDCD41000000205FA0024245
:10988000000000E876483742000000A2941A6D42BA
:10989000000040E59C30A2420000901EC4BCD642AD
:1098A00000003426F56B0C430080E03779C3414358
:1098B00000A0D8855734764300C84E676DC1AB43CE
:1098C000003D9160E458E143408CB5781DAF1544EC
:1098D00050EFE2D6E41A4B4492D54D06CFF08044C7
:1098E000F64AE1C7022DB544B49DD9794378EA44DC
:1098F00005000000190000007D00000081500A08EA
:10990000E1850A08BD8E0A0809B10A089DD10A0836
:10991000FDD50A0881E00A0865F20A0815F90A0867
:1099200085F90A08C9060B08A5070B0861110B0881
:08993000108EFF7F0100000012
:04993800000000002B
:10993C00E8900B0800910B082F910B080100000018
:10994C0014000020000000000000000000000000D7
:10995C0000000000000000000000000000000000FB
:10996C0000000000000000000000000000000000EB
:10997C0000000000000000000000000000000000DB
:10998C0000000000000000000000000000000000CB
:10999C0000000000000000000000000000000000BB
:1099AC0000000000AF960B08AF960B0800000000FB
:1099BC0001000000000000004A0000000000000050
:1099CC00000000000000000000000000000000008B
:1099DC00000000000000000000000000000000007B
:1099EC004A00000000000000000000000000000021
:1099FC00000000000000000000000000000000005B
:109A0C000000000000000000FF0000004300000008
:109A1C00000000000000000000000000000000003A
:109A2C0000000000000000000000000043000000E7
:109A3C00000000000000000000000000000000001A
:109A4C0000000000000000000000000043000000C7
:109A5C0000000000000000000000000000000000FA
:109A6C0000000000000000000000000043000000A7
:109A7C0000000000000000000000000000000000DA
:109A8C000000000000000000000000004300000087
:109A9C0000000000000000000000000000000000BA
:109AAC000000000000000000000000004300000067
:109ABC00000000000000000000000000000000009A
:109ACC000000000000000000000000004300000047
:109ADC00000000000000000000000000000000007A
:109AEC00000000000000000000000000D56B0B0817
:109AFC00C9620B0800000000E8960B08E9970B08F8
:109B0C00838A0B08838A0B08838A0B08838A0B08C9
:109B1C00838A0B08838A0B08838A0B08838A0B08B9
:109B2C00838A0B08FFFFFFFFFFFFFFFFFFFFFFFF15
:109B3C00FFFF0000010041534349490000000000B1
:109B4C000000000000000000000000000000000009
:109B5C000000000000004153434949000000000090
:109B6C0000000000000000000000000000000000E9
:0C9B7C000000000000000000801100202C
:109B8800FFFFFFFF16252800000001020304050659
:109B98000708090A0B0C0D0E0F10111213141516D5
:0C9BA8001718191A1B1C1D1E1F20280076
:049BB4007856341299
:04000005080A0020C5
:00000001FF
