:02000004080AE8
:1000000000000A08AC560B080000060008000501B5
:080010000402BD0B000000001A
:04001800CC2F0B08D6
:1000200009480A4908B5884205D0094A824202D0E7
:10003000121A0EF0CFFF0748074A0021121A0EF0DD
:10004000F1FF064808BD00BF0000002034540B0833
:100050004C02002050020020CD040020CD040020DE
:1000600070B50CF0A5F80025054E064CA41BA4089D
:10007000A54200D170BD56F8043B98470135F7E71B
:10008000F4470B0824480B0800F07EBA08B500F0CE
:10009000EDF9BDE808400CF04DB80AF0A7BA0AF037
:1000A000A5BA0AF0ABBA0AF0A9BA000000210C20E8
:1000B00008B5024A0AF020F9FEE700BF719E0A085F
:1000C0000078B0FA80F04009704701230370704750
:1000D000106870477047006A0368DB681847036858
:1000E0001268D1E900011847012A03D0022A03D07F
:1000F000002070470160FBE70B680360F8E7000031
:100100000022F0B5144B87B0586811460AF0A6F9E2
:1001100003466D46002453F8570F104E9B88104F2E
:100120000090ADF804300A2215F8011B02A80AF06D
:1001300048FC02A930460AF080FC02A80AF089FBBC
:10014000052C03D0394630460AF07BFC0134062CDE
:10015000E9D1012007B0F0BD400400208402002056
:10016000E02F0B081FB5014668460AF006FC6946F9
:10017000044807F0C6FB044668460AF06AFB2046BE
:1001800004B010BD9402002008B504490AF0AAFC8E
:1001900010B106F0D9FF012008BD00BFE22F0B0807
:1001A0001FB5014668460AF0E8FB6946044807F0B7
:1001B00017FC044668460AF04CFB204604B010BD0C
:1001C000940200201FB5014668460AF0D6FB694636
:1001D000044807F009FE044668460AF03AFB204648
:1001E00004B010BD940200201FB5014668460AF015
:1001F000C4FB6946044807F026FE044668460AF038
:1002000028FB204604B010BD940200201FB5014613
:1002100068460AF0B2FB6946044807F019FE044636
:1002200068460AF016FB204604B010BD9402002078
:100230001FB5014668460AF0A0FB6946044807F06E
:1002400021FE044668460AF004FB204604B010BDB7
:10025000940200201FB5014668460AF08EFB6946ED
:10026000044807F033FE044668460AF0F2FA2046D6
:1002700004B010BD940200201FB5014668460AF084
:100280007CFB6946044807F027FE044668460AF0EE
:10029000E0FA204604B010BD940200201FB50146CC
:1002A00068460AF06AFB6946044807F039FE0446CE
:1002B00068460AF0CEFA204604B010BD9402002031
:1002C00008B50AF081FCC1170BF05AFD012008BDEA
:1002D0001FB5014668460AF050FB6946044807F01E
:1002E000ABFE044668460AF0B4FA204604B010BDDE
:1002F000940200201FB5014668460AF03EFB69469D
:10030000044807F0BBFE044668460AF0A2FA2046FD
:1003100004B010BD9402002008B50AF019FA0120BB
:1003200008BD05F021BA30B51368006885B00193A7
:100330008368D1E90045CDE902450BB90DF021F9FB
:10034000C36801AA02A9984705B030BD30B585B091
:100350000446089860B1406850B1856845B1CDE960
:100360000241CDE90023C4686A4601AB02A9A04757
:1003700005B030BD02F00F02012A04D1024A137801
:100380000133DBB213707047C802002010B5044679
:10039000006808B10AF032F9204610BD10B50446D5
:1003A000094B03600AF0F4FD21460BF00DF80CF048
:1003B000CBFA0CF0BDFA2046044B40F8043B0AF09F
:1003C000F1FE204610BD00BFFC300B08E4300B08E6
:1003D00010B50446FFF7E2FF204624210DF0CBF8CC
:1003E000204610BD0A2A08B50AD10022054B114645
:1003F00058680AF073F818B904F054FD01238377A4
:1004000008BD00BF4004002010B58368044613B146
:10041000032201469847204610BD10B504462430FB
:10042000FFF7F2FF204610BD024601480BF04DBF1A
:100430009FC20A0808B50CF067FB4FF416510CF088
:100440005DFB01200BF007FE0022114610460BF069
:1004500012FE00F049FC01F015F901F0E7FD01F092
:1004600067FCBDE8084000F031BF000010B50D4842
:1004700007F011F909F024FD0B4B1A7802F0FF0484
:1004800012B1002201241A7009F022FD44B105487E
:10049000036893F82B301BB9BDE8104007F016B97C
:1004A00010BD00BF94020020C802002038B5002310
:1004B00083608B6804460D462BB102229847EB6897
:1004C000E360AB68A360204638BD0000F0B50024AF
:1004D0008FB007460E4602A8114606ADFFF7E6FFAD
:1004E00002A92846FFF7E2FF10200C94FFF7D5FD84
:1004F000034698B195E803006A4682E8030093E852
:10050000030085E8030092E80300089A83E80300EB
:100510009A60D968099A08940991DA600A93164B8F
:1005200010200D93154B0C93FFF7B7FD0446B0B1A7
:10053000002383600C9B33B102220AA998470D9BCC
:10054000E3600C9BA3600E4B3846CDE90034314686
:100550006B460C4A09F012FF041E18BF01240AA8BA
:10056000FFF752FF2846FFF74FFF02A8FFF74CFFA7
:1005700020460FB0F0BD00BF27030A0845070A0850
:10058000010008004D030A08F0B5434985B043480F
:10059000FFF74AFF42494348FFF746FF42494348B5
:1005A000FFF742FF42494348FFF73EFF42494348B5
:1005B000FFF73AFF42494348FFF736FF42494348B5
:1005C000FFF732FF42494348FFF72EFF42494348B5
:1005D000FFF72AFF42494348FFF726FF42494348B5
:1005E000FFF722FF42494348FFF71EFF42494348B5
:1005F000FFF71AFF42494348FFF716FF42494348B5
:10060000FFF712FF42494348FFF70EFF00240C2377
:100610000094ADF80030404B404D019304226B46EE
:100620003F494048029409F099FF234604223E497D
:100630003E4809F093FF284607F02AF804223C4977
:10064000032009F085FC3B4F3B4B3C4E6A460021A2
:100650002020009303970296FFF738FF6846FFF7C4
:10066000D3FE374B6A4600214FF400500093CDE98A
:100670000267FFF72BFF6846FFF7C6FE22462146BA
:10068000072009F08BFE20460BF0E5FC284607F01A
:10069000FBFC05B0F0BD00BF65010A08E72F0B08A1
:1006A00089010A08F32F0B0823030A08FF2F0B0800
:1006B000A1010A0814300B08C5010A0822300B08F2
:1006C000E9010A082E300B080D020A0838300B0821
:1006D00031020A0842300B0855020A084F300B0855
:1006E00079020A0860300B089D020A086A300B087C
:1006F000C1020A0876300B08D1020A087E300B08C6
:10070000F5020A088D300B0819030A0898300B0807
:1007100001010A089E300B08D1000A08940200204B
:1007200084020020AE300B08B7300B08BD300B0838
:10073000C4300B08DF000A08E5030A08E9000A08CC
:1007400075030A08022A70B5044607D0032A10D0A0
:10075000012A01D10B680360002070BD10200E68D3
:10076000FFF79BFC054610B13146FFF79FFE256061
:10077000F2E70468002CEFD02046FFF745FE102179
:1007800020460CF0F8FEE7E770B51426D0E90053D8
:10079000044606FB0356AE4204D028460AF059F838
:1007A0001435F8E7206809F029FF204670BD2DE9CF
:1007B000F843B1F10008074635DD4FF0140909FB95
:1007C00008F009F013FF0546A8B3D7E900468442B4
:1007D00009FB064615D2864214D9143EA4F1140929
:1007E000341B0444B1451FD02CB1314620460AF0D9
:1007F000AAF8337C237430460AF02BF8143E143CDC
:10080000F0E711D0A946A6420ED0214648460AF08C
:100810009AF8237C204689F810300AF01AF814342C
:1008200009F11409EFE70025386809F0E7FE012017
:100830003D60C7F80880BDE8F88300232DE9F0414A
:10084000C0E9003383600D4649680446994217DDCC
:10085000FFF7ADFFA0B1D5E900634FF0140808FB26
:1008600003682768B04509D02FB1314638460AF0F1
:1008700084F8337C3B7414361437F3E76B68636099
:100880002046BDE8F081000030B597B00CF0DEFCEA
:10089000002342F216511A460CF0E0FC0CF0D6FC94
:1008A000002300241A4638210CF0E0FC002101202E
:1008B00009F06CFD464D474B0120AB602C60AC80CD
:1008C000AC7109F04BFD28460125434A43490CF021
:1008D0004DFE0121042009F043FBFFF7ABFD404929
:1008E00040480AF000F83C4A3F493E480CF03EFEC2
:1008F0003E490CA809F0F7FF3D4911A88DF840507A
:1009000009F0F1FF02216846CDE900448DF854500A
:100910000294FFF74CFF98B1009C34B120460CA91B
:100920000AF02BF89DF84030237411A904F114004B
:100930000AF023F89DF8543084F824300223019300
:100940000CF002F80546694603A8FFF776FF03A9F5
:1009500006A8284CFFF771FF274B06A9236009A8BA
:10096000FFF76BFF09AA0121201D0AF07FFE09A8ED
:10097000FFF70AFF06A8FFF707FF204B2562236059
:1009800003A8FFF701FF1E4B23600BF0DDFF4FF4C0
:1009900016510BF0C9FF0AF0FBFA21460AF0F9FDE7
:1009A0006846FFF7F1FE11A809F053FF0CA809F003
:1009B00050FF094A134920460CF0D8FD124806F0B2
:1009C0000DFE054A114910480CF0D0FD17B030BD9E
:1009D000540200200000FFFF500200208D030A088F
:1009E000AA380B088402002053A80A08C9300B0853
:1009F000CD300B0860020020E4300B08A83F0B0844
:100A0000FC300B089D030A08940200201B040A080E
:100A100007B5002201A81146019209F0A9FA019830
:100A200003B05DF804FB09F043BA000038B5054C8B
:100A300025682DB90120FFF730FB00B1057020605B
:100A4000206838BDCC02002013B50CF021FD4FF416
:100A50007A7009F025FA04460CF01AFD0422694662
:100A600040F2E93009F03CFA631EDBB2FD2B13D9EA
:100A70000CF00EFD01214FF47A70FFF7D4FF0CF05B
:100A800007FD0BF094FA042201900DEB020140F2F5
:100A9000E93009F02DFA19E0042C19D90CF0F8FC12
:100AA00000214FF47A70FFF7BEFF0CF0F1FC042236
:100AB000002440F2E9300DEB0201019409F018FA2C
:100AC00005200BF0BDFA204609F045FE02B010BD2E
:100AD0000BF06DFA009BC01AB0F5167FF6D80CF03B
:100AE000D7FC611CC9B2C6E713B50CF0D1FC40F2CB
:100AF000ED3009F0D5F904460CF0CAFC0422694631
:100B000040F2EE3009F0ECF9631EDBB2FD2B13D995
:100B10000CF0BEFC012140F2ED30FFF784FF0CF039
:100B2000B7FC0BF044FA042201900DEB020140F2F5
:100B3000EE3009F0DDF919E0042C19D90CF0A8FC0D
:100B4000002140F2ED30FFF76EFF0CF0A1FC042213
:100B5000002440F2EE300DEB0201019409F0C8F9D7
:100B600005200BF06DFA204609F0F5FD02B010BD2E
:100B70000BF01DFA009BC01AB0F5167FF6D80CF0EA
:100B800087FC611CC9B2C6E710B50446FFF740FFF9
:100B9000822804D12046BDE81040FFF755BFFFF77B
:100BA00037FF8C2804D12046BDE81040FFF79CBFDA
:100BB000FFF72EFF282802D10123237010BDBDE8C6
:100BC0001040FFF725BF7047002210B50446044BC4
:100BD000114640F8043B09F0AFFB204610BD00BFB2
:100BE00080310B0810B50446FFF7EEFF20462021A8
:100BF0000CF0C1FC204610BD10B56C22002104464B
:100C00000EF010FA0123002220461146236009F05D
:100C1000F5FB204610BD2DE9F04105460E4617466E
:100C20009DF81810002218461C4609F0EFFB2346D9
:100C300006903A4631462846BDE8F04109F05EBDCF
:100C4000F0B5044626468BB001F0D0F91C4B0022CB
:100C500046F8083B1421012009F0D8FB0125142790
:100C600003462A46CDE900756FF07F41304609F012
:100C700023FD39460022022009F0C8FB1E2203464C
:100C8000019500920F49022202A804F10C0503AE5F
:100C900009F012FD0FCE0FC596E8070085E80700A2
:100CA00002A8FFF791FF4FF480124FF480732046A3
:100CB000C4E90A23002384F8303063630BB0F0BD2D
:100CC00094310B080060FF0038B5064C23683BB92F
:100CD0003820FFF7E2F9054608B1FFF7B1FF2560BC
:100CE000206838BDD002002030B514249FB003A87E
:100CF000FFF782FF03A803236FF07F4200210094D7
:100D0000FFF789FF03A803236FF07F4201210094BE
:100D1000FFF781FF02231E25194603A8FF22009436
:100D2000FFF779FF03A80223FF2203210094FFF7B6
:100D300072FF03A80323FF2204210094FFF76BFF37
:100D400003A80223FF2205210095FFF764FF03A8F3
:100D50000223FF2206210095FFF75DFF03A803236E
:100D60006FF07F4207210094FFF755FF0A2303A885
:100D700000934FF47F4202230921FFF74CFF00222A
:100D800003A8114609F032FB1FB030BD10B5142482
:100D90009EB003A8FFF730FF03A803236FF07F4244
:100DA00002210094FFF737FF032303A819466FF0D1
:100DB0007F420094FFF72FFF03A803236FF07F42C9
:100DC00004210094FFF727FF03A803236FF07F425D
:100DD00005210094FFF71FFF032303A86FF07F4254
:100DE00006210094FFF717FF002203A8114609F01F
:100DF000FDFA1EB010BD38B505460C4681B10BF0AA
:100E000028F928B100200BF026F9012385F82830B5
:100E1000214605F10C000022BDE8384009F08CBAEB
:100E200090F82830002BF3D001200BF014F9224663
:100E3000214620460BF01FF985F82840E8E710B559
:100E4000044649B10BF005F9A0B194F8290088B91E
:100E5000BDE810400BF0FFB80BF0FBF8044648B9B2
:100E600001200BF0F8F8224621462046BDE810404C
:100E70000BF001B910BD38B50546E0B10478D4B126
:100E800083783A2B17D10FF02FF9042813D90A22AF
:100E90006878303C303802FB04042B79E878303B2A
:100EA0003038172C02FB003005D83B2803D83C23F0
:100EB00003FB040038BD4FF0FF30FBE770B50D4673
:100EC0001646FFF7D8FF04462846FFF7D4FF05462D
:100ED0003046FFF7D0FF002C10DB002D0EDB002882
:100EE0000CDB854206DCAC4208DB8442ACBF002050
:100EF000012070BDAC42F8DB0120FAE70020F8E7E2
:100F000030B50546364C8DB039B108F0B9FF95F8CB
:100F10002930206063B10DB030BD08F0B1FF42F25E
:100F20000F722368C01A9042EFD8002BEDD0F2E781
:100F300095F82B40002CEED12A492B480DF10D02DB
:100F40008DF80D4005F05FFA9DF80D3053B9274933
:100F5000274808AA05F057FA28469DF82010FFF701
:100F60006EFFD8E7224623491F4804AB0494ADF82E
:100F700014400694ADF81C4005F0AAF822461E491C
:100F8000194806AB05F0A4F8012318490DF10E022B
:100F900015488DF80E3005F036FA0BF008F8174BAF
:100FA000024617490093C31708A80AF0A1FF089842
:100FB00006AA04A9FFF782FF40B19DF80E1028464B
:100FC000FFF73DFF08A809F044FCA4E707490848DB
:100FD0000DF10F0205F017FA9DF80F10EFE700BFB3
:100FE000D40200200C310B0814310B0822310B08FD
:100FF00028310B0833310B0839310B083D310B0810
:101000009403002013B50446084909480DF107026E
:1010100005F0F9F99DF8073033B91121236884F8F8
:101020002A1020461B68984702B010BD22310B08D9
:1010300028310B0870B5154690F82B200446D2B91C
:10104000012680F82F1080F82D5080F82E3080F87F
:10105000302080F82C6008F013FF84F82B60606368
:1010600030460AF0F8FF002D0348BDE8704018BF75
:10107000FF200BF013B870BD0050FF0038B590F89A
:101080002B3004462BB308F0FBFE636BC01AC72855
:101090001FD908F0F5FE94F82C306063D3B100221C
:1010A000114610460AF0E7FF94F8303094F82F20EC
:1010B0000133DBB29A4284F830300AD8002594F824
:1010C0002E3084F82B5013B128460AF0C4FF84F860
:1010D0002C5038BD012384F82C3094F82D3004486E
:1010E000002B18BFFF20BDE838400AF0D7BF00BF73
:1010F0000050FF00F0B54B1E04460D468DB0242B6A
:1011000018D8DFE803F0131D7A7A7A17177A697A0C
:1011100017171717174F1F171717171717921717A4
:10112000171717171717A3AAAEB2B600012120464A
:10113000FFF761FE2946204600F052FF0DB0F0BDDA
:101140000021F4E70AF085FF064638B901200AF0CD
:1011500082FF3246314630460AF08DFF0022464972
:10116000464806F01DF81123454984F82A306846A0
:1011700009F0B9FB434904A809F0B5FB424908A8A6
:1011800009F0B1FB694608AB04AA532003F00CFD3B
:1011900008A809F05EFB04A809F05BFB684609F0AB
:1011A00058FBC7E70AF055FF20B194F8290008B9A9
:1011B0000AF051FF01223049304805F0F1FF1023B9
:1011C000324984F82A30684609F08DFB2D4904A87D
:1011D00009F089FB2E49D2E7012780F829700AF02F
:1011E00038FF06460028A5D138460AF034FF3246BB
:1011F000314630460AF03FFF9CE7002390F82B6011
:1012000080F82930002E95D11B491C4808AA05F00A
:10121000FAF89DF82030002B8CD00AF01AFF002835
:1012200088D030460AF017FF84E7FFF75DFD0AF02B
:1012300010FF10B100200AF00EFF01220E490F48E6
:1012400005F0AEFF182384F82A3073E701231A460D
:1012500019462046FFF7EEFE6CE7012302211A46ED
:10126000F7E701231A460321F3E7012304211A4675
:10127000EFE701230022F6E722310B0828310B08A3
:1012800043310B0849310B0855310B0864310B0809
:101290006A310B0810B5044600F0A8FE024B204648
:1012A00023601523A36010BDF8310B0838B5064C38
:1012B00023683BB90C20FEF7F0FE054608B1FFF7A6
:1012C000E9FF2560206838BDD802002008B501215B
:1012D00019200CF021F8BDE80840002119200CF07D
:1012E0002CB80000002213B511460DF10703044687
:1012F000074804F0F1FF9DF80710A1F11603012B38
:1013000003D8236820461B68984702B010BD00BF71
:1013100098310B0830B54B1E04460D468DB01F2B7F
:101320003AD8DFE803F0A3A79D979D399D399D39F1
:101330009D86869090393939393963103F3939396A
:101340003939399D9D9716230022037211464E4864
:1013500005F0BBFF4D49684609F0C5FA4C4904A8A1
:1013600009F0C1FA4B4908A809F0BDFA694608AB73
:1013700004AA532003F018FC08A809F06AFA04A88C
:1013800009F067FA684609F064FAA37A23B90121E3
:10139000E17219200BF0D1FF2946204600F020FE13
:1013A0000DB030BD1723002203721146364805F0F8
:1013B0008CFF3949684609F096FA354904A809F0C6
:1013C00092FA364908A809F08EFA694608AB04AAD1
:1013D000532003F0E9FB08A809F03BFA04A809F040
:1013E00038FA684609F035FA0021D1E715230022C2
:1013F00003721146244805F068FF6846284909F041
:1014000072FA234904A809F06EFA264908A809F0DF
:101410006AFA694608AB04AA532003F0C5FB08A882
:1014200009F017FA04A809F014FA684609F011FA4D
:10143000B2E7037A152BAFD1437A002BACD1837A74
:10144000002BA9D1D0E7037A152BA5D1437A002B25
:10145000A2D19AE701234372037A152B9CD194E71A
:1014600000234372037A152B96D1BDE70123002197
:1014700043818EE700238372037A162B87D0437A49
:10148000002B84D188E700BF98310B08A3310B08EB
:10149000A9310B08B5310B08C3310B08C9310B0852
:1014A000D8310B08DE310B08D0B5044616461F466E
:1014B00008F0E6FCDDE90423C4E90623DDE90623A0
:1014C000C4E90823DDE90823C4E90A23DDE90A2386
:1014D000C4E90C2300220023A060C4E9046720466D
:1014E000C4E90E23C4E91023D0BD2DE9F3471F46FC
:1014F000836882464360164608F0C2FCDDE90A2391
:1015000004463946CAF8080030460CF057FADAE9C2
:10151000082306460F460CF009FC4FF47A73CDE918
:101520000001DAF80400B0FBF3F0201A0CF084FBA1
:1015300032463B4604460D460CF0F8FBDAE9102330
:101540000CF03EFADAE90E23804689463046CAE9B5
:10155000108939460CF032FA22462B460CF010FD69
:10156000DAE90A230CF0E2FBDAE90C2304460D4623
:10157000404649460CF0DAFBDDE900230CF020FA86
:1015800002460B46204629460CF01AFADAE90445D1
:101590008046894602460B46204629460CF038FE16
:1015A00050B9DAE9064542464B46204629460CF03A
:1015B0004DFE08B944464D4620462946CAE90E6705
:1015C00002B0BDE8F0870000024A136801331360DF
:1015D000704700BFDC020020D0B5044688B000F0A0
:1015E00005FD20460026002700221B4B40F8503BFB
:1015F0001A4BCDE90667CDE9022315A3D3E90023F1
:10160000CDE90467CDE900230022154BFFF74CFF1D
:10161000192384F898304FF448534FF49661C4E985
:101620000267C4E90467A38504F12C0204F11803DE
:1016300023F8021B9342FBD100232046C4E9123356
:10164000E3850123238608B0D0BD00BFAFF300803F
:101650000000000000407FC0A4320B080000E03F03
:1016600000407F4038B5064C23683BB9A020FEF708
:1016700014FD054608B1FFF7AFFF2560206838BDAF
:10168000E802002007B5012118200BF045FE0021DB
:101690001B200BF041FE082118200BF0D3FE4FF465
:1016A0007A72FF2118200BF0B1FE002301220749B6
:1016B00000931B204FF0FF330BF0A0F908F0E0FB84
:1016C000034B186003B05DF804FB00BFC9150A089E
:1016D000E002002038B508F0D3FB0949094A0B683D
:1016E000C31AB3F57A7F08D30023074C0860256836
:1016F00023603C236B435B081380108838BD00BF18
:10170000E0020020E4020020DC02002000000000D3
:10171000F7B5054608F0B4FBAB6CC01AB0F5FA6F2C
:101720002BD3284695F82D40FFF7D4FF0CF084FA10
:10173000D5E9022305F15006CDE900013046FFF757
:10174000D4FE00223C4B06460F460CF075FDB0B1AE
:10175000103CE4B2042C38BF0424322C28BF3224BD
:1017600095F82D30A34205D0214618200BF028FE15
:1017700085F82D4008F084FBA86403B0F0BD00227A
:10178000304639462D4B0CF057FD08B1083CE0E7D8
:10179000304625A3D3E9002339460CF04DFD08B1AE
:1017A000043CD6E7002230463946254B0CF044FD78
:1017B00008B1023CCDE7002230463946214B0CF0FF
:1017C0003BFD08B1013CC4E70022304639461E4BC0
:1017D0000CF028FD08B10134BBE700223046394641
:1017E0001A4B0CF01FFD08B10234B2E7002230465C
:1017F0003946174B0CF016FD08B10434A9E7002256
:1018000030463946134B0CF00DFD08B10834A0E703
:10181000304607A3D3E9002339460CF003FD002826
:1018200098D0103495E700BF0000000000C072405F
:101830000000000000407FC000407F400000794071
:1018400000004E4000804640008046C000004EC070
:1018500000C072C0000079C010B590F83030044666
:101860008CB00BB1FFF754FF08F00AFBE36CC01A11
:10187000154B984226D908F003FB94F82F30E0640A
:1018800003BB94F83030EBB1104B1B88D3B910492F
:10189000684609F028F80F4904A809F024F80E4911
:1018A00008A809F020F8694608AB04AA532003F001
:1018B0007BF908A808F0CDFF04A808F0CAFF684625
:1018C00008F0C7FF0CB010BD002E9302E402002008
:1018D000FC310B0802320B080E320B08F8B51F461C
:1018E0009DF818300446164683B100220023304686
:1018F00039460CF083FC70B34FF47A72FF21182044
:101900000BF084FD002384F83030F8BD90F82C20D3
:1019100039460A2A08BF80F82C3090F82C506B1CEE
:1019200080F82C3030460CF0C3FC0C3580B224F823
:10193000150094F82E30002BE7D194F82F30002BAF
:10194000E3D104F1180304F12C0233F8021B88429E
:10195000DBD19342F9D1C4E90267D6E738B590F8F4
:101960002F3004460D4643B941B94FF47A72FF2136
:1019700018200BF04BFD84F8305038BD90F8303013
:1019800013B9012380F830302946BDE838404FF4C0
:101990007A7218200BF03ABD10B5044694F82F3037
:1019A00008463BB9D4E90223C4E904230CF044F906
:1019B000C4E9020110BD00002DE9F0434B1E0446AE
:1019C0000D468FB01F2B24D8DFE813F02F003C000A
:1019D0009C00D000D0002300D0002300D0002300C2
:1019E00016014100550066008100230023002300FA
:1019F000230023002300230023009C0035016A01FB
:101A0000380020002D00D000D000D000012384F841
:101A1000313094F830301BB12946204600F0E0FA0E
:101A20000FB0BDE8F0830023F1E7012380F82F30E9
:101A30004FF47A72FF2118200BF0E8FC002384F8A1
:101A40003030E6E7002380F82F300123F7E794F8E1
:101A50003130002200F10801D1E9000123B3984B95
:101A60000CF0CCFB0028D4D10022954B00902046EE
:101A7000FFF734FFCDE794F83130002200F1080180
:101A8000D1E900015BB38F4B0CF0B8FB0028C0D14B
:101A900000228C4B0090EAE794F83130002200F1EC
:101AA0000801D1E900014BB1874B0CF0A7FB0028DE
:101AB000AFD1002300220093834BD8E7834B0CF077
:101AC0009DFB0028A5D10022804B0090CFE794F821
:101AD0003130002200F10801D1E900014BB17C4B0B
:101AE0000CF08CFB002894D1002300220093784B4B
:101AF000BDE7784B0CF082FB00288AD10022754BA1
:101B00000090B4E7002380F82E3090F82F3013B9FE
:101B1000012380F830300026D4E9048900273246BA
:101B20003B46404649460CF069FB18B9C4E90289B6
:101B3000C4E90467684902A808F0D5FE674906A809
:101B400008F0D1FE66490AA808F0CDFE0AAB06AA45
:101B500002A9532003F028F80AA808F07AFE06A884
:101B600008F077FE02A808F074FE52E701235A49F4
:101B700080F82E3080F8303002A808F0B4FE5749C3
:101B800006A808F0B0FE57490AA808F0ACFE0AAB58
:101B900006AA02A9532003F007F80AA808F059FE84
:101BA00006A808F056FE02A808F053FE042D04D142
:101BB0000022484BC4E902232BE76B1F012B02D8FC
:101BC0000022414BF6E7072D02D100223C4BF1E702
:101BD000092D02D100223B4BECE71E2DFAD01F2D20
:101BE00003D133A3D3E90023E4E7202D7FF411AF21
:101BF00031A3D3E90023DDE73B4902A808F073FED7
:101C0000364906A808F06FFE38490AA808F06BFEAE
:101C10000AAB06AA02A9532002F0C6FF0AA808F0E0
:101C200018FE06A808F015FE02A808F012FE01230F
:101C300084F82E30FCE6284902A808F054FE274913
:101C400006A808F050FE2A490AA808F04CFE0AAB84
:101C500006AA02A9532002F0A7FF0AA808F0F9FD7E
:101C600006A808F0F6FD02A808F0F3FD94F82F305E
:101C700013B9012384F830304FF00008D4E9046729
:101C80004FF0000942464B46304639460CF0B6FA52
:101C900000287FF4BEAEC4E90267C4E90489B8E64F
:101CA00090F82F30002B7FF4B4AECEE6AFF3008077
:101CB0000000000000709740000000000088A34072
:101CC00000407F4000208C4000C0924000209C409B
:101CD00000E0954000409F4028320B0802320B087C
:101CE0002E320B0847320B086E320B0874320B0889
:101CF0008A320B0810B5044600F078F9034B122223
:101D0000236000232046C4E9022310BD54330B088E
:101D100038B5064C23683BB91020FEF7BEF90546DE
:101D200008B1FFF7E7FF2560206838BDEC0200200E
:101D300008B5012102200BF0EFFA00210B200BF077
:101D4000EBFABDE80840002102200BF0F6BA0000D3
:101D5000002213B511460DF107030446074804F0AD
:101D6000BBFA9DF80710A1F11303012B03D82368D8
:101D700020461B68984702B010BD00BFA8320B0870
:101D800070B5C37ADBB9012102200BF0D6FA0A2024
:101D90000AF056F901260F2400252DB90B200BF06F
:101DA000E5FA051E18BF0125013C14F0FF04F4D12B
:101DB0001EB1214602200BF0C0FA284670BD002655
:101DC000E9E7000030B54B1E04460D468DB01F2BD1
:101DD0004AD8DFE813F0E000E400D900D200D900CF
:101DE0004900D9004900D9004900D900BF00BF000F
:101DF000C900C900490049009C0020007800490042
:101E0000490049004900490049004900490049008A
:101E1000D900D900D200132300220372114665486D
:101E200005F053FA6449684608F05DFD634904A86B
:101E300008F059FD624908A808F055FD694608AB4D
:101E400004AA532002F0B0FE08A808F002FD04A87E
:101E500008F0FFFC684608F0FCFCA37A23B90121D6
:101E6000E17202200BF069FA08F00AF8E368C01A80
:101E7000544B984221D92046FFF782FFD0B95249EE
:101E8000684608F030FD4D4904A808F02CFD4F4984
:101E900008A808F028FD694608AB04AA532002F000
:101EA00083FE08A808F0D5FC04A808F0D2FC684618
:101EB00008F0CFFC07F0E4FFE0602946204600F080
:101EC0008FF80DB030BD142300220372114639483B
:101ED00005F0FBF93E49684608F005FD374904A8BE
:101EE00008F001FD3B4908A808F0FDFC694608AB75
:101EF00004AA532002F058FE08A808F0AAFC04A87F
:101F000008F0A7FC684608F0A4FC0021A8E712230B
:101F1000002203721146274805F0D7F968462E497A
:101F200008F0E1FC254904A808F0DDFC2B4908A8CD
:101F300008F0D9FC694608AB04AA532002F034FE2D
:101F400008A808F086FC04A808F083FC684608F09E
:101F500080FC89E7037A122B86D1437A002B83D148
:101F6000837A002B80D1D0E7037A122B7FF47CAFE9
:101F7000437A002B7FF478AF6FE701234372037A33
:101F8000122B7FF471AF68E700234372037A122BA0
:101F90007FF46AAFB9E701230021438161E70023A1
:101FA0008372037A132B3FF45AAF437A002B7FF4EA
:101FB00056AF59E7A8320B08B6320B08BC320B08F3
:101FC000D0320B08002E930221330B0827330B0865
:101FD000E6320B08EC320B0803330B0809330B080D
:101FE000406810B103681B6818477047024A0260D6
:101FF00000224260704700BF60330B0841607047A9
:10200000034640680028FBD15960704738B5064C3C
:1020100025683DB91420FEF740F810B10223C560D1
:1020200003802060206838BDF002002000211C20C1
:102030000BF072B9002370B586B004938B68044628
:102040000E4602AD33B1022228469847F368059345
:10205000B36804936A4695E80300231D82E80300F1
:1020600093E8030085E8030092E8030083E8030097
:10207000049AE3682169E260059A0493059122615C
:102080001BB1032229462846984706B070BD07B504
:1020900082688DF807100AB90BF073FAC3680DF166
:1020A0000701984703B05DF804FB000010B5044633
:1020B0008CB01C200BF05AF9012801462CD1237852
:1020C000022B29D140F20113204620F8043BFFF7F0
:1020D000DEFF1D49684608F006FC1C4904A808F00C
:1020E00002FC1B4908A808F0FEFB694608AB04AADD
:1020F000532002F059FD08A808F0ABFB04A808F033
:10210000A8FB684608F0A5FB01220023A11811488E
:1021100008F024FA0CB010BD1C200BF027F90028A1
:10212000F2D12378012BEFD10221204620F8041BA5
:10213000FFF7ADFF0849684608F0D5FB034904A83E
:1021400008F0D1FB0549CDE764330B086B330B086E
:1021500079330B08AE330B0890330B0897330B0819
:10216000436913B183690C301847704713B50021D8
:102170000446084607F014FF0023204601A90193F6
:1021800007F026FF019C0CB10123237100210120DF
:1021900007F006FF2CB1236820469B689847002370
:1021A000237102B010BD022A38B5044607D0032AB5
:1021B00011D0012A01D10B682360002038BD0C200A
:1021C0000D68FDF76AFF03460028F5D095E8070083
:1021D00083E80700F0E700680028EED00C210BF040
:1021E000CAF9EAE710B403685A689968541001EB19
:1021F0006200D20748BF0A591B6810BC48BFD358B9
:102200001847000037B5134B044603608068C8B117
:1022100000256FF000430221CDE900352A462B4608
:1022200007F0DEFE2946A06807F02AFF237903F0B5
:10223000FF0513B107F0ACFEF8E72946A06807F0E8
:10224000BFFEA56004F10C00FEF7DEF8204603B0E7
:1022500030BD00BFAC350B0810B50446FFF7D2FF08
:1022600020461C210BF087F9204610BD10B504460E
:1022700001F0C0FA0023236102232060237120466D
:1022800010BD000038B5064C23683BB91820FDF797
:1022900004FF054608B1FFF7E9FF2560206838BD57
:1022A000F40200202DE9F04F044600688FB0037857
:1022B000002B00F0AC8001F0ADFA00258046554FB0
:1022C000DFF878A1544E5FFA85F9C84576D93946CA
:1022D0000AA808F008FB019501350A22294606A83C
:1022E00008F081FB06A90AA808F0BAFB2268019B46
:1022F00001684FEA830B02EB83035B68524693F954
:102300000430304605F033F806A808F0A2FA0AA80F
:1023100008F09FFA39460AA808F0E5FA0A22294689
:1023200006A808F060FB06A90AA808F099FB3B4B39
:102330003B4A0168304605F0C4F806A808F089FA5F
:102340000AA808F086FA39460AA808F0CCFA0A2248
:10235000294606A808F047FB06A90AA808F080FB52
:10236000236801685B445B6830465B692D4A05F071
:1023700050F806A808F06DFA0AA808F06AFAB9F150
:10238000000FA0D139460AA808F0ADFA0A22294662
:1023900006A808F028FB06A90AA808F061FB236834
:1023A00001685B6830469B691F4A05F032F806A851
:1023B00008F04FFA0AA808F04CFA84E723680022D4
:1023C0001B781A49144804F080FF0022236818493A
:1023D0001A7702A808F087FA164906A808F083FAC7
:1023E00015490AA808F07FFA0AAB06AA02A95320E9
:1023F00002F0DAFB0AA808F02CFA06A808F029FA7D
:1024000002A808F026FA01200FB0BDE8F08F0520E1
:10241000FAE700BFB9330B0818310B08C6330B08B5
:10242000CC330B08DB330B08D7330B08E2330B0834
:10243000E7330B08EE330B08FC330B08BF330B08F4
:10244000006803785BB1437800EB83035B681B7F14
:102450000BB901F035BA037F0BB101F00FBA704729
:1024600030B5032904460D4695B000F00D810B46AA
:10247000017100228549864804F079FF23685A7863
:1024800003EB82035B681B7F43BB092D26D8DFE883
:1024900005F0B6055C25256B897A98A7042104F11F
:1024A0000800FFF7F4FD7B4908A808F01CFA7A49F8
:1024B0000CA808F018FA794910A808F014FA10AB23
:1024C0000CAA08A9532002F06FFB10A808F0C1F96C
:1024D0000CA808F0BEF908A808F0BBF92B460022AA
:1024E0006F496B4804F043FF6E4908A808F0FBF9F8
:1024F00069490CA808F0F7F96B4904A808F0F3F94A
:102500000A222946684608F06EFA694604A808F0CF
:10251000A7FA014610A808F030FA10AB0CAA08A9D7
:10252000532002F041FB10A808F093F9684608F028
:1025300090F904A808F08DF90CA808F08AF908A809
:1025400008F087F9012015B030BD052104F108001D
:10255000FFF79DFD554908A808F0C5F94E490CA89C
:1025600008F0C1F95249A7E7072104F10800FFF775
:102570008EFD504908A808F0B6F947490CA808F0A4
:10258000B2F94D4998E70B2104F10800FFF77FFDF0
:102590004A4908A808F0A7F93F490CA808F0A3F990
:1025A000474989E71E2104F10800FFF770FD4549FE
:1025B00008A808F098F938490CA808F094F942499D
:1025C0007AE71F2104F10800FFF761FD3F4908A8E1
:1025D00008F089F930490CA808F085F93C496BE707
:1025E000202104F10800FFF752FD3A4908A808F03D
:1025F0007AF929490CA808F076F937495CE704AB69
:1026000000223649224803F0B0FE9DF8103008340D
:1026100063B31C212046FFF73AFD2A4908A808F0B9
:1026200062F91D490CA808F05EF92D4910A808F0C0
:102630005AF910AB0CAA08A9532002F0B5FA10A859
:1026400008F007F90CA808F004F908A808F001F947
:1026500003212046FFF71BFD224908A808F043F993
:102660000D490CA808F03FF91F4925E71D21204618
:10267000FFF70DFD1D4908A808F035F906490CA81B
:1026800008F031F91A49D1E702205CE719340B0848
:1026900021340B082D340B08EE330B0833340B08B0
:1026A00039350B0841350B0847350B0843340B0807
:1026B00049340B0858340B085F340B0871340B088D
:1026C00078340B0887340B088E340B08A2340B08BF
:1026D000A9340B08BD340B08C4340B08D8340B08DC
:1026E000EB340B0823350B0829350B0803350B0891
:1026F0000A350B0830B590F9043004468FB0092B29
:1027000051D8DFE803F00567755050839F91ADBB4A
:102710000DF1070300226049604803F026FE9DF892
:10272000073004F10805002B46D01C212846FFF78E
:10273000AEFC5B490AA808F0D6F85A4906A808F08A
:10274000D2F8594902A808F0CEF802AB06AA0AA9A5
:10275000532002F029FA02A808F07BF806A808F036
:1027600078F80AA808F075F803212846FFF78FFCCF
:102770004E490AA808F0B7F84A4906A808F0B3F885
:102780004B4902A808F0AFF802AB06AA0AA95320E9
:1027900002F00AFA02A808F05CF806A808F059F856
:1027A0000AA808F056F8002294F9043041493B4841
:1027B00004F0DDFD0FB030BD1D212846FFF767FC9A
:1027C0003D490AA808F08FF8364906A808F08BF8AA
:1027D0003A49B7E704210830FFF759FC38490AA8FD
:1027E00008F081F82F4906A808F07DF83549C8E7B8
:1027F00005210830FFF74BFC33490AA808F073F8AD
:10280000284906A808F06FF83049BAE707210830D0
:10281000FFF73DFC2E490AA808F065F8214906A8F3
:1028200008F061F82B49ACE70B210830FFF72FFCCB
:1028300029490AA808F057F81A4906A808F053F8D9
:1028400026499EE71E210830FFF721FC14490AA8FB
:1028500008F049F8134906A808F045F8204990E720
:102860001F210830FFF713FC1E490AA808F03BF8A7
:102870000C4906A808F037F81B4982E720210830E8
:10288000FFF705FC19490AA808F02DF8054906A824
:1028900008F029F8164974E7D8340B0821340B08DE
:1028A00087340B08EE330B08EB340B0823350B0889
:1028B00029350B0839350B0803350B080A350B0889
:1028C0002D340B0833340B0843340B0849340B0800
:1028D00058340B085F340B0871340B0878340B083C
:1028E0008E340B08A2340B08A9340B08BD340B0836
:1028F000C4340B0813B50131044609D10DF10703A7
:1029000000220949094803F093FC9DF80730237120
:1029100023685A7803EB82035B681B7F13B9204658
:10292000FFF7E8FE02B010BD19340B0821340B0884
:1029300030B50D468FB00DF10703044600221A4949
:102940001A4803F075FC9DF90730AB4229D10023EA
:1029500015491A462371154804F009FD204694F9DB
:102960000410FFF7C7FF124902A807F0BCFF114986
:1029700006A807F0B8FF10490AA807F0B4FF0AAB91
:1029800006AA02A9532002F00FF90AA807F061FF76
:1029900006A807F05EFF02A807F05BFF01200FB05A
:1029A00030BD0320FBE700BF19340B0821340B08AE
:1029B00061350B08EE330B0867350B0813B56C4611
:1029C0000B46024603C884E8030093E8030082E84C
:1029D000030094E8030083E8030002B010BD000088
:1029E00070B58CB00E4605AD02A981E80C0085E8F3
:1029F0000C00002304460C200A93FDF74EFB03460F
:102A000028B195E80300109A83E803009A60002536
:102A10000893134B04F10C010B93124B08A80A9373
:102A2000114B25712360A5606561FFF7C7FF0A9B05
:102A3000626963610B9B0A92A269A3619DF84430AD
:102A400031460B920093094A2346019504F1080090
:102A500007F0AEFA08A8FDF7D7FC20460CB070BD11
:102A6000E5210A08A7210A08AC350B086D210A08E0
:102A70002DE9F04FA9B00DF11D0304460022C04915
:102A8000C04803F029FC9DF81D30002B00F0818226
:102A90002268BD491370BB4800220DF11E0303F0EC
:102AA0001BFC23689DF81E2000255A700023049308
:102AB00020689DF810A00378534540F268820AF11F
:102AC0000106B2491BA807F00EFF0A2231461FA8D3
:102AD00007F089FF1FA91BA807F0C2FF0DF11F0314
:102AE000AB4A0168A74803F0A3FB1FA807F0B1FE9B
:102AF0001BA807F0AEFEA5491BA807F0F4FE0A22AA
:102B000031461FA807F06FFF1FA91BA807F0A8FFF9
:102B100009ABA04A01689B4803F0DAFA1FA807F046
:102B200098FE1BA807F095FE98491BA807F0DBFE4E
:102B30000A2231461FA807F056FF1FA91BA807F05D
:102B40008FFF08AB0168944A8E4803F026FB1FA84C
:102B500007F07FFE1BA807F07CFE23685B785345D7
:102B600040F0408109F034FA0A2201460FA807F02C
:102B70003AFF0F9F09F038FA0A22014613A807F01E
:102B800032FFDDF84CB009F037FA0A22014617A8E7
:102B900007F029FF38460DF0A7FA064658460DF013
:102BA000A3FADDF85C90029048460DF09DFA80464D
:102BB00009A80DF099FA029B1E440636B044404421
:102BC000FDF76DFA804639460CF008FD7349404622
:102BD0000CF0D4FC594640460CF0D0FC6F494046FE
:102BE0000CF0CCFC494640460CF0C8FC6B49404612
:102BF0000CF0C4FC09A940460CF0C0FC68494046F2
:102C00000CF0BCFC1FAA674940460DF041FE1FA80E
:102C10000CF0E8FA0E46074609F0FAF90246C31727
:102C2000CDE90223DDE902013A4633460CF0D4F83F
:102C300051A3D3E900230BF0A3F900220023064699
:102C40000F460BF0E5FA002858D04046FDF72BFA66
:102C500009F0BEF90A22411E1BA807F0C4FE1B9909
:102C6000084605910DF040FA064658460DF03CFA2C
:102C7000804648460DF038FA074609A80DF034FAA8
:102C80004644063637443844FDF709FA804605992C
:102C90000CF0A4FC414940460CF070FC59464046FB
:102CA0000CF06CFC3D4940460CF068FC494640463F
:102CB0000CF064FC394940460CF060FC09A9404620
:102CC0000CF05CFC364940460CF058FC1FAA354914
:102CD00040460DF0DDFD1FA80CF084FA02460B46BD
:102CE000DDE902010CF078F823A3D3E900230BF00F
:102CF00047F906461BA80F4607F0ABFD4046FDF717
:102D0000D2F900220023304639460BF081FA002820
:102D10004AD04FF07C5108980BF048FC0AF0AEFF07
:102D200032463B46804689460BF090FA00283BD05D
:102D300032463B46404649460AF042FE0BF0D8FA7E
:102D4000064617A807F085FD13A807F082FD0FA817
:102D500007F07FFD9DF91F304FEA8A0A013B082BDF
:102D600053D8DFE813F041008700A300520095001C
:102D7000BF00B100CD00DC00000000000020AC402E
:102D8000E2330B0818310B0886350B08B9330B08F2
:102D9000BF330B08CC330B08DB330B0861380B084F
:102DA000C8330B088F350B08002200233046394604
:102DB0000BF04CFAA0B14FF07C5108980BF0F6FBE9
:102DC0000AF05CFF32463B46804689460BF03EFAED
:102DD00030B132463B46404649460AF0EFFDADE78A
:102DE0002E46AEE72E46B5E72420FDF756F90746F6
:102DF00040B1089B0121009609AA01F0E7FC664B4F
:102E00003B603C62236853445F6023682946534417
:102E10003046D3F804800BF085FD0746002800F00B
:102E20008D805E49D8F818000BF0C0FB5B490BF0B1
:102E3000BDFB5B490BF0BAFB0BF07EFD07461C2087
:102E4000FDF72BF9064660B1564B39460B9300232C
:102E50000C93012301932368524A00930023FFF748
:102E6000BFFD23689A44DAF804309E60049B013366
:102E700004931DE62420FDF710F907460028C1D071
:102E8000089B0221009609AA01F0A0FC464BB7E777
:102E90002420FDF702F907460028B3D0089B05213E
:102EA000009609AA01F092FC404BA9E72420FDF707
:102EB000F4F807460028A5D0089B0321009609AA2C
:102EC00001F084FC3A4B9BE72420FDF7E6F8074627
:102ED000002897D0089B0721009609AA01F076FCEC
:102EE000344B8DE72420FDF7D8F80746002889D019
:102EF000089B0621009609AA01F068FC2E4B7FE78B
:102F00002420FDF7CAF8074600283FF47BAF089B52
:102F10000821009609AA01F059FC284B70E72420EB
:102F2000FDF7BBF8074600283FF46CAF089B09216A
:102F3000009609AA01F04AFC214B61E7D8F8140079
:102F40000AF09CFE00221F4B0AF0F0FE00221E4BEE
:102F50000AF0ECFE00221C4B0AF0E8FE00221B4B9C
:102F60000AF0E4FE0BF07CF980461C20FDF795F892
:102F7000064600283FF475AF0A4B4146CDE90D37B0
:102F8000012301932368074A00933B4667E700F05B
:102F9000C7FC29B0BDE8F08FF4360B080000704282
:102FA00000007A444D390A088C360B081C370B0890
:102FB00030360B0854370B0868360B08F0350B0811
:102FC000CC360B080000E03F00004E4000408F4030
:102FD0002DE9F04F91B01F469DF86C3005460293E5
:102FE00003680E461B789046DDF868A00BB1FFF72A
:102FF00059F90024029B5FFA84F9A34200F06E8223
:1030000057F824B0002158460BF078FC30B95846E8
:1030100056490BF087FC002800F0968009F1FF3933
:10302000DFF864A1524FDFF85CB14FFA89F94FFA2B
:1030300089F8B8F1FF3F00F062822420FDF72DF8F7
:10304000064618B101F0B4FBC6F800A02B6839465B
:1030500003EB89035E600CA809F1010607F043FC4D
:103060000A22314608A807F0BEFC08A90CA807F000
:10307000F7FC2B684FEA890423445B685A4693F9AE
:10308000043001683B4804F072F908A807F0E1FB3E
:103090000CA807F0DEFB39460CA807F024FC0A2236
:1030A000314608A807F09FFC08A90CA807F0D8FC37
:1030B0002B68314A23445B6801680C332D4804F0C7
:1030C00000FA08A807F0C5FB0CA807F0C2FB3946B8
:1030D0000CA807F008FC0A22314608A807F083FC78
:1030E00008A90CA807F0BCFC2B6801681C446368A5
:1030F000224A5B691F4804F08CF908A807F0A9FB75
:103100000CA807F0A6FBB8F1000F1AD139460CA89D
:1031100007F0E9FB0A22314608A807F064FC08A979
:103120000CA807F09DFC2B6801685B68144A9B693A
:10313000104804F06EF908A807F08BFB0CA807F004
:1031400088FB09F1FF3972E733574FEA8409013BE5
:10315000082B34D8DFE813F01A00DC000401330038
:10316000F0002C0118014001540100BF0000C041D3
:10317000B9330B0818310B08CC330B08DB330B08C1
:10318000D7330B08BF330B0830360B082420FCF76D
:1031900084FF834678B106225AF8243002FB048269
:1031A000009357F82430315701F010FBB74BCBF8A0
:1031B0000030CBF820502B684B44C3F804B0D5F84E
:1031C00000B0002C40F030810021DAF800000BF054
:1031D000A9FB002800F02881DBF80430AC4998698D
:1031E0000BF0E4F9AA490BF0E1F9AA490BF0DEF97A
:1031F0000BF0A2FB83461C20FCF74FFF814658B121
:10320000A54B5946CDE90434012301932B68A24A0A
:1032100000932346FFF7E4FB2B685B68C3F8089034
:1032200004F101099D490CA807F05DFB0A224946FB
:1032300008A807F0D8FB08A90CA807F011FC2B6818
:10324000974A03EB84035B68016893F9043095485F
:1032500004F08DF808A807F0FCFA0CA807F0F9FABA
:103260008E490CA807F03FFB0A22494608A807F040
:10327000BAFB08A90CA807F0F3FB2B684FEA840BF4
:103280005B445B68884A0C330168864804F019F98E
:1032900008A807F0DEFA0CA807F0DBFA7F490CA8B3
:1032A00007F021FB0A22494608A807F09CFB08A961
:1032B0000CA807F0D5FB2B6801685B445B687B4A70
:1032C0005B69784804F0A5F808A807F0C2FA0CA8D2
:1032D00007F0BFFAD4B971490CA807F004FB0A2221
:1032E000494608A807F07FFB08A90CA807F0B8FB1F
:1032F0002B6801685B686E4A9B696A4804F089F82C
:1033000008A807F0A6FA0CA807F0A3FA4C4671E645
:103310002420FCF7C2FE834600283FF44CAF06226F
:103320005AF8243002FB0482009357F824303157B6
:1033300001F04CFA5F4B3AE72420FCF7AEFE8346DF
:1033400000283FF438AF06225AF8243002FB0482EA
:10335000009357F82430315701F038FA564B26E7DE
:103360002420FCF79AFE834600283FF424AF06226F
:103370005AF8243002FB0482009357F82430315766
:1033800001F024FA4D4B12E72420FCF786FE834619
:1033900000283FF410AF06225AF8243002FB0482C2
:1033A000009357F82430315701F010FA444BFEE6F1
:1033B0002420FCF772FE834600283FF4FCAE062270
:1033C0005AF8243002FB0482009357F82430315716
:1033D00001F0FCF93B4BEAE62420FCF75EFE834655
:1033E00000283FF4E8AE06225AF8243002FB04829B
:1033F000009357F82430315701F0E8F9324BD6E604
:103400002420FCF74AFE834600283FF4D4AE06226F
:103410005AF8243002FB0482009357F824303157C5
:1034200001F0D4F9294BC2E6CB44DBF804305869EB
:103430000AF024FC0022264B0AF078FC0022254BDF
:103440000AF074FC0022234B0AF070FC0022224B8D
:103450000AF06CFC0AF004FF03901C20FCF71DFE30
:10346000834660B10C4B0C4A06930023079301235B
:1034700001932B68039900930023FFF7B1FA2B689F
:103480004B445B68C3F808B0CAE600BFF4360B08CB
:103490000000704200007A444D390A08B9330B0825
:1034A000BF330B0818310B08CC330B08DB330B0888
:1034B000D7330B088C360B081C370B0830360B083B
:1034C00054370B0868360B08F0350B08CC360B0860
:1034D0000000E03F00004E4000408F402B68029A01
:1034E00008491A702B6800221B78074803F0EDFE8C
:1034F000286800F015FA012011B0BDE8F08F042013
:10350000FAE700BFE2330B0818310B087FB5002340
:1035100002938B6804460D4600F1080633B102227F
:1035200068469847EB680393AB6802933146684658
:10353000FFF744FA029B22692361039B02926269AE
:10354000684663610392FCF75FFF4FF0FF3120464E
:10355000FFF7D0F904B070BD012130B58368017761
:10356000044698688FB038B16FF000420023CDE96F
:1035700000231A4606F034FD0023256A0C932B69BC
:1035800043B1022205F108010AA898476B690D931F
:103590002B690C931F238DF818300C9B0BB909F085
:1035A000F0FF0D9B06A90AA898470C9B1BB10AA91E
:1035B00003220846984794F9043000221049114824
:1035C00003F0D5FE104902A807F08DF90F4906A8AF
:1035D00007F089F90E490AA807F085F90AAB06AA8F
:1035E00002A9532001F0E0FA0AA807F032F906A870
:1035F00007F02FF902A807F02CF90FB030BD00BF7B
:1036000039350B0821340B08A2340B08EE330B08B4
:10361000B8350B0830B50025036A85611B68044680
:103620005B788DB0002B3DD1304908A8039507F099
:103630005AF9236A0A221B6804A85978013107F055
:10364000D2F904A908A807F00BFA294A016803ABCC
:10365000284802F0A2FD04A807F0FBF808A807F02C
:10366000F8F8294603980BF05DF9D8B11F4908A86E
:1036700007F039F9236A0A221B6804A85978013136
:1036800007F0B1F904A908A807F0EAF9A3690168ED
:10369000174A184803F0BDFE04A807F0DAF808A896
:1036A00007F0D7F8A3689D68F5B160690AF0E6FAFB
:1036B0000022114B0AF03AFB0022104B0AF036FBB5
:1036C00000220E4B0AF032FB00220D4B0AF02EFBBB
:1036D0000AF0C6FD6FF0004100220346CDE900125A
:1036E0002846032106F07CFC0DB030BDB9330B0831
:1036F000D7330B0818310B080000E03F00004E40A4
:1037000000408F4070B58368044698688EB000B35F
:10371000002106F0A5FCE0B1A568A868C8B10026A4
:103720006FF000430221CDE900363246334606F001
:1037300057FC3146A86806F0A3FC2B7903F0FF067E
:1037400013B106F025FCF8E73146A86806F038FC0E
:10375000AE6000230021A06923770BF0E3F810B1DD
:103760002046FFF757FF206A4FF0FF31FFF7C2F8FE
:103770000E4902A807F0B7F80D4906A807F0B3F8FC
:103780000C490AA807F0AFF80AAB06AA02A9532011
:1037900001F00AFA0AA807F05CF806A807F059F841
:1037A00002A807F056F80EB070BD00BFCC350B086C
:1037B000EE330B08D3350B0800232DE9F041044606
:1037C000DFF82C8003800377061D00F11C072420FE
:1037D000FCF763FC054618B100F0EAFFC5F800806D
:1037E00046F8045BBE42F2D12046BDE8F08100BF3E
:1037F00030360B0838B5064C23683BB92020FCF75F
:103800004CFC054608B1FFF7D7FF2560206838BD9E
:10381000F80200202DE9F0414378044600EB8303D1
:103820005868037F13B103685B6898470027DFF887
:1038300048802378FEB2B3420DD92420FCF72DFC3A
:10384000054618B100F0B4FFC5F8008004EB860609
:1038500075600137EDE7002505492B462A460548E6
:10386000657003F032FD20782570BDE8F08100BF5F
:1038700086350B0818310B0830360B0870B500255B
:1038800004464378057700EB8303586803685B6858
:103890009847207801280ED063782A46591CB1FB3E
:1038A000F0F300FB1313DBB2637003490348BDE878
:1038B000704003F00ABD70BD86350B0818310B0847
:1038C00030B543788BB000EB8303596804460C3164
:1038D00002A807F008F808F06AFB0F4B02460F49F0
:1038E0000093C31706A808F003FB06A902A807F077
:1038F000ECF8054606A806F0ACFF02A806F0A9FF02
:1039000045B100236078237704EB80046068036886
:103910001B6898470BB030BD3D310B089403002065
:1039200070B54378044600EB83035D680021A86905
:103930000AF0F8FF28B12B682846BDE870401B68E4
:1039400018472046BDE87040FFF7BABF10B543786E
:10395000044600EB83035B689B68986810B90123F9
:10396000237710BD002106F07BFB0028F7D0F8E795
:1039700030B50025036A85611B6804465B788DB00D
:10398000002B3DD1304908A8039506F0ACFF236A0F
:103990000A221B6804A85978013107F024F804A909
:1039A00008A807F05DF8294A016803AB284802F02F
:1039B000F4FB04A806F04DFF08A806F04AFF2946CC
:1039C00003980AF0AFFFD8B11F4908A806F08BFF93
:1039D000236A0A221B6804A85978013107F003F80A
:1039E00004A908A807F03CF8A3690168174A184819
:1039F00003F00FFD04A806F02CFF08A806F029FF2D
:103A0000A3689D68F5B160690AF038F90022114B8E
:103A10000AF08CF90022104B0AF088F900220E4BB4
:103A20000AF084F900220D4B0AF080F90AF018FC24
:103A30006FF0004100220346CDE900122846032121
:103A400006F0CEFA0DB030BDB9330B08D7330B08F2
:103A500018310B080000E03F00004E4000408F404E
:103A600038B5002383608B6804460D462BB10222D3
:103A70009847EB68E360AB68A360204638BD000060
:103A8000012110B583680177044698688EB038B17B
:103A90006FF000420023CDE900231A4606F0A0FA99
:103AA000216A0AA80831FFF7DBFF09210AA8FEF7FF
:103AB000EEFA0AA8FCF7A8FC94F904300022104999
:103AC000104803F054FC104902A806F00CFF0F49FF
:103AD00006A806F008FF0E490AA806F004FF0AAB84
:103AE00006AA02A9532001F05FF80AA806F0B1FE69
:103AF00006A806F0AEFE02A806F0ABFE0EB010BDA2
:103B000039350B0821340B08F8350B08EE330B0858
:103B1000FE350B0870B58368044698688EB000B314
:103B2000002106F09DFAE0B1A568A868C8B100269A
:103B30006FF000430221CDE900363246334606F0ED
:103B40004FFA3146A86806F09BFA2B7903F0FF067E
:103B500013B106F01DFAF8E73146A86806F030FA0E
:103B6000AE6000230021A06923770AF0DBFE10B1CC
:103B70002046FFF7FDFE216A0AA80831FFF770FF13
:103B80000A210AA8FEF783FA0AA8FCF73DFC206A7E
:103B90004FF0FF31FEF7AEFE0E4902A806F0A3FE7D
:103BA0000D4906A806F09FFE0C490AA806F09BFEE8
:103BB0000AAB06AA02A9532000F0F6FF0AA806F0F5
:103BC00048FE06A806F045FE02A806F042FE0EB02A
:103BD00070BD00BF0F360B08EE330B0815360B080F
:103BE000012130B583680177044698688FB038B1F9
:103BF0006FF000420023CDE900231A4606F0F0F9E9
:103C00000023256A0C932B6943B1022205F10801B8
:103C10000AA898476B690D932B690C931E238DF8A6
:103C200018300C9B0BB909F0ACFC0D9B06A90AA837
:103C300098470C9B1BB10AA903220846984794F9A0
:103C4000043000221049114803F091FB104902A8EA
:103C500006F049FE0F4906A806F045FE0E490AA8DF
:103C600006F041FE0AAB06AA02A9532000F09CFF11
:103C70000AA806F0EEFD06A806F0EBFD02A806F085
:103C8000E8FD0FB030BD00BF39350B0821340B08FB
:103C900087340B08EE330B0838360B0830B5002597
:103CA000036A85611B6804465B788DB0002B3DD1AB
:103CB000304908A8039506F016FE236A0A221B68FD
:103CC00004A85978013106F08EFE04A908A806F070
:103CD000C7FE294A016803AB284802F05EFA04A82F
:103CE00006F0B7FD08A806F0B4FD294603980AF0CF
:103CF00019FED8B11F4908A806F0F5FD236A0A226B
:103D00001B6804A85978013106F06DFE04A908A8C3
:103D100006F0A6FEA3690168174A184803F079FB6C
:103D200004A806F096FD08A806F093FDA3689D6818
:103D3000F5B1606909F0A2FF0022114B09F0F6FF0E
:103D40000022104B09F0F2FF00220E4B09F0EEFFAB
:103D500000220D4B09F0EAFF0AF082FA6FF00041F1
:103D600000220346CDE900122846032106F038F967
:103D70000DB030BDB9330B08D7330B0818310B0821
:103D80000000E03F00004E4000408F4070B5836867
:103D9000044698688EB000B3002106F061F9E0B1E6
:103DA000A568A868C8B100266FF000430221CDE9DC
:103DB00000363246334606F013F93146A86806F05D
:103DC0005FF92B7903F0FF0613B106F0E1F8F8E78D
:103DD0003146A86806F0F4F8AE6000230021A0691F
:103DE00023770AF09FFD10B12046FFF757FF206AA6
:103DF0004FF0FF31FEF77EFD0E4902A806F073FD7D
:103E00000D4906A806F06FFD0C490AA806F06BFDE7
:103E10000AAB06AA02A9532000F0C6FE0AA806F0C3
:103E200018FD06A806F015FD02A806F012FD0EB05A
:103E300070BD00BF03350B08EE330B084C360B0882
:103E4000012130B583680177044698688FB038B196
:103E50006FF000420023CDE900231A4606F0C0F8B7
:103E60000023256A0C932B6943B1022205F1080156
:103E70000AA898476B690D932B690C9305238DF85D
:103E800018300C9B0BB909F07CFB0D9B06A90AA806
:103E900098470C9B1BB10AA903220846984794F93E
:103EA000043000221049114803F061FA104902A8B9
:103EB00006F019FD0F4906A806F015FD0E490AA8DF
:103EC00006F011FD0AAB06AA02A9532000F06CFE11
:103ED0000AA806F0BEFC06A806F0BBFC02A806F085
:103EE000B8FC0FB030BD00BF39350B0821340B08CA
:103EF00043340B08EE330B0849340B0830B500256A
:103F0000036A85611B6804465B788DB0002B3DD148
:103F1000304908A8039506F0E6FC236A0A221B68CC
:103F200004A85978013106F05EFD04A908A806F03E
:103F300097FD294A016803AB284802F02EF904A82E
:103F400006F087FC08A806F084FC294603980AF0CE
:103F5000E9FCD8B11F4908A806F0C5FC236A0A226B
:103F60001B6804A85978013106F03DFD04A908A892
:103F700006F076FDA3690168174A184803F049FA6C
:103F800004A806F066FC08A806F063FCA3689D6818
:103F9000F5B1606909F072FE0022114B09F0C6FE0E
:103FA0000022104B09F0C2FE00220E4B09F0BEFEAB
:103FB00000220D4B09F0BAFE0AF052F96FF00041F1
:103FC00000220346CDE900122846032106F008F836
:103FD0000DB030BDB9330B08D7330B0818310B08BF
:103FE0000000E03F00004E4000408F4070B5836805
:103FF000044698688EB000B3002106F031F8E0B1B5
:10400000A568A868C8B100266FF000430221CDE979
:1040100000363246334605F0E3FF3146A86806F025
:104020002FF82B7903F0FF0613B105F0B1FFF8E785
:104030003146A86805F0C4FFAE6000230021A069E6
:1040400023770AF06FFC10B12046FFF757FF206A74
:104050004FF0FF31FEF74EFC0E4902A806F043FC7C
:104060000D4906A806F03FFC0C490AA806F03BFCE7
:104070000AAB06AA02A9532000F096FD0AA806F092
:10408000E8FB06A806F0E5FB02A806F0E2FB0EB08E
:1040900070BD00BF70360B08EE330B0876360B0888
:1040A000012130B583680177044698688FB038B134
:1040B0006FF000420023CDE900231A4605F090FF7F
:1040C0000023256A0C932B6943B1022205F10801F4
:1040D0000AA898476B690D932B690C9320238DF8E0
:1040E00018300C9B0BB909F04CFA0D9B06A90AA8D5
:1040F00098470C9B1BB10AA903220846984794F9DC
:10410000043000221049114803F031F9104902A887
:1041100006F0E9FB0F4906A806F0E5FB0E490AA8E0
:1041200006F0E1FB0AAB06AA02A9532000F03CFD11
:104130000AA806F08EFB06A806F08BFB02A806F084
:1041400088FB0FB030BD00BF39350B0821340B0898
:10415000BD340B08EE330B0894360B0830B5002540
:10416000036A85611B6804465B788DB0002B3DD1E6
:10417000304908A8039506F0B6FB236A0A221B689B
:1041800004A85978013106F02EFC04A908A806F00D
:1041900067FC294A016803AB284801F0FEFF04A828
:1041A00006F057FB08A806F054FB294603980AF0CE
:1041B000B9FBD8B11F4908A806F095FB236A0A226B
:1041C0001B6804A85978013106F00DFC04A908A861
:1041D00006F046FCA3690168174A184803F019F96C
:1041E00004A806F036FB08A806F033FBA3689D6818
:1041F000F5B1606909F042FD0022114B09F096FD0E
:104200000022104B09F092FD00220E4B09F08EFDAA
:1042100000220D4B09F08AFD0AF022F86FF00041F0
:1042200000220346CDE900122846032105F0D8FEFE
:104230000DB030BDB9330B08D7330B0818310B085C
:104240000000E03F00004E4000408F4070B58368A2
:10425000044698688EB000B3002105F001FFE0B17C
:10426000A568A868C8B100266FF000430221CDE917
:1042700000363246334605F0B3FE3146A86805F0F5
:10428000FFFE2B7903F0FF0613B105F081FEF8E77E
:104290003146A86805F094FEAE6000230021A069B5
:1042A00023770AF03FFB10B12046FFF757FF206A43
:1042B0004FF0FF31FEF71EFB0E4902A806F013FB7C
:1042C0000D4906A806F00FFB0C490AA806F00BFBE7
:1042D0000AAB06AA02A9532000F066FC0AA806F061
:1042E000B8FA06A806F0B5FA02A806F0B2FA0EB0BF
:1042F00070BD00BFA8360B08EE330B08AF360B08B5
:10430000012130B583680177044698688FB038B1D1
:104310006FF000420023CDE900231A4605F060FE4D
:104320000023256A0C932B6943B1022205F1080191
:104330000AA898476B690D932B690C9304238DF899
:1043400018300C9B0BB909F01CF90D9B06A90AA8A3
:1043500098470C9B1BB10AA903220846984794F979
:10436000043000221049114803F001F8104902A856
:1043700006F0B9FA0F4906A806F0B5FA0E490AA8E0
:1043800006F0B1FA0AAB06AA02A9532000F00CFC11
:104390000AA806F05EFA06A806F05BFA02A806F084
:1043A00058FA0FB030BD00BF39350B0821340B0867
:1043B0002D340B08EE330B0833340B0830B50025D1
:1043C000036A85611B6804465B788DB0002B3DD184
:1043D000304908A8039506F086FA236A0A221B686A
:1043E00004A85978013106F0FEFA04A908A806F0DD
:1043F00037FB294A016803AB284801F0CEFE04A828
:1044000006F027FA08A806F024FA294603980AF0CD
:1044100089FAD8B11F4908A806F065FA236A0A226A
:104420001B6804A85978013106F0DDFA04A908A830
:1044300006F016FBA3690168174A184802F0E9FF65
:1044400004A806F006FA08A806F003FAA3689D6817
:10445000F5B1606909F012FC0022114B09F066FC0D
:104460000022104B09F062FC00220E4B09F05EFCAA
:1044700000220D4B09F05AFC09F0F2FE6FF00041EA
:1044800000220346CDE900122846032105F0A8FDCD
:104490000DB030BDB9330B08D7330B0818310B08FA
:1044A0000000E03F00004E4000408F4070B5836840
:1044B000044698688EB000B3002105F0D1FDE0B14C
:1044C000A568A868C8B100266FF000430221CDE9B5
:1044D00000363246334605F083FD3146A86805F0C4
:1044E000CFFD2B7903F0FF0613B105F051FDF8E77E
:1044F0003146A86805F064FDAE6000230021A06984
:1045000023770AF00FFA10B12046FFF757FF206A11
:104510004FF0FF31FEF7EEF90E4902A806F0E3F97D
:104520000D4906A806F0DFF90C490AA806F0DBF9E8
:104530000AAB06AA02A9532000F036FB0AA806F02F
:1045400088F906A806F085F902A806F082F90EB0EF
:1045500070BD00BFD4360B08EE330B08DA360B08FB
:1045600030B50025036A85611B6804465B788DB011
:10457000002B3DD1304908A8039506F0B4F9236A11
:104580000A221B6804A85978013106F02CFA04A904
:1045900008A806F065FA294A016803AB284801F02B
:1045A000FCFD04A806F055F908A806F052F92946C2
:1045B00003980AF0B7F9D8B11F4908A806F093F993
:1045C000236A0A221B6804A85978013106F00BFA05
:1045D00004A908A806F044FAA3690168174A184814
:1045E00002F017FF04A806F034F908A806F031F924
:1045F000A3689D68F5B1606909F040FB0022114B8A
:1046000009F094FB0022104B09F090FB00220E4BA6
:1046100009F08CFB00220D4B09F088FB09F020FE0D
:104620006FF0004100220346CDE900122846032125
:1046300005F0D6FC0DB030BDB9330B08D7330B08ED
:1046400018310B080000E03F00004E4000408F4052
:10465000012110B583680177044698688EB038B19F
:104660006FF000420023CDE900231A4605F0B8FCA4
:10467000216A0AA80831FFF7F3F907210AA8FDF714
:1046800006FD0AA8FBF7C0FE94F904300022104989
:10469000104802F06CFE104902A806F024F90F49F8
:1046A00006A806F020F90E490AA806F01CF90AAB84
:1046B00006AA02A9532000F077FA0AA806F0C9F862
:1046C00006A806F0C6F802A806F0C3F80EB010BDA2
:1046D00039350B0821340B0858340B08EE330B081E
:1046E0005F340B0870B58368044698688EB000B3D9
:1046F000002105F0B5FCE0B1A568A868C8B10026A6
:104700006FF000430221CDE900363246334605F012
:1047100067FC3146A86805F0B3FC2B7903F0FF066F
:1047200013B105F035FCF8E73146A86805F048FC00
:10473000AE6000230021A06923770AF0F3F810B1DE
:104740002046FFF70DFF216A0AA80831FFF788F914
:1047500008210AA8FDF79BFC0AA8FBF755FE206A72
:104760004FF0FF31FEF7C6F80E4902A806F0BBF87D
:104770000D4906A806F0B7F80C490AA806F0B3F8E8
:104780000AAB06AA02A9532000F00EFA0AA806F006
:1047900060F806A806F05DF802A806F05AF80EB018
:1047A00070BD00BFFC360B08EE330B0803370B0857
:1047B000054A0260FF2202710022426182610022EA
:1047C00002778260704700BF2C370B0838B504466B
:1047D00008461D46074B114623602071062204F14E
:1047E0000C000BF09BFC049B2046A3610023656139
:1047F000237738BD2C370B08012130B5836801774A
:10480000044698688FB038B16FF000420023CDE9BC
:1048100000231A4605F0E4FB0023256A0C932B695C
:1048200043B1022205F108010AA898476B690D936C
:104830002B690C930B238DF818300C9B0BB908F0E7
:10484000A0FE0D9B06A90AA898470C9B1BB10AA9BC
:1048500003220846984794F9043000221049114871
:1048600002F085FD104902A806F03DF80F4906A8A0
:1048700006F039F80E490AA806F035F80AAB06AA80
:1048800002A9532000F090F90AA805F0E2FF06A85B
:1048900005F0DFFF02A805F0DCFF0FB030BD00BF60
:1048A00039350B0821340B0871340B08EE330B0833
:1048B00078340B0830B50025036A85611B6804460F
:1048C0005B788DB0002B3DD1304908A8039506F0E8
:1048D0000AF8236A0A221B6804A85978013106F0F5
:1048E00082F804A908A806F0BBF8294A016803ABBE
:1048F000284801F052FC04A805F0ABFF08A805F019
:10490000A8FF294603980AF00DF8D8B11F4908A856
:1049100005F0E9FF236A0A221B6804A859780131CF
:1049200006F061F804A908A806F09AF8A3690168DE
:10493000174A184802F06DFD04A805F08AFF08A880
:1049400005F087FFA3689D68F5B1606909F096F9E5
:104950000022114B09F0EAF90022104B09F0E6F9A8
:1049600000220E4B09F0E2F900220D4B09F0DEF9AE
:1049700009F076FC6FF0004100220346CDE90012F9
:104980002846032105F02CFB0DB030BDB9330B08D0
:10499000D7330B0818310B080000E03F00004E40F1
:1049A00000408F4070B58368044698688EB000B3AD
:1049B000002105F055FBE0B1A568A868C8B1002644
:1049C0006FF000430221CDE900363246334605F050
:1049D00007FB3146A86805F053FB2B7903F0FF066F
:1049E00013B105F0D5FAF8E73146A86805F0E8FA02
:1049F000AE6000230021A069237709F093FF10B176
:104A00002046FFF757FF206A4FF0FF31FDF772FF96
:104A10000E4902A805F067FF0D4906A805F063FFDF
:104A20000C490AA805F05FFF0AAB06AA02A95320A9
:104A300000F0BAF80AA805F00CFF06A805F009FF77
:104A400002A805F006FF0EB070BD00BF34370B089A
:104A5000EE330B083B370B0810B50446024B0360DE
:104A600004F0DEFE204610BDC4370B0810B5044626
:104A7000FFF7F2FF2046382108F07DFD204610BDEB
:104A800037B59DF8185004688DF800308DF8045043
:104A90003C23E468A04703B030BD000013B5084CC8
:104AA000204605F037F8074B20461B78064A8DF85C
:104AB0000030064B06491B78FFF7E2FF02B010BD3D
:104AC00000030020FD0200206E370B08FC020020CE
:104AD00081370B08F0B54E288BB00E4615461C46A4
:104AE000109F16D1394606A805F0FDFE244B069A04
:104AF0001B7824498DF80030234B24481B78FFF79E
:104B0000BFFF06A805F0A5FE002007F099FA0BB03C
:104B1000F0BD5328FBD11E4902A805F0E4FE314642
:104B200002A805F09DFF1B4905F0A6FF294605F0E8
:104B300097FF194905F0A0FF214605F091FF17499D
:104B400005F09AFF0446394606A805F0CCFE06A9F2
:104B5000204605F085FF124905F08EFF084B0268DC
:104B60001B7810498DF80030074B08481B78FFF779
:104B700087FF06A805F06DFE02A805F06AFEC3E7F0
:104B8000FD02002081370B08FC02002000030020FA
:104B900088370B0892370B089E370B08AA370B088B
:104BA000B9370B086C380B0870B54E280E46154601
:104BB0001C4686B00FD11C4B22681B781B498DF810
:104BC00000301B4B1B481B78FFF75AFF002007F0F3
:104BD00037FA06B070BD5328FBD1174902A805F07B
:104BE00082FE314602A805F03BFF144905F044FF60
:104BF000294605F035FF124905F03EFF214605F034
:104C00002FFF104905F038FF074B02681B780E494B
:104C10008DF80030064B07481B78FFF731FF02A8DC
:104C200005F017FED2E700BFFD02002081370B0818
:104C3000FC0200200003002088370B0892370B0885
:104C4000AA370B08B9370B086C380B08014804F079
:104C500019BE00BF0003002001220B4B10B51A70D3
:104C600008220A4C0A4B20461A700A4940F6F832CC
:104C700004F0D4FE084B20462360084A0849BDE8EA
:104C8000104008F073BC00BFFC02002000030020AD
:104C9000FD02002000400240C4370B0850020020F3
:104CA000594A0A081FB50023019303930C23ADF85A
:104CB0000430044B0422029301AB05F04FFC05B015
:104CC0005DF804FBD1000A08022A38B5044607D073
:104CD000032A11D0012A01D10B682360002038BDBE
:104CE0000C200D68FBF7D9F903460028F5D095E8AC
:104CF000070083E80700F0E700680028EED00C21E9
:104D000008F039FCEAE710B403685A68996854104F
:104D100001EB6200D20748BF0A591B6810BC48BFAC
:104D2000D358184710B534220446002104300AF045
:104D300079F938232046236010BD002340681A46C5
:104D4000194605F0B3BB002340681A46194605F022
:104D5000B5BB00224068114605F0C0BB0023406887
:104D60001A46194605F0D2BB07B58068002340B14A
:104D7000CDE900131A46012105F032F9B0FA80F0AE
:104D8000400903B05DF804FB07B58068002338B123
:104D9000CDE90013022105F023F9B0FA80F04009B3
:104DA00003B05DF804FB000010B5002204466FF06C
:104DB00000418069FFF7E8FF0248FFF7BEFF0023CC
:104DC000637710BD40040020F0B589B00446FBF7BE
:104DD0007BFF2060FCF79CFF6060FCF767FAA06037
:104DE000FDF714F9E060FBF721FE2061FDF74AFAB8
:104DF00000262549606104F1200005F074FD224978
:104E000004F1300005F06FFD1C20A683A677FBF7A8
:104E100044F90546002832D00C200696FBF73DF9F0
:104E200018B11A4B8460C0E90036194B04902B600E
:104E3000002304AE02AF96E8030087E803002B715D
:104E4000AB6005F10C0292E8030086E8030097E8E6
:104E5000030082E803000F4A06936A61AA690E49BB
:104E600007920E4A05F10800AA61019301230C4A3A
:104E700000932B4605F09CF83046FBF7C5FA204618
:104E8000A56109B0F0BD00BFAA380B08A94D0A08FA
:104E9000AC350B08C94C0A08C0D40100074D0A08FC
:104EA0006D210A0838B5064C23683BB94020FBF752
:104EB000F4F8054608B1FFF787FF2560206838BD84
:104EC0003C03002030B50024CBB004AB18193834B3
:104ED000FFF728FFB4F58C7FF7D105220E4804A90F
:104EE00007F042FFC5B2012D02D000204BB030BD0B
:104EF00005A9684605F0F7FC6846084905F0F2FD8B
:104F00000446684605F0A5FC24B10348FFF726FFD8
:104F10002846EBE72046E9E740040020E4370B0889
:104F200010B5044600F120010448FFF7BBFE04F170
:104F300030010348BDE81040FFF7B4BEF1370B085D
:104F4000F6370B082DE9FF4700223A4E044611467A
:104F5000706805F0CBFA37460546002863D005F0A7
:104F600015FB002004F0DCFF4FF0000A064600208D
:104F700004F0D6FF00234EF65F22B0EB060861EB8B
:104F80000A094B4508BF424505D305F007FB10B998
:104F900005F0F4FAEBE705F001FB064648B3002202
:104FA0006FF00041A069FFF7EFFE0022786811461C
:104FB00005F054FA00F15D01684605F094FC69467D
:104FC00004F1200005F0E4FC684605F042FCFFF720
:104FD0003DFE237F4BB1002360694FF0FF31237703
:104FE000FDF788FC6069FDF743FD2068FBF7CEFE06
:104FF00008E0237F53B1024601462077786805F028
:1050000065FA3546284604B0BDE8F0870948FFF741
:10501000A0FE10B90748FFF796FE6FF00041A069A7
:10502000FFF7A2FEE1E702460146706805F04EFA7E
:10503000E8E700BF4004002010B504460B48FFF726
:1050400088FE50B1237F43B901232068237703688A
:105050001821BDE810401B6818470448FFF779FE87
:1050600010B9237F03B1607710BD00BF400400205A
:1050700030B5437F044685B0A3B9FFF723FF05464B
:1050800080B9012320466377FFF75CFF00B32369F3
:105090001A783AB14FF47A701D7006F0D1FF60694A
:1050A000FDF7E6FCA37F83B1002301A8A377CDE938
:1050B00001338DF80C3007F019F90648FFF743FE6D
:1050C0006FF00041A069FFF74FFE2046FFF7B4FFE5
:1050D00005B030BD4004002010B504468CB0114826
:1050E000FFF73CFEE0B100230F496377684605F007
:1050F000FAFB0E4904A805F0F6FB0D4908A805F0D7
:10510000F2FB694608AB04AA5320FFF74DFD08A83F
:1051100005F09FFB04A805F09CFB684605F099FB91
:105120000CB010BD4004002004380B080A380B08EE
:1051300018380B08F8B504460D460026A368F7B2E8
:10514000BB4234D93946204605F0E7FC7E2808D01A
:10515000172F04D83946204605F0DFFCE855013604
:10516000ECE7182F3B464FF0000628BF18233146C6
:105170002046EE547A1C05F00DFD0146204605F050
:10518000EDFBA168F7B2B94209D9172F05D8394606
:10519000204605F0C2FC2F4478760136F1E7182945
:1051A00094BF691805F1180100234B76F8BD002360
:1051B0002B766B76FAE700002DE9F043A9B00DF1EC
:1051C0002008054615A805F0D8FB2F4E414615A826
:1051D000FFF7B0FF15A805F03CFB3046FFF7ADFD2B
:1051E00040460AF081FF0DF13909074648460AF0AA
:1051F0007BFF3822044600211AA809F013FF4C2334
:10520000CDE915380323ADF86830002370681946DE
:1052100015AA1994CDE9177905F070F9044668BB11
:105220001A49684605F05FFB194904A805F05BFBC5
:10523000184915A805F057FB694615AB04AA532079
:10524000FFF7B2FC15A805F004FB04A805F001FB6C
:10525000684605F0FEFA15A8CDE915448DF85C40C6
:1052600007F044F840F2DC5006F0EAFE05F096F94B
:10527000044618B93046FFF766FD6C77142006F037
:10528000DFFE29B0BDE8F0834004002039380B0868
:105290000A380B083F380B082DE9F0470025D8B035
:1052A00012AC28193835FFF73DFDB5F58C7FF8D1E4
:1052B000052221462E4807F057FD2E49C7B202A805
:1052C00005F011FB0025DFF8B8A0DFF8B890EBB2CD
:1052D000BB4204F1380828D201350A22294606A823
:1052E00005F081FB06A90AA805F047FB51460AA86C
:1052F00005F0C2FB0646211D0EA805F0F4FA0EA922
:10530000304605F0ADFB494605F0B6FB014602A864
:1053100005F093FB0EA805F09CFA0AA805F099FA8F
:1053200006A805F096FA4446D1E7134B029A1B787B
:1053300012498DF800300EA83C2307F0CBF80F9CE3
:105340007CB16368013B63605BB9236820469B685E
:105350009847A368013BA3601BB923682046DB681C
:10536000984702A805F075FA58B0BDE8F08700BF6D
:1053700040040020AA380B083803002063380B08CB
:1053800060380B0861380B081FB50446684600F00A
:1053900015FA694604F1300005F0FAFA684605F09E
:1053A00058FA04B010BD00000022014B1A7070477B
:1053B0003803002004F074BD10B5044601464FF4D4
:1053C0006172022004F094FD204610BD10B5044621
:1053D00001464FF46172022004F082FD204610BDA8
:1053E00028B1037A03F0800311B9037201207047DA
:1053F00043F0040303720160F8E70346C06810B18C
:10540000182202FB0030704770B505460E4604684E
:1054100024B12046FFF7F1FF86420CD13046FFF75A
:10542000ECFF64B148B1031BDA10064B5343E36051
:1054300000B96C6070BD0446EAE70346F7E72860F0
:10544000F6E700BFABAAAAAA884203D020B131B1C7
:105450000AF0BAB8002070474FF0FF3070470120C3
:10546000704738B50D46044640B101692846FFF73C
:10547000EBFF18B12046FFF7C0FFF4E7204638BD28
:1054800050B1037ACAB223F07F0343F006030372DC
:105490000023C0E900230120704730B514461D46A3
:1054A00040B1037AC0E9004523F07F0343F00C03C9
:1054B0000372012030BD000030B50346D1E901027E
:1054C0001830824203D2012300200B7430BDA2F1B8
:1054D00018008860596869B1441AE510064C6C439D
:1054E000CC605860002342F80C3C02F8103C42F8B3
:1054F000083CEBE71860F4E7ABAAAAAA2DE9F04F45
:10550000037804462B2B8B4685B037D02D2B36D114
:10551000012501342378A3F13002092A02D92E2B68
:1055200040F01481002000214FF099394FF00A0813
:10553000DFF828A2A6461EF8013BA3F1300C5FFA63
:105540008CFCBCF1090F1CD88A4508BF814519D3D2
:105550004FF0FF376FEA0C0608FB01F3A0FB0801D0
:1055600019448F4208BF86424FF000035FFA8CF265
:1055700008D38018744643EB0101DBE701340025B2
:10558000C8E77BB1002300264FF48017B94208BF5B
:10559000B04203F101081CD300230A2209F012FAD9
:1055A0004346F3E79BF8083003F080034DB1CBE9A5
:1055B000000143F00A038BF80830284605B0BDE827
:1055C000F08FCBE9000143F008038BF80830012588
:1055D000F3E71A1B02EB040C234614F8016B0FFAD5
:1055E0008CFCA6F13007092FF4D92E2E1DD1A6462A
:1055F0004FF099364FF00A08554F73461C780EF15C
:10560000010E303CE4B2092C0FD8B94208BFB042B9
:10561000F3D2A0FB082308FB013310190CF1FF346F
:1056200043F100010FFA84FCE7E71A7802F0DF0289
:10563000452A70D15A782D2A24D101269A1C00249B
:105640004FF00A0E134612F8017B303F5FFA87F8DD
:10565000B8F1090F2DD80EFB047404EB0C03B3F55D
:105660009A7FEFDD00209BF80830AEB18DB90021A4
:1056700023F07F0343F00C033546CBE900018BF8A0
:1056800008309AE72B2A4FF0000614BF5A1C9A1CC8
:10569000D5E74FF00041EBE74DB92E4923F07F03EA
:1056A00043F00C03CBE900018BF808308FE72A495F
:1056B000F4E706B164421F78002F47D1644408F034
:1056C000FFFA002C064628DDDFF894A0E2070ED58D
:1056D000FBB25B005A1C5AF822205AF82330009281
:1056E00001933046DDE9002308F020FB06466410F4
:1056F00007F10107EAD10DB101F100419BF8083033
:10570000324623F07F0343F00C038BF808300B463E
:10571000CBE900235BE70024CDE7DFF848A0644233
:10572000002CE8D0E3070ED5FBB25B005A1C5AF8F8
:1057300022205AF82330029203933046DDE90223F7
:1057400008F0F4FA064664100137E9E7002534E76B
:10575000999901000000F07F0000F0FF99999919D4
:1057600080390B0838390B0838B500252C4607F06E
:105770008FFE2846FFF71EFEFF2818BF013405F1F3
:10578000010518BFA4B2B5F5006FF0D1204638BDB1
:1057900038B5046805467CB16368013B63605BB95A
:1057A000236820469B689847A368013BA3601BB908
:1057B00023682046DB689847284638BD30B5ADF5EC
:1057C0006B7D044607F064FE0120FFF7F3FDFF2820
:1057D000174D13D12B781749174A8DF8003009A8B7
:1057E0003C2306F077FE0AA8FFF7D2FF13492046B4
:1057F00005F079F820460DF56B7D30BD07F048FEC9
:1058000009A8FFF7E3FD09A905A805F06CF82B78B6
:105810000849059A8DF8003003A83C2306F05AFE8B
:1058200004A8FFF7B5FF05A805F013F809A9DEE7FE
:105830004003002063380B0874380B0895380B08B8
:10584000033138B521F003050446284604F0CEFEA6
:1058500070B105440023237694F82830C4E902008F
:1058600023F07F032046C4E9045584F8283038BD6E
:105870000546EFE708B570B1037A03F07F030C2B00
:1058800008D8DFE803F01907070707070907090722
:1058900009071000012008BDD0E90023134314BFFD
:1058A00001200020F7E7002203C8002308F0A6FC2F
:1058B000B0FA80F04009EEE70020ECE740B1037A4F
:1058C00003F07F03043B012B01D8006870470020E0
:1058D0007047806808B104F091BE7047F8B505467E
:1058E00008680F46E0B1D5E900349C420ED91A464B
:1058F00000F1FF3C92F800E01CF8016F114676457C
:1059000002F101020FD1002EF4D1EBB90AF0ECFB49
:10591000AA68431C2344934206460AD901232B74E8
:1059200000242046F8BD11F8013B002BFBD10B46AB
:10593000DBE76B60002CF4D002463968204609F0A2
:1059400049FB0023A355ECE71C46EAE750B1037A74
:10595000CAB223F07F0343F0080303720023C0E9B7
:1059600000230120704730B568B1037A4CB200299A
:105970004FEAE47503F0800306DB43F0080303728B
:10598000C0E90045012030BD43F00A0364420372C0
:1059900065EB4505F4E713B5044680B1019129B9DB
:1059A000037A23F07F030372012008E0104601A967
:1059B000FFF794FF237A23F07F0310B9237202B01C
:1059C00010BD43F0050323722060EDE770B5037A44
:1059D000164613F07F0202BF23F07F0343F020033B
:1059E0000372037A044608BFC0E9002213F02000C6
:1059F0000D460FD0084669B12068FFF732FD48B95F
:105A000031462046FFF758FD20B1037A056103F0C7
:105A10007F03037270BD037A024613F0200002D0A8
:105A20001068FFF71EBD704708B5034610B1FFF7B9
:105A3000CDFF0346184608BD437C33B9C3685A1CE2
:105A4000C2601B78037401234374007C704700001C
:105A5000F8B50446012600250D4F2046FFF7ECFF60
:105A600050B1A0F10903DBB2172B0DD806FA03F3EE
:105A70003B4209D06574F0E7237A002B14BF022360
:105A8000012384F85830F8BD01202072FBE700BFE5
:105A9000130080000000000030B5037A85B003F0E9
:105AA0007F03043B082B33D8DFE803F00E0E0532EA
:105AB000053232321A0003C8002908BFB0F5807FD2
:105AC00000D30020C0B209E00023694600688DF8C9
:105AD0000830FFF713FD6846FFF7DEFF05B030BD65
:105AE000D0E90045002200232046294608F0A4FB07
:105AF0000028F3D008A3D3E900232046294608F064
:105B000091FB0028EAD02046294608F0D1FBD9E7CE
:105B10000020E3E7AFF300800000000000E06F40EA
:105B200030B5037A85B003F07F03043B082B39D8E6
:105B3000DFE803F01515053805380E38200003C8D6
:105B4000002908BF802800D3002040B205B030BD36
:105B500003C8002908BF812824D24042F5E700236A
:105B6000694600688DF80830FFF7C8FC6846FFF703
:105B7000D7FFEBE7D0E900450022204629460C4B31
:105B800008F05AFB0028E1D007A3D3E90023204600
:105B9000294608F047FB0028D8D02046294608F0BF
:105BA0005FFBD2E70020D1E70000000000C05F40AB
:105BB000000060C01FB5037A03F07F03043B082B8D
:105BC00021D8DFE803F01111052005200B201C006F
:105BD00003C808F0A5FC05B05DF804FB03C808F095
:105BE0009FFC00F10040F6E70023694600688DF84D
:105BF0000830FFF783FC6846FFF7DCFFEBE703C8DC
:105C000008F076FBE7E70020E5E738B504460D46E7
:105C1000FFF712FFA8424FF0000004BF607401209C
:105C200038BD2F2807D9392803D95E280CD97A28FE
:105C300005D8012070472B28FBD02D28F9D0A0F1E2
:105C40002E035842584170474028F8D95A28EFE7A8
:105C50002DE9F3410F469046044600283AD0037AD6
:105C600013F07F0202BF23F07F0343F0200303728F
:105C7000037A08BFC0E9002213F0200312D041B319
:105C800006689EB138463169FFF7DEFB60B13046E9
:105C9000FFF7B3FB0646F4E729462046FFF7B4FBBF
:105CA000354615E01C4615E0374612E041462046D1
:105CB000FFF702FC054658B1404601A90197FFF7DE
:105CC0000DFE0028E8D02B7A286163F07F032B7249
:105CD0002F463C46204602B0BDE8F081002313B5B4
:105CE0007F288DF80030C3B20BD88DF801300DF14C
:105CF000020313F8010DD0B30A68541C0C60107035
:105D0000F7E703F03F0363F07F038DF80130C0F342
:105D100087128309C0F38F101F2806D862F03F0254
:105D20008DF802200DF10303E3E7981102F03F0222
:105D300062F07F0210F47C7F8DF80220C3F3891299
:105D4000C3F3871305D163F01F038DF8033001AB54
:105D5000CFE703F03F0363F07F038DF80330931127
:105D600063F00F038DF804300DF10503C1E702B0B5
:105D700010BD00002DE9F84307460024FFF75CFE44
:105D8000254606467C743846FFF756FE8642034693
:105D90007D745BD028B90223002087F85830BDE815
:105DA000F8835C284BD13846FFF746FE0028F2D036
:105DB00075283AD14FF004084FF000097D74384639
:105DC000FFF73AFE0028E6D040288ABF20F02003E3
:105DD000A0F13003373BDBB20F2B01D90323DBE704
:105DE00008F1FF3843EA091318F0FF081FFA83F996
:105DF0007D74E4D109F520539BB2B3F5806F02D2D4
:105E0000C9F30904BFE709F510539BB2B3F5806FDE
:105E10003ABFC9F3090949EA84294846394638BFD7
:105E200009F58030FFF75AFFADE70B4B1A78002ACF
:105E3000D4D0904208D15B78002BCFD07D743A68E3
:105E4000511C396013709EE70233EFE73B68012075
:105E50005A1C3A601D70A2E79A380B08F8B503681F
:105E600004464360FFF7E8FD27281CD022281AD0FB
:105E70002046FFF7E1FD0646FFF7D3FE0546C0B119
:105E80000027236867745A1C226020461E70FFF7A3
:105E9000D3FD0646FFF7C5FE0028F2D123685A1C41
:105EA0002260187003E02046FFF764FF054628468D
:105EB000F8BD032384F85830F9E72DE9F84F05467B
:105EC0000E461F46FFF7C4FD044608B9002456E0FD
:105ED0002846FFF7B1FD5B2835D020D8222878D09E
:105EE000272876D02846FFF7A7FD05F1180B804636
:105EF000D94605F1570AA9EB0B074046FFB2FFF759
:105F000090FE002878D0CA4575D04FF0000328468F
:105F10006B7409F8018BFFF78FFD8046EBE77B2858
:105F2000E0D1337A4FF0000223F07F0343F02003E7
:105F3000337200233146C6E9003328463B4600F061
:105F4000B0FB04461BE0337AFCB223F07F0343F03E
:105F5000400333720023C6E900331CB9062385F8D9
:105F600058300CE028466B74FFF772FD804600281D
:105F7000ACD05D212846FFF748FE18B144462046C4
:105F8000BDE8F88F671E69693046FFF795FA01464C
:105F900018B9042385F8583098E73B464FF00002C3
:105FA0002846FFF78AFF002890D02846FFF750FDCB
:105FB00000288BD05D212846FFF727FE0028DDD181
:105FC0002C212846FFF721FE04460028DBD10323BD
:105FD000C5E72B6828466B60FFF7CCFE0446002817
:105FE0003FF474AF337A6A6823F07F0343F004030D
:105FF00033723260C3E73F270022EB191A762B7EFB
:10600000742B0DD1337A012223F07F0343F0060372
:1060100033720023C6E90023042FB0D00223B9E76E
:10602000662B0BD1337A002223F07F0343F0060363
:1060300033720023052FC6E90023EEE76E2BEBD069
:1060400031465846FFF75AFA002898D1032385F8BD
:10605000583076E770B513460D681C4A0446002D8B
:1060600008BF1546026898B04260C2680495826015
:10607000002094F82060207426F07F0684F82060C9
:106080000A68029001928DF80C0002468DF8150006
:106090008DF85C0004F1180101A80694FFF70DFFCC
:1060A0009DF85C0068B99DF8143053B194F8203025
:1060B00003F07F020C2A06D003F07D03082B08BFF3
:1060C000032018B070BD0320FBE700BFAA380B08FF
:1060D0002DE9F041ADF5707D0D4617461C4606468C
:1060E00007F0D6F90120FFF765F9FF2829D00DF157
:1060F0003C0807F0CDF94046FFF768F94FF0000281
:106100004FF4966102A8FFF79BFB4FF0320201A902
:1061100004A8CDF80480FFF79DFF10F0FF0F0DD10C
:1061200031460AA8ADB9FFF776FCFFF7C7FB014679
:1061300058B10522204609F0F1FF657102A8FFF76A
:10614000C8FB0DF5707DBDE8F08100232360A380BE
:10615000F4E7A7B9FFF75FFC034618B12946FFF73C
:106160005AFC03461846FFF7A9FB01460028ECD06D
:106170000522204609F0D2FF00236371DEE7FFF716
:106180004AFC08B90020EEE72946FFF744FC002846
:10619000F8D03946FFF73FFCE5E72DE9F041ADF5D2
:1061A000707D0D4617461C46064607F071F9012022
:1061B000FFF700F9FF282AD00DF13C0807F068F935
:1061C0004046FFF703F94FF000024FF4966102A832
:1061D000FFF736FB4FF0320201A904A8CDF8048086
:1061E000FFF738FF10F0FF0F0ED131460AA82DB986
:1061F000FFF711FC30B1FFF7DDFC04E06FB9FFF7EA
:106200000AFC40B90020206002A8FFF762FB0DF5F0
:10621000707DBDE8F0812946EAE7FFF7FCFB002826
:10622000F0D02946FFF7F7FB0028EBD03946DFE72F
:106230002DE9F041ADF5707D0D4617461C4606462A
:1062400007F026F90120FFF7B5F8FF2826D00DF159
:106250003C0807F01DF94046FFF7B8F84FF0000280
:106260004FF4966102A8FFF7EBFA4FF0320201A952
:1062700004A8CDF80480FFF7EDFE10F0FF0F0AD15F
:1062800031460AA875B9FFF7C6FB024610B1FFF701
:1062900047FC0246227002A8FFF71BFB0DF5707D3C
:1062A000BDE8F0816FB9FFF7B6FB10B90020207090
:1062B000F1E72946FFF7AFFB0028F7D0FFF730FCE6
:1062C000F5E7FFF7A8FB0028F0D02946FFF7A3FB6E
:1062D0000028EBD03946EDE72DE9F041ADF5707DB2
:1062E0000D4617469846064607F0D2F80120FFF7FC
:1062F00061F8FF2823D00FAC07F0CAF82046FFF75B
:1063000065F84FF000024FF4966102A8FFF798FA83
:106310004FF0320201A904A80194FFF79BFEC4B21A
:1063200054B931460AA875B9FFF775FB10B1FFF7EC
:10633000B3FB044688F8004002A8FFF7CAFA0DF53F
:10634000707DBDE8F0812FB9FFF765FB0028F1D023
:106350002946E9E7FFF75FFB0028EBD02946FFF766
:106360005AFB0028E6D03946DEE72DE9F041ADF5CD
:10637000707D0D4617461C46064607F089F8012039
:10638000FFF718F8FF282ED00DF13C0807F080F831
:106390004046FFF71BF84FF000024FF4966102A849
:1063A000FFF74EFA4FF0320201A904A8CDF804809D
:1063B000FFF750FE10F0FF0F12D131460AA815B9B1
:1063C000FFF729FB09E097B9FFF725FB024618B153
:1063D0002946FFF720FB02461046FFF74BFA2070D4
:1063E00002A8FFF776FA0DF5707DBDE8F081FFF7A2
:1063F00012FB08B90020F0E72946FFF70CFB002844
:10640000F8D03946DCE7F0B5ADF5717D0D461446A0
:10641000064607F03DF80120FEF7CCFFFF2821D00B
:106420000FAF07F035F83846FEF7D0FF4FF0000207
:106430004FF4966102A8FFF703FA4FF0320201A968
:1064400004A80197FFF706FE10F0FF0F07D13146B1
:106450000AA855B9FFF7DFFAFFF70CFA207002A877
:10646000FFF737FA0DF5717DF0BDFFF7D4FA03465B
:1064700018B12946FFF7CFFA03461846ECE70000AB
:106480002DE9F04389B0044607F002F80120FEF739
:1064900091FFFF2800F0BC80234600225E495F4840
:1064A000FFF71AFF2378002B76D05C4800225C4966
:1064B000631CFFF711FF0C2025786843F9F7EFFD07
:1064C00058B10346FF210022013D03F10C0304D320
:1064D00003F80C1C43F8042CF6E70026DFF878815B
:1064E000DFF878914D4F60602378B34254DD0C257E
:1064F00001364146684604F0F6F90A22314604A8FE
:1065000004F071FA04A9684604F0AAFA75436368B6
:106510000C3D2B444A4601683846FFF789FE04A823
:1065200004F097F9684604F094F94146684604F08F
:10653000DAF90A22314604A804F055FA04A968469B
:1065400004F08EFA6368374A2B44013301683846F9
:10655000FFF7BEFD04A804F07CF9684604F079F961
:106560004146684604F0BFF90A22314604A804F007
:106570003AFA04A9684604F073FA636801682B4488
:106580003846294A0833FFF708FE04A804F061F9E9
:10659000684604F05EF9A7E700222449244804F184
:1065A0000903FFF745FE00222249214804F10803B0
:1065B000FFF73EFE04F10B0300221F491C48FFF7C2
:1065C000D4FE1E491E4804F10C02FFF71CFF0022F6
:1065D00004F10D0311461B48FFF72AFE1A491B4818
:1065E00004F10E02FFF70FFF00221949174804F1CA
:1065F0000F03FFF76DFD00221649144804F115033F
:10660000FFF766FD0D49114804F11B02FFF7FBFE81
:1066100009B0BDE8F08300BFE2330B0818310B0866
:1066200086350B08CC330B08DB330B0839350B08E8
:1066300021340B0819340B08D8340B0822310B080D
:1066400028310B084C3A0B080C310B0814310B089D
:1066500033310B0839310B08B9330B08BF330B0842
:1066600010B5044606F014FF40F2FC70FEF7A2FEDF
:10667000FF280DD12046FFF703FF06F009FF03F0C6
:106680003FFC06F005FF012140F2FC7003F010FC16
:1066900006F0FEFE0120FEF78DFEFF3818BF012038
:1066A00010BD2DE9F843DEB20446884626B906231C
:1066B00080F85830002521E000234374FFF7C8F923
:1066C00007460028F6D07D212046FFF79EFA0546B2
:1066D00098B9013E2046FFF7C1FB0028EAD02046CA
:1066E000FFF7B6F90028E5D03A212046FFF78DFAEA
:1066F00038B9032384F8583000E03D462846BDE809
:10670000F883D4F80490D8F800004946FEF7A9FEB3
:10671000014668B961694046FEF7CEFE014608B9F8
:106720000423E7E7037AC0F8109003F07F030372B5
:1067300033464FF000022046FFF7BFFB0028B9D0D8
:106740002046FFF785F90028B4D07D212046FFF7C9
:106750005CFA0028D1D12C212046FFF756FA0028F8
:10676000C7D02046FFF774F90028B3D1A2E730B5AF
:1067700044680A44D0E90053AB4207D2914205D0A5
:106780005D1C456011F8015B1D70F3E700221A7073
:1067900043681A1B83681344836030BD38B50546CF
:1067A00008460C4609F0A0FC214602462846FFF7A1
:1067B000DEFF38BD2DE9F04786B00DF1160607461D
:1067C00015461C46B246284621460A22002308F0F8
:1067D000F9F8A1463032A8462846214606F8012D90
:1067E00000230A2208F0EEF8B9F1000F08BFB8F153
:1067F0000A0F05460C46E6D231463846AAEB060299
:10680000FFF7B5FF06B0BDE8F087D0E9002393425B
:106810003FBF5A1C42600022197037BF43680022F4
:106820001A700122836813448360704770B50D4667
:1068300022210446FFF7E9FF013D15F8011F79B158
:106840000A4B9E7846B1DA7802338A42F9D15C214C
:106850002046FFF7DAFF31462046FFF7D6FFECE788
:1068600022212046FFF7D1FF70BD00BF9A380B08E8
:106870002DE9F04F194682468FB010469146984652
:1068800007F0BCFC30B95046A949FFF787FF0FB0AD
:10689000BDE8F08F002200234846414607F0AEFCD9
:1068A00068B94A4643464846414607F089F80246D9
:1068B0000B464846414607F0A1FC0028E3D10022E0
:1068C00000234846414607F0A3FC28B12D2150463D
:1068D000FFF79BFF08F10048484691A3D3E9002346
:1068E000414607F0A9FC044600285FD00825002493
:1068F0004FF4807B8F4F904E7B6C484600933B6CEF
:1069000041460193DDE9002307F096FC68B1736C02
:1069100048460293336C41460393DDE9022307F0B6
:1069200005FA814688465C4424B2013D681C4FEA62
:106930006B0BA7F10807A6F10806DDD100220023A2
:106940004846414607F082FC002833D076A3D3E9BD
:1069500000234846414607F065FC58B3774E754F13
:10696000290627D4764B484653F8353041460493E0
:1069700056F835300593DDE9042307F049FC88B16A
:10698000704B484653F835304146069357F835303A
:10699000A4EB0B040793DDE9062307F0C7F9814652
:1069A000884624B24FEA6B0B013DD9E74FF4807B58
:1069B0000825C3E74146484607F07AFC0923064606
:1069C00002460A21604F5DB2092A03F1FF33DBB2B0
:1069D00004D9B7FBF1F7B2FBF1F2F4E7304607F068
:1069E0002BF902460B464846414606F0E7FF804633
:1069F0003846894607F020F902460B46404649468C
:106A000007F094F98046894607F052FC834607F068
:106A100013F902460B464046494606F0CFFF0246B0
:106A20000B4606F0CDFF07F043FC00EB0B08474593
:106A300008D8013694B1092E10D94FF0000801266C
:106A4000013424B20A21B8FBF1F301FB138242B9ED
:106A5000002D06DD013D98466DB2F4E74FF00008C9
:106A6000F0E70A200DF13601B6FBF0F200FB1263ED
:106A7000303301F8013D3346092B1646F4D80DF1A9
:106A800036065046721AFFF772FEEDB12B460A2009
:106A90000DF12F01013B5BB25A1C09D0B8FBF0F29B
:106AA00000FB128808F1300801F801899046F1E7EF
:106AB0002E20EAB20CAB991A01F8010CD1435046D2
:106AC00001321944FFF753FE002C15DA1F495046D6
:106AD000FFF764FE31460A226442B4FBF2F302FB84
:106AE0001344303401F8014D1C46002BF5D15046BB
:106AF000721AFFF73CFECAE63FF4C9AE6521504664
:106B0000FFF783FE31460A2294FBF2F302FB1344A3
:106B1000303401F8014D1CB2002CF5D1E7E700BF7D
:106B200000000000D0126341F168E388B5F8E43E4C
:106B3000AB380B0880390B0838390B08F0380B08D4
:106B4000F4380B0884390B0800CA9A3BB0380B089C
:106B5000F8B5027A054602F07F030C2B0C460DD8DF
:106B600012F07E0F0ED0023B0A2B0BD8DFE803F0A9
:106B70004F4F4A4A640A610A550A0C00202B23D061
:106B8000402B08D031495DE0D0E900230846FFF7EB
:106B90006FFEA068F8BD5B212046FFF736FE2D682A
:106BA0006DB121462846FFF7D3FF2846FEF725FCA6
:106BB000054620B12C212046FFF727FEF0E75D2196
:106BC0002046FFF722FEE4E77B212046FFF71DFE6B
:106BD0002D68ADB129692046FFF728FE3A212046ED
:106BE000FFF713FE21462846FFF7B2FF2846FEF7BF
:106BF00004FC054620B12C212046FFF706FEE8E7FD
:106C00007D21DDE701682046FFF710FEC1E7D0E9EE
:106C100000122046FFF7ABFDBBE7D0E900672D214E
:106C20002046FFF7F2FD32463B462046FFF7C2FD05
:106C3000AFE7D0E90023F8E7D0E90023134314BFFE
:106C4000034904492046FFF7A9FDA2E7AB380B082A
:106C5000E22F0B08B3380B081FB5002301F2833273
:106C6000CDE900210B70203069460293FFF770FFD9
:106C700005B05DF804FB00002DE9F04F854AADF545
:106C8000797D00230592012203A8ADF80C30ADF800
:106C900018208DF82720ADF81A308DF82130FFF735
:106CA000DFFC0446002840F0A2814FF000024FF4C0
:106CB00096610AA8FEF7C4FD9DF80C5076490CAA0F
:106CC00012A8002D00F09781FEF780FE0CAA7349F0
:106CD000FEF7AAFE9DF80C10FEF738FE6E490CAACE
:106CE00012A8FEF773FE6E490CAAFEF79DFE9DF8F2
:106CF0000D10FEF72BFE00260027DFF8A8A1DFF815
:106D000098819DF80C305FFA84F94B4552D81C46A7
:106D10004FF000084FF00009624E5F4DE3B2052BC3
:106D200000F2CC80B3883068ADF80830002301341D
:106D30000A222146019017A8ADF80A3003F053FE4D
:106D4000179901A808F01AFC17A803F082FD29463C
:106D50000CAA12A8FEF73AFE0CAA01A9FEF778FFCA
:106D60000CAA5149FEF760FE4FF0FF31FEF7FBFD24
:106D700029460CAA12A8FEF729FE0CAA01A9FEF7C3
:106D800067FF0CAA4949FEF74FFE4949FEF728FB69
:106D900029460CAA12A8FEF719FE0CAA01A9FEF7B3
:106DA00057FF0CAA4349FEF73FFE42464B46FEF70B
:106DB00074FBB3E7BAF804300C25ADF808300023B3
:106DC000DAF800000A22019009F1010117A8ADF8D4
:106DD0000A3003F008FE179901A808F0CFFB05FB65
:106DE00009F517A803F035FD41460CAA12A8DDF8F5
:106DF00010B0FEF7EBFD0CAA01A9FEF729FF0CAAC3
:106E00002949FEF711FE1BF90510FEF7ACFD0499A8
:106E10000CAA294401F1010B12A84146FEF7D6FD48
:106E20000CAA01A9FEF714FF20490CAAFEF7FCFDED
:106E300059460CAAFEF7AFFD049B41460CAA12A8C6
:106E40001D44FEF7C3FD0CAA01A9FEF701FF0CAA21
:106E50001849FEF7E9FD8346A86806F00FFF0246D1
:106E60000B465846FEF719FBB9F1000F10D1414609
:106E70000CAA12A8FEF7AAFD0CAA01A9FEF7E8FECB
:106E80000CAA0D49FEF7D0FD32463B46FEF705FB46
:106E9000013436E70202010018310B08E2330B0817
:106EA00086350B08C8390B08BF330B08CC330B08E9
:106EB000C6330B08DB330B08D7330B08049808B133
:106EC000F9F7F1F88A490CAA12A8FEF77FFD0CAA7F
:106ED0008849FEF7A9FD9DF91510FEF744FD844988
:106EE0000CAA12A8FEF772FD0CAA8349FEF79CFDBE
:106EF0009DF91410FEF737FD7D490CAA12A8FEF784
:106F000065FD0CAA7D49FEF78FFD9DF81710FEF771
:106F1000B7FA0CAA7A4912A8FEF758FD1521FEF718
:106F200015FD0CAA774912A8FEF750FD1221FEF7B5
:106F30000DFD75490CAA12A8FEF748FD0CAA73496D
:106F4000FEF772FD9DF81810FEF79AFA70490CAA28
:106F500012A8FEF73BFD0CAA6E49FEF765FD9DF8F1
:106F60001A10FEF78DFA6A490CAA12A8FEF72EFD38
:106F700069490CAAFEF758FD0CAA0DF11B01FEF79A
:106F80000AFD63490CAA12A8FEF720FD63490CAA6A
:106F9000FEF74AFD0CAA0DF12101FEF7FCFC5C494D
:106FA0000CAA12A8FEF712FD0CAA5849FEF73CFDE8
:106FB0009DF82710FEF764FA0CAA594912A8FEF7AB
:106FC00005FD9DF91910FEF7CEFC17A90AA8FFF7D9
:106FD00043FE06F05DFA17A8FEF7EEF906F058FA40
:106FE0000121084602F064FF0AA8FEF772FC0DF5C5
:106FF000797DBDE8F08F4FF000084FF00009FEF7F3
:10700000E5FC0CAA4749FEF70FFD2946FEF79EFC5A
:1070100045490CAA12A8FEF7D9FC444E44490CAAD3
:10702000FEF702FD2946FEF791FC2C46B7883E4D3F
:10703000DFF810A10023A346306801340A2221465C
:10704000019017A8ADF80A30ADF8087003F0CBFC3A
:10705000179901A808F092FA17A803F0FAFB29463D
:107060000CAA12A8FEF7B2FC0CAA01A9FEF7F0FDCB
:107070000CAA5146FEF7D8FC4FF0FF31FEF773FC27
:1070800029460CAA12A8FEF7A1FC0CAA01A9FEF73A
:10709000DFFD0CAA2749FEF7C7FC2749FEF7A0F938
:1070A00029460CAA12A8FEF791FC0CAA01A9FEF72A
:1070B000CFFD0CAA2149FEF7B7FC42464B46FEF72E
:1070C000ECF9BBF1000F10D129460CAA12A8FEF76B
:1070D0007DFC0CAA01A9FEF7BBFD0CAA1849FEF71E
:1070E000A3FC42464B46FEF7D8F9062CA2D1E9E6AE
:1070F00021340B0839350B0819340B08D8340B0828
:1071000098310B08A8320B0828310B0822310B08E4
:1071100014310B080C310B0833310B0839310B08D3
:107120004C3A0B08E2330B0818310B08C8390B082E
:1071300086350B08CC330B08C6330B08DB330B0842
:10714000D7330B08BF330B0800B58DB006F0A0F99C
:1071500002F0D6FEFFF790FD68460E4903F0C3FB30
:107160000D4904A803F0BFFB0C4908A803F0BBFBC2
:10717000694608AB04AA5320FDF716FD08A803F0E2
:1071800068FB04A803F065FB684603F062FB0DB0E2
:107190005DF804FBB9380B08BF380B08CE380B0874
:1071A000F0B5ADF23C7D0D461446064606F070F98A
:1071B0000120FEF7FFF8FF282BD00CAF06F068F98E
:1071C0003846FEF703F94FF000024FF49661684627
:1071D000FEF736FB4FF03202EDA902A8ED97FEF75D
:1071E00039FF10F0FF0F11D1314602AA08A89DB94E
:1071F000FEF7ECFB2146FEF743F9EDA96846FFF7E1
:107200002BFD06F045F9EDA8FEF7D6F86846FEF727
:1072100060FB0DF23C7DF0BDFEF7D8FB294602AACB
:10722000FEF702FCE6E72DE9F041ADF5E76D0D460E
:1072300017461C46064606F02BF90120FEF7BAF861
:10724000FF282DD00DF1300806F022F94046FEF758
:10725000BDF84FF000024FF496616846FEF7F0FA71
:107260004FF03202EDA902A8CDF8B483FEF7F2FE8A
:1072700010F0FF0F11D1314602AA08A8A5B9FEF7F8
:10728000A5FB2146FEF7FCF8EDA96846FFF7E4FCF4
:1072900006F0FEF8EDA8FEF78FF86846FEF719FB3A
:1072A0000DF5E76DBDE8F08137B9FEF78FFB294694
:1072B00002AAFEF7B9FBE4E7FEF788FB294602AA1B
:1072C000FEF7B2FB394602AAF3E72DE9F041ADF52E
:1072D000E76D0D4617461C46064606F0D9F8012014
:1072E000FEF768F8FF282DD00DF1300806F0D0F831
:1072F0004046FEF76BF84FF000024FF49661684687
:10730000FEF79EFA4FF03202EDA902A8CDF8B48341
:10731000FEF7A0FE10F0FF0F11D1314602AA08A817
:10732000A5B9FEF753FB2146FEF710FBEDA9684611
:10733000FFF792FC06F0ACF8EDA8FEF73DF86846C2
:10734000FEF7C7FA0DF5E76DBDE8F08137B9FEF736
:107350003DFB294602AAFEF767FBE4E7FEF736FB92
:10736000294602AAFEF760FB394602AAF3E72DE997
:10737000F041ADF5E76D0D4617461C46064606F092
:1073800087F80120FEF716F8FF282DD00DF1300800
:1073900006F07EF84046FEF719F84FF000024FF471
:1073A00096616846FEF74CFA4FF03202EDA902A84A
:1073B000CDF8B483FEF74EFE10F0FF0F11D1314629
:1073C00002AA08A8A5B9FEF701FB2146FEF7CBFAF1
:1073D000EDA96846FFF740FC06F05AF8EDA8FDF766
:1073E000EBFF6846FEF775FA0DF5E76DBDE8F08135
:1073F00037B9FEF7EBFA294602AAFEF715FBE4E7D8
:10740000FEF7E4FA294602AAFEF70EFB394602AA65
:10741000F3E72DE9F041ADF5E76D0D4617461C4643
:10742000064606F035F80120FDF7C4FFFF2833D0EB
:107430000DF1300806F02CF84046FDF7C7FF4FF07D
:1074400000024FF496616846FEF7FAF94FF03202F7
:10745000EDA902A8CDF8B483FEF7FCFD10F0FF0FF4
:1074600017D1314602AA08A8D5B9FEF7AFFA0546EA
:10747000204606F003FC02460B462846FEF70DF8B0
:10748000EDA96846FFF7E8FB06F002F8EDA8FDF766
:1074900093FF6846FEF71DFA0DF5E76DBDE8F08134
:1074A00037B9FEF793FA294602AAFEF7BDFADEE7DE
:1074B000FEF78CFA294602AAFEF7B6FA394602AA66
:1074C000F3E72DE9F041ADF5E76D0D4617461C4693
:1074D000064605F0DDFF0120FDF76CFFFF282DD0EB
:1074E0000DF1300805F0D4FF4046FDF76FFF4FF077
:1074F00000024FF496616846FEF7A2F94FF032029F
:10750000EDA902A8CDF8B483FEF7A4FD10F0FF0F9B
:1075100011D1314602AA08A8A5B9FEF757FA2146AB
:10752000FDF75EFFEDA96846FFF796FB05F0B0FF9B
:10753000EDA8FDF741FF6846FEF7CBF90DF5E76DC5
:10754000BDE8F08137B9FEF741FA294602AAFEF7F5
:107550006BFAE4E7FEF73AFA294602AAFEF764FA64
:10756000394602AAF3E700000122014B1A70704766
:1075700040030020006803681B681847022A38B5DA
:10758000044607D0032A11D0012A01D10B682360D9
:10759000002038BD0C200D68F8F77FFD0346002859
:1075A000F5D095E8070083E80700F0E700680028B9
:1075B000EED00C2105F0DFFFEAE730B4036809786C
:1075C0005A689C68551004EB6200D20748BF6259A4
:1075D0001B6830BC48BFD3581847000030B587B08F
:1075E0000446F9F771FB2060FAF73CF86060F9F7A0
:1075F0005DFEA060FAF78CFBE060FAF707FD206102
:1076000001F01AF96061FAF73DFEA061F9F70EFA90
:10761000E061FDF747FC00252062E562D4E9000146
:10762000FAF7ECFCE1682068FAF7EAFC2068A16848
:10763000FAF7E6FC0C200495F8F72FFD18B1114B72
:107640008460C0E900356D4602AB029093E8030008
:1076500085E8030004F1240292E8030083E80300B4
:1076600095E8030082E80300E26A18460492064A9D
:10767000E262226B0592054A2263F8F7C5FE2046B6
:1076800007B030BD75750A087D750A08BB750A0814
:10769000006AFDF745BC10B504460068F9F7EEFC3A
:1076A000206AFDF7E5FCA069FAF7CAFE2069FAF73F
:1076B000FDFC20680021F9F723FC606901F090FCD3
:1076C0006068BDE81040FAF7C7B8000030B5394B24
:1076D0009DB0029307238DF80C30374B00240493A0
:1076E00025238DF814304FF0013306930123002237
:1076F0008DF81C3005460DF1070330493048FEF780
:1077000097FD9DF9072002AB13F9011B013491424B
:107710004CD10523B4FBF3F303EB8303E41AE4B287
:107720001CAB1C4414F8582C26492748FFF738FD99
:1077300014F8601C2846FFF71DFF14F9684CA8696F
:107740002146FAF78DFE02F029FF68B31F4910A801
:1077500003F0C9F81E4914A803F0C5F81D490CA888
:1077600003F0C1F80A22214608A803F03CF908A951
:107770000CA803F075F9014618A803F0FEF818AB41
:1077800014AA10A95320FDF70FFA18A803F061F806
:1077900008A803F05EF80CA803F05BF814A803F047
:1077A00058F810A803F055F81DB030BD052CABD12A
:1077B0000024B5E7050209002122232439350B08EE
:1077C00021340B0822310B0828310B08D0390B0863
:1077D000D6390B08E5390B082DE9F04F4FF00008BA
:1077E0000C4692469946474646468FB0DDF860B053
:1077F000A3685FFA88F5AB4262D92946204603F0B8
:107800008CF95F2822D10136F6B2731E032B1DD8E6
:10781000DFE803F0021B0C1F2046691C03F07DF912
:10782000302813D100200FB0BDE8F08F2B46214641
:107830007A1C09A803F08CF909A8002306225146F6
:1078400003F06DF909A803F004F82F4608F10108C8
:10785000CEE72B4621467A1C09A803F079F90023CC
:10786000142204A909A803F05AF909A802F0F1FFAB
:1078700004A909A803F037F809A803F0AAF9C9F880
:10788000000009A802F0E5FF21466846A3686A1CCB
:1078900003F05EF90023142209A9684603F03FF9BA
:1078A000684602F0D6FF09A9684603F01CF868464E
:1078B00003F08FF9CBF80000684602F0CAFFC5E775
:1078C000032E1CD121467A1C04A803F041F90023A1
:1078D000142209A904A803F022F904A802F0B9FFB0
:1078E00009A904A802F0FFFF04A803F072F9C9F87F
:1078F000000004A802F0ADFF0023CBF80030012007
:1079000091E708B5006AFDF73FFD012008BD0000C2
:107910001FB502236846002203F01AF9684626497B
:1079200003F0E0F8002835D16846244903F0DAF87E
:1079300090BB6846224903F0D5F878BB68462149D8
:1079400003F0D0F860BB68461F4903F0CBF848BB92
:1079500068461E4903F0C6F830BB68461C4903F070
:10796000C1F818BB68461B4903F0BCF800BB684669
:10797000194903F0B7F8E8B96846184903F0B2F8B6
:1079800000280CBFFF240A24684602F062FF20464C
:1079900004B010BD0124F7E70224F5E70324F3E760
:1079A0000424F1E70524EFE70624EDE70724EBE7DD
:1079B0000824E9E70924E7E7F8390B08FB390B0845
:1079C000FE390B08013A0B08043A0B08073A0B087A
:1079D0000A3A0B080D3A0B08103A0B08133A0B0839
:1079E0002DE9F04F0C460546A1B011AFB9490BA8DF
:1079F00002F079FFB849384602F075FF214617A812
:107A000002F0BBFF3A4617AB0BA95320FDF7CCF8A9
:107A100017A802F01EFF384602F01BFF0BA802F069
:107A200018FF214617A802F0A8FF17A92846FFF75C
:107A30006FFFC6B217A802F00CFFFF2E00F0CF8137
:107A40000A2E4ED103220021204603F0A3F820463F
:107A5000A24903F047F8064640B31C212846FFF729
:107A600089FD012300229E499E48FFF7DCFB9E49C9
:107A70000BA802F038FF9849384602F034FF9B49C2
:107A800017A802F030FF3A4617AB0BA95320FDF7B9
:107A90008BF817A802F0DDFE384602F0DAFE0BA8DC
:107AA00002F0D7FE012021B0BDE8F08F20469049BA
:107AB00003F018F8002800F08E811D212846FFF7FA
:107AC00059FD3346324686498648FFF7ACFB894963
:107AD0000BA802F008FF8049384602F004FF8649EF
:107AE000CEE7012E1AD100210222204603F052F8DF
:107AF00020467A4902F0F6FF20B13146A869FAF72C
:107B0000AFFCD0E720467A4902F0ECFF002800F0F5
:107B100064813146A869FAF70BFFC4E7022E12D13F
:107B200000213246204603F035F820466B4902F02A
:107B3000D9FF0028E1D120466D4902F0D3FF00288B
:107B4000E7D10920AFE7052E12D1002102222046FD
:107B500003F020F82046614902F0C4FF0028CCD190
:107B60002046634902F0BEFF0028D2D10A209AE7DE
:107B7000072E12D100210222204603F00BF82046E6
:107B8000564902F0AFFF0028B7D12046584902F00D
:107B9000A9FF0028BDD10D2085E7062EEAD0082ECA
:107BA00012D100210222204602F0F4FF20464B4968
:107BB00002F098FF0028A0D120464D4902F092FF24
:107BC0000028E8D00821A5E7092E13D100210222C0
:107BD000204602F0DFFF2046404902F083FF08B153
:107BE00009218BE72046424902F07CFF0028D2D0D1
:107BF00009218FE7032E35D12046404902F072FF5C
:107C0000D0B1002307930B930323214617A88DF8C7
:107C1000143002F0B2FE0BAB00933A46284607AB95
:107C200017A9FFF7D9FD044617A802F012FE74B990
:107C3000A869FAF737FB36E7A368082BE1D8204696
:107C40002F4902F04FFF0028DBD106202BE701234C
:107C50003A4601930BAB009307ABA86905A9FBF764
:107C6000B7F920E7042E40F0BA80A368102B4BD957
:107C70000026B046B146182200210BA807F0D2F921
:107C800018220021384607F0CDF91E4B18689B8852
:107C90000590ADF81830A3689E4280F09780314679
:107CA000204602F03AFF5F2840F08E8009F1010A79
:107CB0005FFA8AFABAF1010F06F1010B2CD009F133
:107CC000FF395FFA89F9B9F1050F2BD90136D14691
:107CD000F6B2E0E7163A0B08EE330B08C0310B089A
:107CE000D8340B0821340B0887340B08EB340B080D
:107CF000D4310B0803350B080A350B081C3A0B0866
:107D0000263A0B08AE3A0B082046364902F0EAFE46
:107D10000028ADD10720C6E65946204602F0FDFEF8
:107D2000302885D05946204602F0F7FE7E28CDD176
:107D30004FF000090236F3B2029320AB5FFA8BF2E8
:107D4000434402F1010B0393029B204609EB030617
:107D5000F6B2314602F0E1FE7E2802D0B9F11F0FE3
:107D60001BD133465A46214607A802F0F1FE0622EF
:107D700007EB8803009317A90BAB02FB081203EB78
:107D8000880307A92846FFF727FD08F1010807A87F
:107D900002F05FFD5FFA88F898E7B9F1010F0ED1A4
:107DA00033465A46214607A802F0D2FE07A802F041
:107DB0000BFF039B03F86C0C07A802F04AFD09F1C6
:107DC00001095FFA89F9BFE7CA467FE7CDE9007884
:107DD0000BAB17AA41E70E2065E6082063E60020FA
:107DE00061E600BF2A3A0B0838B50546084602F09E
:107DF000EBFEFF28044609D81B212846FFF7BAFBF3
:107E00006868E1B2F9F7AAFD012038BD40F6B83341
:107E1000A0F596729A4208D828461A21FFF7AAFBC5
:107E20006868A1B2F9F7B8FDEEE740F6E54398427D
:107E300002D0B0F5807F04D119212846FFF79AFBC4
:107E4000E2E70020E1E708B54068F9F743FC08BD28
:107E500038B50D4604460949284602F043FE28B1CC
:107E600010212046FFF786FB012038BD2846044933
:107E700002F038FE0028F8D01121F2E7C0310B08DB
:107E8000D4310B0838B50D4604460D49284602F09A
:107E900029FE28B113212046FFF76CFB012038BDD5
:107EA0002846084902F01EFE08B11421F3E72846CF
:107EB000054902F017FE0028F1D01221EBE700BFC0
:107EC000C0310B08D4310B08E9310B0808B5C06884
:107ED000F9F756FF08BD000038B50D4604460D49B8
:107EE000284602F0FFFD28B116212046FFF742FB8D
:107EF000012038BD2846084902F0F4FD08B11721D9
:107F0000F3E72846054902F0EDFD0028F1D01521E0
:107F1000EBE700BFC0310B08D4310B08E9310B0887
:107F200030B50D4695B028463B4902F0DBFD0446CE
:107F300070B100223948114610ABFEF779F99DF96E
:107F4000400018B106F0DEFA03F0FCFE012023E049
:107F5000284602F039FE00F10C03DBB21A2B1DD9C2
:107F60002F4908A802F0BFFC2E490CA802F0BBFC68
:107F70002D4910A802F0B7FC10AB0CAA08A9532099
:107F8000FCF712FE10A802F064FC0CA802F061FCE1
:107F900008A802F05EFC204615B030BD45B2284668
:107FA00006F0B0FA03F0CEFE2B46224621461B48CF
:107FB000FFF7DDF968461D4902F095FC194904A850
:107FC00002F091FC1A490CA802F08DFC0A22294605
:107FD00010A802F008FD10A90CA802F041FD1549F7
:107FE00002F04AFD014608A802F0C7FC694608AB4A
:107FF00004AA5320FCF7D8FD08A802F02AFC10A818
:1080000002F027FC0CA802F024FC04A802F021FCDA
:10801000684602F01EFC99E72E3A0B084C3A0B0812
:108020003E3A0B08443A0B08553A0B086C3A0B08D9
:10803000723A0B087C3A0B0830B50D46044685B001
:1080400028460D4902F04EFD48B120461021FFF7A9
:1080500091FA206AFDF740F8012005B030BD246A8E
:108060002946684602F089FC20466946FDF7A4F8D7
:10807000684602F0EEFBEFE7A43A0B0808B5006A89
:10808000FDF70AF9012008BD7FB5044605F046FA60
:1080900004F0CEFD04F12405FEF7EEFD2669294625
:1080A0006846FBF7DDFC69463046F9F7C3FF6846D2
:1080B000F8F7AAF9666929466846FBF7D1FC6946D4
:1080C000304600F0C9FB6846F8F79EF9A6692946D4
:1080D0006846FBF7C5FC69463046FBF717FA684669
:1080E000F8F792F92068F8F78DFF00212068F8F77B
:1080F00007FFE068F9F72CFEA068F9F7F3F82369A9
:1081000001225B7869468DF800300E48002302F0AA
:1081100025FA0D49684602F0E6FB69462046FFF75E
:10812000FFFE684602F095FBFCF7B8FCE069F8F743
:108130002BFDE3691B7813B9A069FAF799FC04B029
:1081400070BD00BFAE330B082E3A0B080022C0E909
:10815000032202800275C0F80220C0F80620827255
:108160007047002310B5C21C00F10A0112F8014B40
:1081700023448A42DBB2F9D1807A5B42DBB2C31A74
:108180005842584110BD00002DE9F84F03780446CD
:108190003BB101F075FEE368C01AC82884BF002314
:1081A00023804FF000080FF2301BDBE900AB4FF0EB
:1081B000000904F0A9FC03681B699847002800F037
:1081C000888004F0A1FC03685B6998472378C0B2FB
:1081D0004BB9FF28EDD10125A070657001F050FE6C
:1081E0002570E060E5E7012B09D1182864D1637898
:1081F0005A1C23446270987002232370D9E7022B23
:10820000D7D16278531CDBB22244082B6370907084
:10821000CFD92046FFF7A5FF00284DD0A07905F063
:108220001BFD2FA3D3E9002305F080FD06466079EE
:108230000F4605F011FD02460B463046394605F063
:10824000BFFB52465B4605F09BFE42464B46064648
:108250000F4605F0F1FF0022274B80B33046394628
:1082600005F0AEFB05F0FCFF05F0F6FC05F0F8FFAD
:1082700000B2208205F0F0FC1BA3D3E9002305F037
:108280009FFB1BA3D3E9002305F07AFE42464B4631
:1082900006460F4605F0D0FF0022174BA0B130462E
:1082A000394605F08DFB05F0DBFF05F0D5FC05F048
:1082B000D7FF0123608223750023238079E73046AE
:1082C000394605F07BFBCDE73046394605F076FBB5
:1082D000E9E7BDE8F88F00BF9A9999999999B93F54
:1082E0007B14AE47E17A843FAD69DE718A4E184057
:1082F00021B0726891EDE83F0000E03F0B4A10B5F5
:10830000114631F8024B0988048041809188D28857
:108310008180C2804FF0FF310022C0E90212426129
:10832000012202820322827410BD00BF433B0B086E
:108330006FEA1123D8B2082310F0800F03F1FF3346
:108340004FEA400018BF80F0310013F0FF03C0B2C5
:10835000F2D108234840C0B210F0800F03F1FF3380
:108360004FEA400018BF80F0310013F0FF03C0B2A5
:10837000F2D17047F0B50D468FB0994904462846B2
:10838000174606F013F997490646284606F006F800
:108390000146304606F0BEF905F072F906469249EC
:1083A000384606F0B7F9914906F000F9314606F073
:1083B000FDF88F490646284605F0F0FF0146304695
:1083C00006F0A8F98B4906F0F1F88B4906F0EEF8B3
:1083D00006F0D8FAB0F57A3F1DD9884902A802F014
:1083E00082FA874906A802F07EFA86490AA802F0B6
:1083F0007AFA0AAB06AA02A95320FCF7D5FB0AA811
:1084000002F027FA06A802F024FA02A802F021FAE4
:1084100004200FB0F0BD7C4BA0FB0301030E43EA28
:1084200001231A1299B220468DF804208DF80530E8
:10843000FFF77EFF8DF8060005F070F8582104F074
:108440002DFC05F06BF802220368A118DB68984741
:1084500005F064F803680322DB6801A9984705F07A
:108460005DF804F022FCE0B1644902A802F03BFA96
:10847000634906A802F037FA62490AA802F033FA03
:108480000AAB06AA02A95320FCF78EFB0AA802F049
:10849000E0F906A802F0DDF902A802F0DAF90120FD
:1084A000B7E70C2003F0CCFD05F038F8582104F0B4
:1084B000F5FB05F033F803680222DB68A11D98473D
:1084C00005F02CF804F0F1FB48B1504902A802F085
:1084D0000AFA4B4906A802F006FA4D49CDE70C20EE
:1084E00003F0AEFD05F01AF80622582104F0CFFB88
:1084F000C0B206281CD0454902A802F0F4F9404950
:1085000006A802F0F0F942490AA802F0ECF90AAB19
:1085100006AA02A95320FCF747FB0AA802F099F922
:1085200006A802F096F902A802F093F9022070E77B
:1085300004F0F4FF03685B699847054604F0EEFF1A
:1085400003685B69984740EA052005B204F0E6FF3E
:1085500003685B699847A9B202462046FFF7E8FE28
:10856000D2B290421CD0294902A802F0BCF9244999
:1085700006A802F0B8F926490AA802F0B4F90AAB35
:1085800006AA02A95320FCF70FFB0AA802F061F922
:1085900006A802F05EF902A802F05BF9032038E7B2
:1085A000658104F0BBFF03685B699847054604F0EA
:1085B000B5FF03685B69984740EA052005B204F0FF
:1085C000ADFF03685B699847A9B202462046FFF7F2
:1085D000AFFED2B29042C6D10720258119E700BF75
:1085E000C3F58C41B81E73430000C8428195C34057
:1085F0003393884333B3584300007A44B43A0B08AA
:10860000BA3A0B08C83A0B0800894100EB3A0B084C
:10861000F13A0B0870B5064604F080FF582104F0CB
:108620003DFB04F07BFF036802223146DB6898477C
:1086300004F074FF04F039FB68BBFA2003F000FD7E
:1086400004F06CFF0322582104F021FBC4B2032C78
:1086500023D104F063FF03685B699847054604F083
:108660005DFF03685B69984740EA052504F056FF03
:108670000368ADB25B699847294602463046FFF76A
:1086800057FED2B2824204D1B5F5544F0CBF072435
:108690000024204670BD0124FBE70224F9E7000016
:1086A00030B58DB00546FFF7B5FF072804461ED04C
:1086B0001A49684602F017F9194904A802F013F99B
:1086C000184908A802F00FF9694608AB04AA53201C
:1086D000FCF76AFA08A802F0BCF804A802F0B9F89E
:1086E000684602F0B6F8002420460DB030BD04F014
:1086F00015FF582104F0D2FA04F010FF036802229B
:10870000DB68291D984704F009FF04F0CEFA18B978
:108710000C2003F095FCE7E70124E5E70A3B0B0892
:10872000BA3A0B08103B0B08F0B5037C04460E4622
:1087300017468DB05BB1837C4BB1FFF7B1FF0728C3
:1087400020D14FF48073238201F09AFBE060637CB8
:10875000B3B101F095FBE368C01A43F69723984242
:108760000ED901F08DFB3A4631462046FFF702FE56
:1087700007281CBF4FF0FF33A36001F081FB60614D
:108780000DB0F0BDA57C013DEDB2A574002DDED18C
:108790000E49684602F0A7F80D4904A802F0A3F8B4
:1087A0000C4908A802F09FF8694608AB04AA5320B8
:1087B000FCF7FAF908A802F04CF804A802F049F80E
:1087C000684602F046F82574C1E700BF2A3B0B0853
:1087D000BA3A0B08303B0B0810B50446F8F742FFD5
:1087E000234643F8040B184600F0CEFD04F11400B4
:1087F000FFF784FD04F12C00FFF7A8FC04F144000E
:1088000000F0BEFE00220023A265E26522666266D9
:10881000A26684F8D230C4F8E43084F86D3004F1F4
:108820006E0204F1D20122F8023B8A42FBD10C23F2
:10883000204684F8D83010BD38B5064C23683BB9C3
:10884000EC20F7F72AFC054608B1FFF7C5FF2560C5
:10885000206838BD44030020002370B586B004931F
:108860008B6804460E4602AD33B102222846984773
:10887000F3680593B36804936A4695E8030004F12E
:10888000DC0382E8030093E8030085E8030092E834
:10889000030083E80300049AD4F8E430D4F8E81025
:1088A000C4F8E420059A04930591C4F8E8201BB1AC
:1088B000032229462846984706B070BD01230020B0
:1088C00030B531F8134031F810509AB20133A54257
:1088D00038BF1046052BF4D130BD000070B50446FA
:1088E00094F86D3008460133DBB2052B08BF002336
:1088F00084F86D3094F86D6005F004FEB50086B91B
:10890000A16E05F04BFD4FF07C5105F04FFEA065C8
:108910002C44094DA06D294605F0E6FF00B1A56580
:1089200070BD6619716D05F039FD4FF07C5105F091
:108930003DFEB065ECE700BF0000204137B590F880
:108940006D300446163350F823501649284605F07A
:10895000CBFFC8B92846144905F0C6FFB0B9284670
:10896000124905F0C1FF002814BF0E230F2394F80D
:10897000D8209A4213D084F8D8308DF80730D4F834
:10898000E4302BB904F0FDFD0C23F0E70D23EEE7F6
:10899000D4F8E8300DF1070104F1DC00984703B08A
:1089A00030BD00BF000048420000C84200004843FC
:1089B000B1F5AF7F084608B577DB40F21622A1F586
:1089C000AF7399B291420DD8184605F045F93AA314
:1089D000D3E9002305F0D4FA04F0D6FD05F068FCD5
:1089E00080B208BD40F23553984210DC05F034F9EE
:1089F00033A3D3E9002304F0E1FF33A3D3E9002339
:108A000005F0BEFA0022464B04F0DAFFE4E740F23C
:108A1000E56398420DDC05F01FF92DA3D3E900238F
:108A200004F0CCFF00223F4B05F0AAFA00223E4B97
:108A3000EAE740F6F71398420FDC05F00DF926A39C
:108A4000D3E9002304F0BAFF25A3D3E9002305F0FE
:108A500097FA25A3D3E90023D6E740F60B73984293
:108A60000FDC05F0F9F822A3D3E9002304F0A6FFF8
:108A700021A3D3E9002305F083FA21A3D3E900233E
:108A8000C2E741F28733984211DC05F0E5F81EA3F6
:108A9000D3E9002304F092FF1DA3D3E9002305F0DE
:108AA0006FFA1DA3D3E90023AEE7002099E74FF446
:108AB000FA7096E7AFF300800AD7A3703D0A25400D
:108AC000A4703D0AD7A78B40F6285C8FC2F52140E1
:108AD0000000000000D69440D7A3703D0A979B4049
:108AE00085EB51B81E852F400000000000E0624079
:108AF0005C8FC2F528EEA340295C8FC2F5282A407E
:108B00000000000000206940D7A3703D8A17AE40E6
:108B100014AE47E17A1417400000000000D0724004
:108B20000080494000002140004059400000000002
:108B300008B58BB2B3F5967F084604D2062190FBA8
:108B4000F1F080B208BDB1F5FA7F10DAA1F59670A8
:108B500005F082F80022304B05F0E8F800222F4B98
:108B600004F02EFF04F010FD05F0A2FBE9E7B1F5DB
:108B70007A7F0BDAA1F5FA7005F06EF81EA3D3E93F
:108B8000002305F0D3F80022254BE9E740F2CD435E
:108B900099420BDCA1F57A7005F05EF80022214BBA
:108BA00005F0EEF916A3D3E90023D9E7B1F57A6F02
:108BB0000BDAA1F6B83005F04FF80FA3D3E9002384
:108BC00005F0B4F80022184BCAE741F28733994206
:108BD0000CDCA1F57A6005F03FF80BA3D3E9002384
:108BE00005F0A4F80AA3D3E90023B9E74FF4FA701B
:108BF000A8E700BFAFF300809A9999999999B93F76
:108C00000000000000C062409A9999999999C93F63
:108C10000000000000C072400000D03F000049404A
:108C2000000059400000444000006940000000007E
:108C300008B58BB20C2B08460CD805F00DF832A302
:108C4000D3E9002305F09CF904F09EFC05F030FB0D
:108C500080B208BD232910DC04F0FEFF2CA3D3E969
:108C6000002304F0ABFE2CA3D3E9002305F088F920
:108C700000223D4B04F0A4FEE6E737290EDC04F0A9
:108C8000EBFF27A3D3E9002304F098FE26A3D3E942
:108C9000002305F075F90022344BEBE796290FDC31
:108CA00004F0DAFF22A3D3E9002304F087FE22A315
:108CB000D3E9002305F064F921A3D3E90023D9E720
:108CC000FA290ADC04F0C8FF1FA3D3E9002304F04B
:108CD00075FE1FA3D3E90023CCE7B1F5FA7F0EDCC4
:108CE00004F0BAFF1CA3D3E9002304F067FE0022BE
:108CF0001F4B05F045F91AA3D3E90023BAE74FF457
:108D0000FA70A6E7AFF30080B81E85EB51B8CE3FEE
:108D1000333333333333284014AE47E17A14DE3F24
:108D20000000000000C041409A9999999999D93F53
:108D30000000000000C04B40666666666666FE3F47
:108D40000000000000E062400000000000D062402F
:108D500000000000002069400000000000506F404B
:108D60000000000000D0724000804940004059409F
:108D70000000F43F0000000008B58BB2362B084617
:108D80000BD804F069FF26A3D3E9002305F0F8F817
:108D900004F0FAFB05F08CFA07E09A2907DCA1F150
:108DA000370000EBD0704010333080B208BDFE2990
:108DB00004DCA1F19B0040106530F6E7B1F5B17F0E
:108DC00004DCA1F1FF0040109730EEE7B1F5D47F4D
:108DD0000FDC6FF4B172104404F03EFF12A3D3E92C
:108DE000002305F0CDF812A3D3E9002304F0E8FD39
:108DF000CEE7B1F5177F0DDA6FF4D473184404F0A1
:108E00002BFF0DA3D3E9002305F0BAF80CA3D3E997
:108E10000023EBE74FF4FA70C8E700BFAFF3008020
:108E200048E17A14AE47F13F666666666666E63FDD
:108E30000000000000206940CDCCCCCCCCCCEC3F75
:108E40000000000000D0724070B508460E4604F0E5
:108E500015FF04460D463046002105F059FD88B146
:108E60003046534905F040FD60B141A3D3E90023EA
:108E70002046294605F084F804F086FB05F018FA30
:108E800080B270BD30464B4905F02EFD78B100220E
:108E9000494B2046294604F091FD37A3D3E900232E
:108EA00005F06EF80022454B04F08AFDE4E73046F9
:108EB000434905F019FD68B10022424B204629467E
:108EC00004F07CFD2EA3D3E9002305F059F800221D
:108ED0003D4BE9E730463D4905F006FD70B1002203
:108EE0003B4B2046294604F069FD25A3D3E9002326
:108EF00005F046F824A3D3E90023D5E730463549E9
:108F000005F0F2FC70B10022334B2046294604F0F4
:108F100055FD1FA3D3E9002305F032F81EA3D3E9C2
:108F20000023C1E720461EA3D3E90023294605F00C
:108F30006FF970B10022294B2046294604F03EFD0E
:108F40000DA3D3E9002305F01BF817A3D3E90023F1
:108F5000AAE7204612A3D3E90023294605F06CF9BD
:108F6000002814BF4FF4FA7000208AE7AFF30080A6
:108F70000AD7A3703D0AB73F9A9999999999B93F31
:108F8000B81E85EB51B8AE3F0000000000E0624023
:108F9000333333333333C33F0000000000206940D4
:108FA00033333333333349400000000000D0724084
:108FB000000090400000184100001240008049402D
:108FC0000000484100002340004059400000784123
:108FD000000029400000F44100002F4000803E4086
:108FE0002DE9F04F044641F2883541F28937ADF55D
:108FF000657D043000F054FA6268A16804F1140041
:10900000FFF792FB04F12C00FFF7BEF804F14400D7
:1090100000F0DAFAB4F91E1020464B1C9BB2BB429A
:1090200088BF2946FFF7C4FCB4F91C10ADF82C0129
:109030004B1C9BB2BB4288BF29462046FFF778FDF8
:1090400094F840504BAE7080002D00F0788120469F
:10905000B4F93C10FFF7ECFDB0802DB12046B4F917
:109060003E10FFF789FE0546F580656CBB49284632
:1090700005F058FC00B1B94D29462046FFF7E4FE43
:10908000314630812046FFF719FC762384F85430AE
:10909000002840F05681332384F8553036F81010FC
:1090A0002046FFF71BFC2046FFF748FC00F0E8FED7
:1090B000D4F8D430C01AB0F57A7F40F23C8100F089
:1090C000DFFE41F28935C4F8D40041F28830B4F9AA
:1090D0001E2094F8D230511C89B2A94288BF0246A2
:1090E00004EB43010133DBB2312B88BF0023A1F82D
:1090F0006E2084F8D23001F051FA002800F01B8174
:10910000A06804F0BBFDCDE94201606804F0B6FD43
:1091100041F28832CDE9440141F28931B4F91E505F
:10912000B4F91C606B1C9BB28B4288BF1546731C44
:109130009BB28B4288BF164694F84030002B00F05B
:109140001A81B4F93C70B4F93E9094F8543094F814
:1091500055B0479394F86D30163354F8230004F05B
:109160008DFD00227E4B04F00BFFD4F844A0CDE926
:1091700048015046794905F0D5FB08B1DFF8DCA17C
:10918000B4F9D0200DF5B4784092B4F9CE203F92D6
:10919000B4F9CC203E92B4F9CA203D92B4F9C8206B
:1091A0003C92B4F9C6203B92B4F9C4203A92B4F987
:1091B000C2203992B4F9C0203892B4F9BE20379257
:1091C000B4F9BC203692B4F9BA203592B4F9B8207B
:1091D0003492B4F9B6203392B4F9B4203292B4F98F
:1091E000B2203192B4F9B0203092B4F9AE202F926F
:1091F000B4F9AC202E92B4F9AA202D92B4F9A8208B
:109200002C92B4F9A6202B92B4F9A4202A92B4F996
:10921000A2202992B4F9A0202892B4F99E20279286
:10922000B4F99C202692B4F99A202592B4F998209A
:109230002492B4F996202392B4F994202292B4F99E
:1092400092202192B4F990202092B4F98E201F929E
:10925000B4F98C201E92B4F98A201D92B4F98820AA
:109260001C92B4F986201B92B4F984201A92B4F9A6
:1092700082201992B4F980201892B4F97E201792B6
:10928000B4F97C201692B4F97A201592B4F97820BA
:109290001492B4F976201392B4F974201292B4F9AE
:1092A00072201192B4F970201092B4F96E200F92CE
:1092B0002268D2E9020104F0FBFF80B20E90504612
:1092C00004F0DCFCDDE94834CDE90A34479B254A4B
:1092D000CDE90C01CDE90793DDE9443440F22621C4
:1092E000CDE90234DDE942344046CDE90034CDE930
:1092F0000567CDF824B0049501F0A0F91A494EA8ED
:1093000001F0F1FA184952A801F0EDFA164956A8F1
:1093100001F0E9FA56AB52AA4EA94E20CDF80080D2
:10932000FBF7D8FB56A801F094FA52A801F091FA85
:109330004EA801F08EFA0DF5657DBDE8F08F284648
:109340008AE6012801D13423A6E6022801D135237B
:10935000A2E603280AD136239EE600BF0000484259
:10936000000024404B3B0B08AA380B0804287FF46C
:1093700095AE392390E64FF0FF37B946E5E600BFDA
:109380000368C9B29B681847044A02604260012220
:109390000281032282720022C2607047000080BFF7
:1093A00038B5044604F0BAF8402103F077FC04F025
:1093B000B5F80021FFF7E4FF04F0B0F803F075FC06
:1093C000002840D1192002F03BFE04F0A7F8042247
:1093D000402103F05CFCC0B2042836D104F09EF8B2
:1093E00003685B699847054604F098F803685B6971
:1093F000984740EA052080B205F080F84FF05E51B2
:1094000005F0D4F8124905F0D1F8124904F0C4FF70
:10941000606004F083F803685B699847054604F0D0
:109420007DF803685B69984740EA052080B205F043
:1094300065F84FF05E5105F0B9F8074905F0B6F848
:109440002060072038BD0120FCE70220FAE700BFBA
:1094500000002543000020420000C84208B504F087
:109460005DF8402103F01AFC04F058F80221FFF7E0
:1094700087FF04F053F81021FFF782FF04F04EF845
:109480000021FFF77DFF04F049F803F00EFC20B93E
:10949000192002F0D5FD072008BD0120FCE70000DF
:1094A00010B5037A04468CB0002B53D0837A002B7E
:1094B00050D0FFF7D3FF07282BD14FF480732381BF
:1094C00000F0DEFC2046FFF76BFF072847D0264B55
:1094D0006360236000F0D4FC2449E060684601F03A
:1094E00002FA234904A801F0FEF9224908A801F074
:1094F000FAF9694608AB04AA5320FBF755FB08A804
:1095000001F0A7F904A801F0A4F9684601F0A1F957
:1095100023E0A37A013BDBB2A372DBB923721649C5
:10952000684601F0E0F9124904A801F0DCF913499A
:1095300008A801F0D8F9694608AB04AA5320FBF744
:1095400033FB08A801F085F904A801F082F9684608
:1095500001F07FF9637A002BB2D10CB010BD00F09E
:109560008FFCE060F9E700BF000080BFB03C0B0853
:109570008B3C0B08B63C0B08853C0B089B3C0B084E
:10958000044A026001228280032282710022C0E923
:1095900002227047000080BF10B504460A2003F085
:1095A000F8FE04F059FB06A3D3E9002304F0BEFB48
:1095B00004F09EFE2060072010BD00BFAFF30080C6
:1095C0000000000000C8E93F10B5037904465BB114
:1095D00083794BB100210A2003F09EFE4FF4807383
:1095E000A38000F04DFCE0606379CBB100F048FC53
:1095F000E368C01A0B4B984212D900F041FC41F2CB
:109600008732A368C01A904200D84BB92046FFF7B2
:10961000C3FF07281CBF044B236000F031FCA0608F
:1096200010BD00BF1FBF0200000080BF012A03461B
:1096300002D1016000207047022A04BFD1E9000175
:10964000C3E90001F6E7012310B5037483680446FB
:1096500043B1C0689847012300206374BDE81040FF
:1096600000F006BD00680028F5D083680BB903F050
:1096700088FFC368EEE7034610B442681B685410C5
:1096800001EB6200D20748BF0A5910BC48BFD3584B
:1096900018470EB410B50023016820208DB00FAA22
:1096A00052F8044BCDE90403CDE9004203920120B6
:1096B00004AA00F029FE0DB0BDE8104003B07047C9
:1096C0000EB410B50023016820208DB00FAA52F807
:1096D000044BCDE90403CDE9004203921E2004AA05
:1096E00000F012FE0DB0BDE8104003B070470EB49C
:1096F00010B50023016820208DB00FAA52F8044B4A
:10970000CDE90403CDE900420392322004AA00F01F
:10971000FBFD0DB0BDE8104003B07047F7B505463E
:10972000002000F053FE012805D023492348FFF70D
:10973000DEFF03B0F0BD85F8290005F1080000F058
:1097400057FC0420F6F7A9FC044698B314201C49E2
:1097500003F013FF30B10023C0E90033C0E9023346
:10976000037443742060A0B1164B0222C0E9023595
:109770004FF400631449CDE90003144B043000F0AA
:10978000FFFB30B923681B7CA3B9012000F068FB04
:10979000F8E700232668236066B1376837B138469A
:1097A000F6F732FE1021384603F0E5FE142130466C
:1097B00003F0E1FE6C60BCE7D13C0B0848030020DD
:1097C00061410B08179A0A08F43C0B0847960A08EF
:1097D00047F23051084AC160026000220749C0E9DF
:1097E0000822C0E9041206494260C16105490285A8
:1097F000816180F82A207047D83E0B08019C0A0836
:1098000077960A082D960A0810B50446034B40F8CF
:10981000103BF6F7F9FD204610BD00BFD83E0B08FF
:1098200010B50446024B0360FFF7EEFF204610BD63
:10983000003F0B0810B50446FFF7F2FF2046382121
:1098400003F099FE204610BD806800F0D9BB806807
:1098500000F0DEBB10B504460068FFF7F8FF2046B5
:1098600010BD13B504460190FFF7EEFFE36ADC88F4
:10987000A4B20CB103F1080401A8FFF7EBFF2046E6
:1098800002B010BD13B504460190FFF7DDFF0023C1
:10989000E26A0948D380E16A84F8283008316163BC
:1098A000636293880549D288FFF7F3FE01A8FFF7AA
:1098B000D1FF012002B010BD48030020063D0B0877
:1098C00013B504460190FFF7BFFFE36A01A8DC88E7
:1098D000FFF7C0FF204602B010BD00002DE9F047A1
:1098E000994690F8293086B004460F4616469DF8F2
:1098F00038A09DF83C8013B903689B689847394BA2
:109900003846002E08BF1E4606F0EEFB05463046E0
:1099100006F0EAFB05440A35AB071CBF25F003053A
:10992000043533463A46CDE90285CDE9009A2E4901
:109930002E48FFF7C5FE238E083BAB4212D200240F
:10994000204606B0BDE8F087DB88012B47D005A88C
:10995000FFF780FF236820469B6994F828109847FA
:109960000028ECD020460594FFF76EFFE36A218EB5
:10997000626B1944891AA942E6D3D21A1C491B48C2
:10998000FFF787FE636B48EA0A0883F80480DD80EE
:10999000C3F80090636B394603F10808404605F0B0
:1099A0001DFE404606F0A0FB01303146404405F064
:1099B00015FE636B1D44E36A6563DA88013292B277
:1099C000DA80616BE36A208ECB1A00900949074860
:1099D000FFF75FFE012405A8FFF73CFFB0E7002476
:1099E000F9E700BFAA380B08273D0B084803002001
:1099F000683D0B08843D0B08044608B500F11005CE
:109A0000A3690BB903F0BDFD21462846E3699847D9
:109A100000F0BEFAF4E708B5FFF7EEFF38B50346ED
:109A200014460D46FFF7D4FE034A18461A6000227A
:109A3000DD621C865A6338BD003F0B0838B501F162
:109A400008040546204606F04FFB0130044420463A
:109A500006F04AFBEB6A01302044C31A13F00303FB
:109A60001CBFC3F10403C01838BD00002DE9FF4737
:109A700004460F460390FFF7E7FEE56AEB8805F121
:109A80000806002F34D0012B3BD931462046FFF782
:109A9000D5FF064631462046FFF7D0FF8046636B70
:109AA000B4F830905B1B0193431B3A460093164970
:109AB000A0EB060A731B1548FFF7EBFD05EB090247
:109AC000B2EB080203D04146304605F091FA636BD1
:109AD0000E48A3EB0A036363EA880127013A92B2B6
:109AE000EA80616BE36ACB1A0949FFF7D2FD01E016
:109AF000002BCFD103A8FFF7ADFE384604B0BDE878
:109B0000F0870027F6E700BFB13D0B0848030020AF
:109B1000F03D0B082DE9F041C56A1D4F2B68044646
:109B2000BB421FD1AB88028E9BB293421AD14FF039
:109B30000008EA881749184892B2EE18FFF7A9FD05
:109B4000E36A08336363EB881FFA88F29BB293429F
:109B5000616B0FD92046FFF771FFB042606308F1D7
:109B60000108F0D92F60238EAB800023EB80E36ADD
:109B700008336363616BEA88E36A0748CB1A92B2E1
:109B80000649FFF786FD2046BDE8F041FFF7C6BD58
:109B900061AB9CD1223E0B0848030020383E0B08E5
:109BA00010B5D1E90023002186B0044604910AB91A
:109BB000D90705D5CDE902230F4B05930F4B04932D
:109BC0006A4602AB93E8030082E8030094E80300CE
:109BD00083E8030092E80300049A84E80300A16884
:109BE000A260059A0491E1681846E2600591F6F7D3
:109BF0000BFC204606B010BD77960A082D960A0881
:109C000007B5054B69460093002310300193FFF719
:109C1000C7FF03B05DF804FB499C0A0813B504466E
:109C200000F02EF9636AC01AE368984208D3054B26
:109C300069460093002304F110000193FFF7B0FF81
:109C400002B010BD499C0A082DE9F04190F82A3075
:109C5000044686B0002B40D100F0A0FC00283CD088
:109C600000F00EF9636AC01A40F2F133984234D919
:109C7000236820465B699847054670B3012300F1CD
:109C8000080784F82830384606F02EFA95F8048044
:109C9000461CCDF804802B683E443A4626492748A6
:109CA00000933346FFF70CFD2B68324639468DF89A
:109CB000008002A802F00EFC029D6B7883B901209F
:109CC00002F0BEF994F82830002BF5D11C491B484E
:109CD000FFF7F6FC03A8FBF75BFD06B0BDE8F081DB
:109CE000002000F063FB20B16B7813B900F046FC54
:109CF000FAE72B78012B0FD112491048FFF7E0FC4F
:109D00002368002120469B699847002384F8283067
:109D100000F0B6F86062DDE7E2680B490748FFF73C
:109D2000CFFC0A4B04A90493002304F1100005930F
:109D3000FFF736FFE9E700BF593E0B084803002054
:109D40007A3E0B088B3E0B08A23E0B081D9C0A08AE
:109D5000014B024A1A60704748030020C73E0B08B7
:109D600008B5024B1B685B68019308BDB00106088B
:109D700008B5024B1B689B68019308BDB00106083B
:109D800008B5024B1B68DB68019308BDB0010608EB
:109D900008B5024B1B681B69019308BDB00106089A
:109DA00008B5024B1B685B69019308BDB00106084A
:109DB00008B5024B1B689B69019308BDB0010608FA
:109DC00008B5024B1B68DB69019308BDB0010608AA
:109DD00008B5024B1B689B6A019308BDB0010608D9
:109DE00008B5024B1B681B6B019308BDB001060848
:109DF00008B5024B1B685B6E019308BDB0010608F5
:109E000008B5024B1B689B6E019308BDB0010608A4
:109E100008B5024B1B681B6F019308BDB001060813
:109E200008B5024B1B685B6F019308BDB0010608C3
:109E300008B5024B1B689B6F019308BDB001060873
:109E400008B5024B1B68DB6F019308BDB001060823
:109E500008B5024B1B685B68019308BD9C010608AE
:109E600008B5024B1B689B68019308BD9C0106085E
:109E700008B5024B1B68DB68019308BD9C0106080E
:109E800008B5024B1B685B69019308BD9C0106087D
:109E900008B5024B1B689B6A019308BD9C0106082C
:109EA00008B5024B1B68DB6A019308BD9C010608DC
:109EB00008B5024B1B681B6B019308BD9C0106088B
:109EC00008B5024B1B689B6B019308BD9C010608FB
:109ED00008B5024B1B68DB6B019308BD9C010608AB
:109EE00008B5024B1B685B6C019308BD9C0106081A
:109EF00008B5024B1B689B6C019308BD9C010608CA
:109F000008B5024B1B68DB6C019308BD9C01060879
:109F100008B5024B1B689B6D019308BD9C010608A8
:109F200008B5024B1B68DB6D019308BD9C01060858
:109F300008B5024B1B685B6E019308BD9C010608C7
:109F400008B5024B1B689B6E019308BD9C01060877
:109F500008B5024B1B689B6D019308BDB80106084C
:109F600008B5024B1B685B6E019308BDB80106087B
:109F700008B5024B1B68DB6E019308BDB8010608EB
:109F800008B5024B1B685B68019308BDD001060849
:109F900008B5024B1B68DB68019308BDD0010608B9
:109FA00008B5024B1B68DB69019308BDD0010608A8
:109FB00008B5024B1B681B6A019308BDD001060857
:109FC00008B5024B1B685B6A019308BDD001060807
:109FD00008B5024B1B689B6A019308BDD0010608B7
:109FE00008B5024B1B68DB6A019308BDD001060867
:109FF00008B5024B1B681B6B019308BDD001060816
:10A0000008B5024B1B689B6B019308BDD001060885
:10A0100008B5024B1B681B6C019308BDD0010608F4
:10A0200008B5024B1B685B6C019308BDD0010608A4
:10A0300008B5024B1B689B6C019308BDD001060854
:10A0400008B5024B1B68DB6C019308BDD001060804
:10A0500008B5024B1B685B6D019308BDD001060873
:10A0600008B5024B1B689B6D019308BDD001060823
:10A0700008B5024B1B68DB6E019308BDD0010608D2
:10A0800008B5024B1B681B6F019308BDD001060881
:10A0900008B5024B1B689B69019308BDC401060803
:10A0A00008B5024B1B681B6A019308BDC401060872
:10A0B00008B5024B1B685B6A019308BDC401060822
:10A0C00008B5024B1B689B6A019308BDC4010608D2
:10A0D00008B5024B1B68DB6A019308BDC401060882
:10A0E00008B5024B1B681B6B019308BDC401060831
:10A0F00008B5024B1B685B6B019308BDC4010608E1
:10A1000008B5024B1B689B6B019308BDC401060890
:10A1100008B5024B1B681B6C019308BDC4010608FF
:10A1200008B5024B1B68DB6C019308BDC40106082F
:10A1300008B5024B1B68DB6C019308BDAC01060837
:10A1400008B5024B1B689B6D019308BDAC01060866
:10A1500008B5024B1B68DB6D019308BDAC01060816
:10A1600008B5024B1B681B6E019308BDAC010608C5
:10A1700008B5024B1B685B6E019308BDAC01060875
:10A1800008B5024B1B689B6E019308BDAC01060825
:10A1900008B5024B1B68DB6E019308BDAC010608D5
:10A1A00008B5024B1B681B6F019308BDAC01060884
:10A1B00008B5024B1B685B6F019308BDAC01060834
:10A1C00008B5034B1B68D3F88030019308BD00002D
:10A1D000AC01060808B5034B1B68D3F89030019317
:10A1E00008BD0000AC01060808B5024B1B68DB691E
:10A1F000019308BDB401060808B5024B1B681B6A31
:10A20000019308BDB401060808B5024B1B681B6822
:10A21000019308BDD801060808B5024B1B685B68AE
:10A22000019308BDD801060808B5024B1B689B685E
:10A23000019308BDD801060808B5024B1B681B69CD
:10A24000019308BDD801060808B5024B1B685B697D
:10A25000019308BDD801060808B5024B1B689B692D
:10A26000019308BDD801060808B5024B1B68DB69DD
:10A27000019308BDD801060808B5024B1B681B6A8C
:10A28000019308BDD801060808B5024B1B689B6CFA
:10A29000019308BDC001060808B5024B1B681B6E80
:10A2A000019308BDC001060808B5024B1B685B6836
:10A2B000019308BDA801020808B5024B1B689B6802
:10A2C000019308BDA801020808B5024B1B68DB68B2
:10A2D000019308BDA801020808B5024B1B689B69E1
:10A2E000019308BDA801020808B5024B1B68DB6991
:10A2F000019308BDA801020808B5024B1B685B6BFF
:10A30000019308BDA801020808B5024B1B685B6DEC
:10A31000019308BDA801020808B5024B1B68DB6E5B
:10A32000019308BDA801020808B5024B1B681B6F0A
:10A33000019308BDA801020808B5034B1B68D3F8B8
:10A340008030019308BD0000A801020808B5024B47
:10A350001B681B68019308BDA401060808B5024BE1
:10A360001B685B68019308BDA401060808B5024B91
:10A370001B685B69019308BDA401060808B5024B80
:10A380001B681B6A019308BDA401060808B5024BAF
:10A390001B68DB6A019308BDA401060808B5024BDF
:10A3A0001B689B6B019308BDA401060808B5024B0E
:10A3B0001B68DB6C019308BDA401060808B5024BBD
:10A3C0001B685B6D019308BDA401060808B5024B2C
:10A3D0001B689B6D019308BDA401060808B5024BDC
:10A3E0001B68DB6D019308BDA401060808B5024B8C
:10A3F0001B689B6F019308BDA401060808B5024BBA
:10A400001B68DB6F019308BDA401060808B5034B68
:10A410001B68D3F88430019308BD0000A40106082E
:10A4200008B5034B1B68D3F89030019308BD0000BA
:10A43000A401060808B5034B1B68D3F89C300193B0
:10A4400008BD0000A401060808B5034B1B68D3F83B
:10A45000B430019308BD0000A401060808B5024B02
:10A460001B681B68019308BDC801060808B5024BAC
:10A470001B685B68019308BDC801060808B5024B5C
:10A480001B689B68019308BDC801060808B5024B0C
:10A490001B68DB68019308BDC801060808B5024BBC
:10A4A0001B681B69019308BDC801060808B5024B6B
:10A4B0001B685B69019308BDC801060808B5024B1B
:10A4C0001B689B69019308BDC801060808B5024BCB
:10A4D0001B68DB69019308BDC801060808B5024B7B
:10A4E0001B681B6A019308BDC801060808B5024B2A
:10A4F0001B685B6A019308BDC801060808B5024BDA
:10A500001B689B6A019308BDC801060808B5024B89
:10A510001B68DB6A019308BDC801060808B5024B39
:10A520001B681B6B019308BDC801060808B5024BE8
:10A530001B685B6B019308BDC801060808B5024B98
:10A540001B681B6C019308BDC801060808B5024BC7
:10A550001B685B6C019308BDC801060808B5024B77
:10A560001B681B68019308BDCC01060808B5024BA7
:10A570001B685B68019308BDCC01060808B5024B57
:10A580001B689B68019308BDCC01060808B5024B07
:10A590001B68DB68019308BDCC01060808B5024BB7
:10A5A0001B685B69019308BDCC01060808B5024B26
:10A5B0001B681B6A019308BDCC01060808B5024B55
:10A5C0001B681B6B019308BDCC01060808B5024B44
:10A5D0001B68DB6B019308BDCC01060808B5024B74
:10A5E0001B685B6C019308BDCC01060808B5024BE3
:10A5F0001B681B68019308BDA001060808B5024B43
:10A600001B685B68019308BDA001060808B5024BF2
:10A610001B689B68019308BDA001060808B5024BA2
:10A620001B681B69019308BDA001060808B5024B11
:10A630001B689B69019308BDA001060808B5024B81
:10A640001B68DB69019308BDA001060808B5024B31
:10A650001B681B6A019308BDA001060808B5024BE0
:10A660001B685B6A019308BDA001060808B5024B90
:10A670001B68DB6A019308BDA001060808B5024B00
:10A680001B681B6B019308BDA001060808B5024BAF
:10A690001B68DB6B019308BDA001060808B5024BDF
:10A6A0001B685B6C019308BDA001060802460B689D
:10A6B00008469B681146184770B50E4C002504608B
:10A6C0001C24C0E901459DF814409DF8106004F079
:10A6D000030444EA8604E4B204744274857441615C
:10A6E000427CC5600F2A0ABF034B0383C0E90630D2
:10A6F00070BD00BF80310B08ADA60A080F2B08BF44
:10A70000012300EBC1018B72BDF800304A600B8160
:10A71000704770B5002604460D4640F8086FFFF7F5
:10A720007FFC28462570FFF75FFD2046666070BD00
:10A7300007B50B4600210246009101208C21FFF74E
:10A7400083FE03B05DF804FB01460020FFF7F0BF75
:10A750000020FFF7F9BF07B500220346114600921B
:10A760000320FFF771FE03B05DF804FB0222002016
:10A7700010B5084B084C1A60084B2060A080A071EF
:10A78000A360FFF7EBFD2046BDE81040044A0549F1
:10A7900002F0ECBE580300204C0300200000FFFF35
:10A7A000500200208D030A0810B5044605F09CFCF9
:10A7B000431E20462344834206D90278197800F8C4
:10A7C000011B03F80129F6E710BD70B50C46911E78
:10A7D000222922D8254668B1B0FBF2F602FB16000A
:10A7E000C1B2092894BF30315731C9B2304605F89B
:10A7F000011BF0E72A4630212344934202D902F894
:10A80000011BFAE75A1BAB4238BF00220023204647
:10A81000AB54FFF7C9FF204670BD0020FCE738B5F8
:10A82000031E0C4615460DDA2D22B3F1004F0CBF66
:10A830001846584201230A702A461944FFF7C5FFFB
:10A84000204638BD0123F9E708B50123FFF7BDFF16
:10A8500008BD10B504460068FFF7D0FE204610BDC5
:10A8600010B50446006808B1FFF7C8FE0023C4E92C
:10A870000133236010BD38B504460D460068013130
:10A88000FFF7C4FE10B1C4E90005012038BD10B5C2
:10A890000368044623B143688B4201D3012010BDF5
:10A8A0002046FFF7E8FF0028F9D0A368002BF5D178
:10A8B00022681370F2E770B50E461146044615463D
:10A8C000FFF7E5FF20B92046FFF7CAFF204670BD1D
:10A8D0002A4631462068A56004F07CFB00212268EE
:10A8E000A368D154F2E738B5002304460D46C0E909
:10A8F00000338360037339B1084605F0F5FB294640
:10A9000002462046FFF7D7FF204638BD38B505463A
:10A9100000680C4668B16A688B689A4207D3096878
:10A9200004F05CFEA368AB600023A36038BDFFF7B2
:10A9300065FE23682B6063686B60A368AB600023CF
:10A94000C4E90033F1E7002310B50446C0E9003341
:10A9500083600373FFF7DAFF204610BD884210B50D
:10A960000B46044604D0096821B19A68FFF7A3FF9B
:10A97000204610BDFFF774FFFAE7002310B5044628
:10A98000C0E9003383600373FFF7E8FF204610BD82
:10A99000884210B5044601D0FFF7B8FF204610BD2D
:10A9A00038B505460C4649B1084605F09DFB2146E1
:10A9B00002462846FFF77FFF284638BDFFF750FFC5
:10A9C000FAE71FB5044600230846C4E90033A36034
:10A9D000237301A9FFF738FF204601A9FFF7E0FF25
:10A9E000204604B010BD10B5002304468AB0C4E967
:10A9F0000033A3602373084601A9FFF710FF204628
:10AA000001A9FFF7CDFF20460AB010BD70B505467D
:10AA10000E4609B9002070BD6AB18468144421460D
:10AA2000FFF735FF0028F5D02868AB683146184499
:10AA300004F0D4FDAC600120EDE78A680968FFF7F7
:10AA4000E5BF38B505460C46084641B105F04CFB5C
:10AA5000214602462846BDE83840FFF7D7BF38BD3B
:10AA600010B58A6809680446FFF7D0FF10B9204680
:10AA7000FFF7F6FE204610BD38B504460D4621B955
:10AA80002046FFF7EDFE204638BD084605F02CFBBA
:10AA9000294602462046FFF7B9FF0028F0D0F2E72A
:10AAA000024600680B46096858B141B9916851B136
:10AAB00000787047986838B109784842704704F0C8
:10AAC00083BD0029F6D10846704708B582688B68B7
:10AAD0009A4205D1FFF7E4FFB0FA80F0400908BDC3
:10AAE0000020FCE708B582683AB921B10878B0FACD
:10AAF00080F0400900E0012008BD006809B9007835
:10AB0000F5E704F061FDF2E783688B4203D9006842
:10AB100010B1405C704700207047FFF7F5BF58B593
:10AB20000E462AB121B18468A34202D300230B70E0
:10AB300058BDE41A013A944228BF144601682246DF
:10AB40001944304605F0EAFA00233355F0E70000D7
:10AB5000F8B51D469A4288BF13460F46144688BF73
:10AB60002C460B4988BF1D460646FFF7BCFEBA6857
:10AB7000A2420AD33968AA4294BFC4EB0202C4EBD2
:10AB8000050230462144FFF796FE3046F8BD00BF6F
:10AB9000AA380B0838B50446A36808468B4211D979
:10ABA00082B111448B4238BF1A1A2568991A1318BA
:10ABB000A1600A1AE918284404F01AFA0021226850
:10ABC000A368D154204638BD006808B104F0F1B83C
:10ABD000704708B5006820B104F0E8F803F088FB7E
:10ABE00008BD0020FCE7F8B506460D4600248F1886
:10ABF000BD420CD0336830469B6815F8011B98475E
:10AC0000031E01DB1C44F3E7002C08BF1C46204652
:10AC1000F8BD70B505460C46084649B105F064FA22
:10AC20002B68024621462846BDE87040DB6818477D
:10AC300070BD03689B68184738B50D210546FFF7BE
:10AC4000F8FF0A2104462846FFF7F3FF204438BDE9
:10AC50000023012A98BF0A2230B58BB00C468DF82C
:10AC6000243009A92546B4FBF2F404FB1253DBB2ED
:10AC7000092B94BF30333733DBB2AA4201F8013DD0
:10AC8000F0D9FFF7C6FF0BB030BD2DE9F04186B01B
:10AC900000AF05460E46381D142114463B60FFF7F1
:10ACA000DDFC13280ED82846391DFFF7B2FF0446F5
:10ACB0001EB12846FFF7C0FF044420461837BD46A2
:10ACC000BDE8F08100F1080323F00703E846ADEB8F
:10ACD000030D2246411C3B686846FFF7BFFC6946EE
:10ACE0002846FFF796FF0446C546E1E780680368FB
:10ACF000DB6818477047084611B10B685B68184756
:10AD0000704770477047704738B504460D46006875
:10AD10002E2104F04FFC23680246C01A286020B19F
:10AD2000137803B101322068226038BD10B50446A3
:10AD30000C2102F020FC204610BD10B50446042171
:10AD400002F019FC204610BD10B50446042102F0A3
:10AD500012FC204610BD08B504F036FCB0FA80F0B5
:10AD6000400908BD10B50C4601F0EEFD844205D146
:10AD700001F0EAFDBDE8104001F0DABD01F014FE7B
:10AD8000844202D101F010FEF4E701F0BDFE8442DE
:10AD900005D101F0B9FEBDE8104001F0B2BE2CB102
:10ADA00023682046BDE810405B68184710BD38B5E1
:10ADB000054608460C4605F097F921460246284606
:10ADC000BDE8384002F033BA70B5044608460D4677
:10ADD00005F08AF92368024629462046BDE87040FE
:10ADE000DB68184707B503688DF807100122DB6898
:10ADF0000DF10701984703B05DF804FB0EB403B5ED
:10AE000003AB53F8042B0021006A0193FFF73DFFC9
:10AE100002B05DF804EB03B0704700002DE9F74F76
:10AE20004FF01408D0E9009517464C4608FB05F58D
:10AE30000093AB10174D5D43002D23DD6E1008FB12
:10AE400006F004EB000ABAF804B03A465F4528BFA2
:10AE50005A462058019105F04FF90123019978B91C
:10AE60005F4503D1009A13703546E5E78CBF01209A
:10AE700000200028F8D0AE1B0AF11404013EF3E7CD
:10AE8000C00FF6E7A4EB09040248A410604303B026
:10AE9000BDE8F08FCDCCCCCC7FB50369067E0191A7
:10AEA00003B3F9B1002500F10C04039503A901A82F
:10AEB000FFF72AFF0146A8B10DF10B032046039AC4
:10AEC0008DF80B50FFF7AAFF9DF80B3053B11423F8
:10AED000246803FB0044B4F906300834002BA8BFF3
:10AEE000DEB2E3E7304604B070BD000010B50A4C96
:10AEF0002378BFF35B8FDB070BD42046F5F7E0F830
:10AF000038B12046F5F7E1F8044A0549054802F052
:10AF10002DFB044810BD00BF60030020500200203C
:10AF200005AD0A080000002010B50A4C2378BFF3D5
:10AF30005B8FDB070BD42046F5F7C2F838B120460B
:10AF4000F5F7C3F8044A0549054802F00FFB044829
:10AF500010BD00BF640300205002002003AD0A08AA
:10AF60000400002038B500250446C0E90055C0E9BA
:10AF700004558560856140F8245FFFF751F8FFF7BD
:10AF8000B5FFE061FFF7D0FF25732062204638BD92
:10AF900010B50B4C2378BFF35B8FDB070ED4204634
:10AFA000F5F78EF850B10748FFF7DCFF2046F5F7BC
:10AFB0008CF8054A0549034802F0D8FA014810BD4B
:10AFC0005C0300206C0300205002002053B40A08E8
:10AFD0000023024A02490348FFF7A6B931B30A0821
:10AFE000BDB20A083DB20A0800231A46194618469F
:10AFF000FFF79AB90B68036013B15A6801325A60BF
:10B00000704737B504460D6951F8043B01A8009319
:10B01000FFF7F0FF6A462946204601F0B3FF01A87A
:10B02000FAF7B6FB204603B030BD37B504468D684D
:10B0300051F8043B01A80093FFF7DCFF6A4629465C
:10B04000204602F01BF801A8FAF7A2FB204603B045
:10B0500030BD37B50446CD6851F8043B01A80093D4
:10B06000FFF7C8FF6A462946204601F0E3FF01A822
:10B07000FAF78EFB204603B030BD000070B58AB0F1
:10B080000D46014604A8FFF7D0FF144E04A802F0B5
:10B090000DF8E8B1684604A9FFF7DBFF31460298D6
:10B0A000FFF759FE044610B12C1E18BF012401A859
:10B0B000FAF76EFB002CE9D0684604A9FFF7A1FF60
:10B0C000684601F096FF286001A8FAF761FBDDE70A
:10B0D00005A8FAF75DFB0AB070BD00BF203F0B0862
:10B0E00037B50C4619492046154604F06DFA48B9A3
:10B0F00001F02AFC4FF4165101F016FC01F024FC7B
:10B1000003B030BD2046124904F05EFA40B901F0A8
:10B110004BFC4FF4165101F007FC01F045FCEFE742
:10B1200020460C4904F050FA70B94FF4165301A9A7
:10B1300028460193FFF7A2FF01F0E6FC019901F018
:10B14000DDFC01F0E1FCDBE70020D9E7253F0B083F
:10B150002C3F0B082F3F0B0870B51426D0E9005385
:10B16000044606FB0356AE4205D005F10800FFF782
:10B17000F3FF1435F7E72068FFF740FA204670BD6B
:10B1800070B50446D0E9005305EB0316AE4204D077
:10B190002846FFF75EFB1035F8E72068FFF72EFA28
:10B1A000204670BD10B504460C30FFF7D5FF204691
:10B1B000FFF7E6FF204610BD10B50446034B40F8EC
:10B1C000043BFFF7EFFF204610BD00BFE4300B0843
:10B1D00010B50446FFF7F0FF2046242102F0CBF91A
:10B1E000204610BD10B50446024B0360FFF7E4FF94
:10B1F000204610BDC03F0B0810B50446FFF7F2FF14
:10B200002046242102F0B7F9204610BD0022C0E9F3
:10B210000022826010B50C680A6004604C684A60C5
:10B2200044608C688A60846010BD10B50446036871
:10B230001868FEF70DFF204610BD00002DE9F04F05
:10B2400087B003931C4B80465B688946C3F30803B1
:10B2500016466BB9FFF79CFE044600F12403406AD2
:10B260000593FEF7EDFE237B2BB105A8FFF7DDFF6D
:10B2700007B0BDE8F08F01235FFA89F92373D4E9A1
:10B28000005305EB830AAA4512D055F8047B3146DA
:10B29000381DFFF701FE8145F5D3039A3B68009204
:10B2A000D3F808B04A46334641463846D847EAE71D
:10B2B00000232373D9E700BF00ED00E02DE9F74F2D
:10B2C0009B461A4B80465B688946C3F308031646C3
:10B2D0006BB9FFF75DFE044600F12403406A019359
:10B2E000FEF7AEFE237B2BB101A8FFF79EFF03B054
:10B2F000BDE8F08F0123F6B22373D4E9005305EBC8
:10B30000830A55450ED055F8047B5946381DFFF782
:10B31000C3FD8642F5D33B684A4641463846DB6862
:10B320009847EEE700232373DEE700BF00ED00E05F
:10B330002DE9F341164B05465B680F46C3F308033E
:10B340001BBBFFF725FE044600F12403406A01936E
:10B35000FEF776FED4E90063462406EB8308B04589
:10B3600009D101A8FFF761FFA542B4BF0020012069
:10B3700002B0BDE8F08156F8040B39460430FFF7FF
:10B380008BFD8442A8BF0446E9E70020F0E700BF38
:10B3900000ED00E00B4670B5044605C800EB8202E4
:10B3A000824207D001461D6851F8046BAE4203D0BB
:10B3B0000846F5E7002070BD521A03F019FE6368D5
:10B3C0000120013B6360F6E71FB5044600F124034A
:10B3D000406A01910393FEF733FE204601A9FFF76F
:10B3E000D9FF18B163680BB9FFF7FEFD03A8FFF79B
:10B3F0001CFF04B010BD182370B50446D0E90456F4
:10B4000003FB0656AE4215D0204605F11001FFF7AA
:10B41000C1FF63680BB9FFF7E7FDE06929690368BD
:10B42000DB689847696919B1206A0368DB68984747
:10B430001835E7E71826D4E9045306FB0356AE4255
:10B4400004D02846FFF705FA1835F8E700236361B2
:10B4500070BD73B50446FFF7C7FD04F12403606AAD
:10B460000193FEF7EDFD2046FFF7C5FF01A8FFF7AA
:10B47000DCFE606A08B1FEF7DBFDD4E90453182650
:10B4800006FB0356AE4204D02846FFF7E2F9183512
:10B49000F8E72069FFF7B2F82068FFF7AFF8204619
:10B4A00002B070BD8842F8B506460C46154627D94D
:10B4B000904226D20026A2F114056C1AA1F11407BD
:10B4C0000444AF423DD0A4B12B682360AB88A38075
:10B4D000B5F90630C4E902662661E380AB68A36073
:10B4E000AE60E368EA68E260EB6023692A69226182
:10B4F0002B6105F10800FFF72FFE143D143CE0E737
:10B500001FD00027AC421CD0A6B123683360A388AB
:10B51000B380B4F90630C6E902773761F380A368D7
:10B52000B360A760F368E268F260E36033692269A0
:10B530003261236104F10800FFF70EFE1434143663
:10B54000E0E7F8BDF8B5D0E901539D4204460E4648
:10B5500017460DDB0135002D006804DDA900FFF75B
:10B5600055F818B9F8BDFFF749F800202060A5602C
:10B570002568626805EB86019200A2EB8602081D31
:10B5800003F036FD45F826706368012001336360DF
:10B59000E8E737B5044600F12403406A0D460193FD
:10B5A000FEF74EFDD4E9003103EB810083421A46D9
:10B5B0000AD012680433AA42F8D101A8FFF735FE79
:10B5C0000025284603B030BD2A462046FFF7BAFFC3
:10B5D00005460028F1D06368012B01D1FFF7F8FC84
:10B5E00001A8FFF722FEECE78842F8B504460D46B5
:10B5F000164614D9904213D2A2F11006751AA1F181
:10B6000010072C44B74218D01CB131462046FFF732
:10B610009AF93046FFF71DF9103E103CF2E70CD0C6
:10B62000B5420AD01CB129462046FFF78CF92846BE
:10B63000FFF70FF910351034F2E7F8BD70B50E1EA4
:10B64000054611DD3001FEF7D1FF044658B1D5E9BA
:10B65000001201EB0212FFF7C7FF2868FEF7CEFFCA
:10B6600001202C60AE6070BD0024F6E72DE9F04F9C
:10B6700091460023462297B00391D9F8041004465E
:10B680009942C0E90033C0E90233C0E90433CDE98F
:10B690000A3302760C9323DCD9E90057142303FB09
:10B6A0000757AF423BD029460DA8FFF74CF90DA92B
:10B6B00011A80B9EFFF747F9DDE90B1399421BDA3E
:10B6C0000A9B0B9A03EB0616314603EB021206F1B6
:10B6D0001000FFF789FFEEB90B9B01330B9311E0CC
:10B6E0000AA8FFF7ABFF0028D6D10AA8FFF748FD4C
:10B6F000204617B0BDE8F08F01310AA8FFF79EFF82
:10B700000028DDD111A8FFF7A4F80DA8FFF7A1F8D4
:10B710001435C6E7304611A9FFF715F9DCE7002616
:10B720004FF0140A3746CDE90D660F96DDE90A237E
:10B730009E4280F297803301D35808930BB90136AB
:10B74000F4E70AFB06F3099702930DAD09A908A8CF
:10B75000FFF7DAFA83460028F1D00146099A284615
:10B760000DF11F038DF81F70FFF758FB9DF81F8028
:10B770000190B8F1000F66D1BDF82430CDE91388EF
:10B78000ADF848304FF6FF73CDF844B0ADF84A300D
:10B79000CDF85480D5E9013293421ADB03F1010B55
:10B7A000BBF1000F4ADD0AFB0BF0FEF71FFF049010
:10B7B000002845D0D5E900120AFB0212FFF772FEFD
:10B7C000049B28680493FEF719FF049BC5F808B092
:10B7D0002B60019BD5F800B00AFB03F36A680BEB02
:10B7E000030101F114000AFB02B204910593FFF773
:10B7F00059FE0499A9B1119A059B4BF80320BDF895
:10B8000048308B80BDF94A30C1E902770F61CB80A7
:10B81000139B8B60149B1397CB60159B14970B6144
:10B8200015976B6801336B6013A8FFF795FCB8F1AF
:10B83000000F08D00DA8FFF78FFC56E74346C0E77E
:10B840004FF00108F0E7019B2D680AFB0355089BA8
:10B850001B782BB9D9F80030029A13441B7CEB807B
:10B86000083573E72168226062686360A3680B9201
:10B870000C9A0C93E368A2600D9A0D932369E26021
:10B880000E9A0E93636922610F9A0F93039B0A919C
:10B8900062612376CEE700007FB505460E4604467A
:10B8A000084B114645F8043B01A8F4F7C6FF3146A2
:10B8B00001AA2846FFF7DAFE01A8F4F765FF204643
:10B8C00004B070BDE4300B08F0B50F4687B03846C1
:10B8D000254916461D460C9C03F076FE00BBE4B1DC
:10B8E00029466846FFF792FC2420204901F045FED6
:10B8F000054670B1694603A8F4F79FFF314603AAD5
:10B900002846FFF7C9FF03A8F4F73EFF184B2C6247
:10B910002B606846F4F738FF2C46204607B0F0BD90
:10B920003846144903F050FEE0B9002CF5D0294602
:10B930006846FFF76BFC24200C4901F01EFE05460B
:10B940000028E6D0694603A8F4F777FF314603AA3A
:10B950002846FFF7A1FF03A8F4F716FF064B2C6259
:10B960002B60D6E70024D8E7373F0B0861410B086E
:10B97000C03F0B083B3F0B08A83F0B08014B024A96
:10B980001A60704768030020C9300B082DE9F047A2
:10B99000089DD0F8209004460E461746984600F0C1
:10B9A000D3FF81454DD02B79190704D520466A690C
:10B9B0005449FFF723FAB8F1000F0DD05B21204660
:10B9C000FFF710FA41462046FFF7FEF923680222EE
:10B9D0002046DB684C4998472B79DA0724D5D5F8FF
:10B9E00008802F21404604F059FF08B100F10108FA
:10B9F00041462046FFF7E8F92B799B0708D53A2105
:10BA00002046FFF7EFF92046EA684049FFF7F6F9CC
:10BA10002A79236812F0040F20464FF00202DB68F7
:10BA200014BF3B493B4998472B7958071DD52969D5
:10BA30000B461A4613F8010B60B1202808D11946AD
:10BA4000F7E7354801F0E3F90028ACD0BDE8F0870E
:10BA50002828EED12368521A2046DB6898472368CD
:10BA600004222046DB682D49984700213846FEF71E
:10BA700053FC01462046FFF7A7F92368022220461F
:10BA8000DB68244998471EB131462046FFF79CF9F0
:10BA90002B7913F0300F2CD023682149DB68022268
:10BAA000204698472B79D9060AD5236807222046D5
:10BAB0001C49DB6898472046AA691B49FFF79EF995
:10BAC0002B799A0611D5DB0605D52368022220467C
:10BAD000DB680F4998472368204614490A22DB682F
:10BAE00098472046E969FFF76FF95D212046FFF787
:10BAF00079F923682046BDE8F0470222DB680C494B
:10BB0000184700BF4C3F0B08533F0B0800430B087E
:10BB1000563F0B085B3F0B0848040020593F0B08B9
:10BB20005E3F0B08613F0B08693F0B086C3F0B0839
:10BB3000773F0B082DE9F04385B0D0F820900546FB
:10BB40000F4690461E460C9C00F0FEFE814505D136
:10BB5000494801F05CF9002840F08A804FF0000964
:10BB60002B6A464A01A8019203938DF8089001F0D0
:10BB7000C6FA49464046FEF7CFFB804640490122BF
:10BB800001A801F045FB4146FFF711F93FB13D49DE
:10BB9000012201A801F03CFB3946FFF708F93EB14C
:10BBA0003949012201A801F033FB3146FFF7FFF8C4
:10BBB0002379DF070ED5A6682F21304604F06EFEEC
:10BBC00000B1461C3149012201A801F021FB314698
:10BBD000FFF7EDF823799E0707D52D49022201A82A
:10BBE00001F016FBE16801F097FA2379580714D5A4
:10BBF000266933461F4613F8012B2AB1202A01D1AA
:10BC00001E46F7E7282AF5D10222224901A801F0B1
:10BC1000FFFA3146BA1B01F00AFB2379190707D551
:10BC20001D49012201A801F0F3FA616901F086FAC9
:10BC30002379DA0608D5042218490DEB020001F039
:10BC4000E7FAA16901F068FA23799B0607D5144940
:10BC5000062201A801F0DCFAE169FFF7A8F801A8C3
:10BC600001F037FA286A022203680E49DB68984718
:10BC700005B0BDE8F08300BF48040020903F0B08EA
:10BC80002A3F0B08CC380B08BE430B08D6310B08F3
:10BC90007A3F0B087D3F0B082C440B085C370B08E0
:10BCA000803F0B08773F0B082DE9F041154ADFF87C
:10BCB0006080D2E90032C01842EB0101124A8CB018
:10BCC000D2E90032C61841EB0207D8E90023BB4293
:10BCD00008BFB24213D003A96846CDE9006703F05C
:10BCE00083F8089B094D03F26C7303AC08930FCCE7
:10BCF0000FC50FCC0FC5C8E9006723682B600CB0D7
:10BD0000BDE8F081C8030020C00300209C03002090
:10BD1000D003002008B50020FEF750FC28B1FEF744
:10BD20003DFC80F00100C0B208BD0120FCE700002E
:10BD300008B5FFF7B9FF024B1869013008BD00BF15
:10BD40009C03002010B50A49044602F0CDFD68B9F5
:10BD50002046084902F0E6FD40B90749204602F0B6
:10BD600025FC02F047FE054BC3E9000110BD00BFF2
:10BD7000000040C10000604100006145C803002090
:10BD80001FB502460B4600216846CDE90023CDE9E8
:10BD90000211FEF7D5F8024610B90146FEF71EFB68
:10BDA00005B05DF804FB000030B50446184893B0B8
:10BDB000D0E90010521840EB030316480025D0E9E3
:10BDC0000010521840EB0303CDE900232422002188
:10BDD0000DEB020003F026F909A9684603F004F808
:10BDE0001622294603A8029503F01CF902A909A806
:10BDF00002F0B6FF02A804F077F912AB184400F87D
:10BE0000415C02A92046FEF76EFD204613B030BD0E
:10BE1000C8030020C00300202DE9F04FA5B007465D
:10BE2000884614A811463F221D4604F077F90023E6
:10BE300014A88DF88F3004F057F904465DBB2A49E9
:10BE400003A803F0CBFB002514AE04F1FF3BAB4588
:10BE500036D9B14619F8013B05F1010A252B17D156
:10BE600073787A2B14D103A804F03EF9044614AB7E
:10BE700028181844ABEB0502B11C03F0ABF82246BE
:10BE800003A9304603F0A6F814A804F02DF90446DF
:10BE90004E465546D9E73C2195FBF1F3002BB8BF40
:10BEA0005B42B3FBF1F201FB123300934FF4616389
:10BEB000102195FBF3F30D4A03A8FEF7BFFBC2E781
:10BEC00000212E2208A8079103F0ACF8434614AADB
:10BED000322107A804F0FEF8384607A9FEF703FD53
:10BEE000384625B0BDE8F08FA5450B0800400B088B
:10BEF000F0B58DB0129D0446CDE9002315B9194B5C
:10BF00001D682DB1184B2846196803F05DFB38B940
:10BF1000DDE900232046FFF747FF20460DB0F0BDC6
:10BF20000099124E124FD6E900325B18019941EB8D
:10BF30000202D7E900011B1841EB0202CDE90032F1
:10BF40000021242203A803F06DF803A9684602F03B
:10BF50004BFF32683B682046134403A92A46FFF78B
:10BF60005BFFDAE79803002008000020C8030020E8
:10BF7000C003002010B50020FDF7CAFF0446A0B999
:10BF8000FEF7E4F9012810D12046FEF71FFA60B948
:10BF9000FFF7C0FE10B9FEF7F1FAF9E7FFF7BAFEB6
:10BFA000BDE810400020FDF7B3BF204610BD1FB50F
:10BFB000FFF7E0FF10220021684603F033F800216C
:10BFC0006846FDF7B5FF009805B05DF804FB00007A
:10BFD00008B5FFF7ECFFC117FFF766FE014BD86805
:10BFE00008BD00BF9C03002008B5FFF7E0FFBDE8D7
:10BFF0000840C117FFF79CBE08B5FFF7D8FFC1176F
:10C00000FFF752FE014B586908BD00BF9C0300209A
:10C0100008B5FFF7CCFF034B034A1B6812681344B3
:10C02000184408BDC8030020C0030020024B1A6852
:10C03000024B1A60704700BF0800002098030020E0
:10C040000021FEF793B910B50446F4F7DDF9204658
:10C0500010BDFEF741B910B50446FEF73DF9844224
:10C0600008D01CB1BDE81040FEF726B9BDE810406D
:10C07000FEF72AB910BD70B505460E461446FEF708
:10C080002BF950B144EA062444EA0540FEF70CF9C6
:10C09000BDE87040E720FEF727B970BDC2B2C0F31B
:10C0A0000721C0F30740FFF7E6BF00000023034865
:10C0B000034A0449836001F059BA00BFD803002045
:10C0C0005002002047C00A08014B1860704700BFAB
:10C0D0001000002008B5134B43B100F035FC036895
:10C0E0001B699847002801DDAFF300800E4B43B178
:10C0F00000F00AFD03681B699847002801DDAFF3D3
:10C1000000800A4B0BB1AFF30080094B43B100F044
:10C110004BFC03681B699847002801DDAFF30080E2
:10C1200008BD00BF0000000000000000000000008B
:10C130000000000008B5FFF7CDFFFDF7A1FE014BA1
:10C14000186008BD600400200248034A0349121A1F
:10C1500002F040BF00400240FC4B024038480B0850
:10C16000002307B51A466FF077010093FEF762F9D6
:10C1700003B05DF804FB000007B543880A2B08D024
:10C18000502B0BD1094B1B684BB103B05DF804EB8E
:10C190001847FFF7E5FF03B05DF804FB00231A46DC
:10C1A0006FF077010093FEF745F9F4E7EC03002008
:10C1B00038B5124C00211248FEF770FA114D236871
:10C1C000AB420CBF012200220F4B1A7002D0FFF7C6
:10C1D000BBFF2560FDF73CFE044603F0ABF90B4BBB
:10C1E00013B12046AFF3008000210848FEF7EEF9B6
:10C1F000BDE8384000210648FEF712B9F84B02406E
:10C20000C9C00A081E1C279AE8030020000000008D
:10C2100079C10A0870470020704710B50446102104
:10C2200001F0A9F9204610BD08B5FFF7F6FF08BDDB
:10C23000002230B54FF69C74026084808D888C801B
:10C240000C68858004600A6030BD10B50446006843
:10C25000FEF7D4F9204610BD38B5C468F4B1237890
:10C26000022B03D104F10C00FFF7EFFF656835B135
:10C270002846F4F7C9F81021284601F07CF9A56892
:10C2800035B12846F4F7C0F81021284601F073F9BB
:10C290002046BDE83840142101F06DB938BD10B515
:10C2A00088B004466846FEF71EFB694604A8FEF700
:10C2B00064FB04A8A047044604A8FEF7CAFA68462F
:10C2C000FEF7C7FA204608B010BD1FB500231024A2
:10C2D000CDE90201019269461A461846ADF80230CE
:10C2E000ADF80040FEF742F904B010BD082307B5D1
:10C2F000ADF80030036800218DF80230037A8DF824
:10C300000330436868460193FEF768F903B05DF8AF
:10C3100004FB73B50E46044656F8043B0D4601A8CF
:10C3200031460093FEF766FE009B019A23600023CE
:10C33000626001A801930093F9F72AFA3046F9F7F1
:10C3400027FA2846082101F016F9204602B070BDF0
:10C35000826810B50AB901F014F9C368BDE810404D
:10C36000184708B5006800F11001FFF7F1FF08BD9C
:10C37000826810B50AB901F004F9C368BDE810403D
:10C38000184708B5006800F11001FFF7F1FF08BD7C
:10C3900038B500230446036010200D46F3F77DFEF8
:10C3A00028B10123C0E90133024BC560036020605E
:10C3B000204638BD30400B0838B5002383608B68B9
:10C3C00004460D462BB102229847EB68E360AB6848
:10C3D000A360204638BD0000F0B589B00468684607
:10C3E000FFF726FF4FF00203D4E84F2F002A03D1B6
:10C3F000C4E8413F0029F7D125D104F10C05694675
:10C400002846FFF715FF0123BFF35B8F6370002001
:10C41000BFF35B8F04F1080353E8006F43E80002A9
:10C42000002AF9D1BFF35B8F6EB1FDF7BFFF78B182
:10C4300029463046FFF78CFF3046F3F7E5FF102121
:10C44000304601F098F86846FFF7FFFE09B0F0BDEE
:10C45000314602A8FFF7B0FFE068B4F9105008B108
:10C4600003F0C4F806901020ADF81C50F3F715FE49
:10C470000546E8B1002787601820F3F70EFE044652
:10C4800088B10146876002A8F6F798FA049BA26873
:10C49000A360059B0492E26806A9E36004F1100022
:10C4A0000592FFF7C5FE084B2C60EB60074BAB60B5
:10C4B00006A8FFF7CAFE02A8F3F7A6FF0022294646
:10C4C0000348FDF77BFFB7E763C30A08F9C50A080D
:10C4D0008DCB0A082DE9F0478AB005460C46174671
:10C4E00098469DF84890FEF759F807AE824638BB4B
:10C4F0004FF62E73059005A93046ADF81830FFF7BA
:10C5000097FE1420F3F7C9FD044648B102230370D7
:10C510000123C0E901AA437031460C30FFF788FEC1
:10C520002846214640F8044BFFF732FF3046FFF71C
:10C530008CFE05A8FFF789FE28460AB0BDE8F08703
:10C540000C234FF0000A1420CDE908AA0793F3F753
:10C55000A4FD014628B1C0E901AA80F800A080F836
:10C5600001A004A80391FFF713FF224B08200893B2
:10C57000F3F793FD824628B1039B04A940F8043BDE
:10C58000FEF738FD42463946204600965FFA89F3A9
:10C59000CDF824A0FEF70AF8B8B9039B5B7803F046
:10C5A000FF0293B94FF69C7305A903A80592ADF855
:10C5B0001830FFF711FF05A8FFF747FE05A80999F6
:10C5C000FFF7A7FE06A8F9F7E3F8039B04A906A85E
:10C5D0000593FEF70FFD059B069A2B6000236A600A
:10C5E00006A806930593F9F7D3F804A8F9F7D0F84D
:10C5F000A2E700BFBDC60A08022AF8B5054607D063
:10C60000032A18D0012A01D10B6803600020F8BD6D
:10C6100018200E68F3F741FD044650B13146FFF78C
:10C62000CBFE3069B6F9147008B102F0DFFF20616B
:10C63000A7822C60EAE70468002CE7D004F1100020
:10C64000FFF703FE2046F3F7DFFE1821204600F037
:10C6500092FFDBE738B5002383608B6804460D4604
:10C660002BB102229847EB68E360AB68A3602046D9
:10C6700038BD022A70B5044607D0032A12D0012A19
:10C6800001D10B680360002070BD14200E68F3F721
:10C6900004FD054620B13146FFF7DCFF337C2B74E7
:10C6A0002560F0E70468002CEDD02046F3F7ACFEDF
:10C6B0001421204600F05FFFE5E70000F0B50446D6
:10C6C00089B00D4601A81146FFF723FEA4B124B29C
:10C6D0001DB1284602F08AFF054601A803A903956B
:10C6E000ADF81040FFF778FE03A8FFF7AEFD02A8F3
:10C6F000F9F74EF809B0F0BD0123019DD5E84F2FA1
:10C70000002A03D1C5E8413F0029F7D1EFD12B73AF
:10C71000BFF35B8F6B70BFF35B8F2B1D53E8006F14
:10C7200043E80042002AF9D1BFF35B8F002EDED030
:10C730002046FDF73BFE074660B1304605F10C018F
:10C74000FFF716FE3046F3F75FFE1021304600F08B
:10C7500012FFCCE7314603A8FFF77CFF2B7B1020AC
:10C760008DF81C30F3F799FC0546D0B18760142092
:10C77000F3F793FC044678B10146876003A8F6F707
:10C780001DF9059BA268A360069B0592E268E36021
:10C790009DF81C3006922374064B2C60EB60064B10
:10C7A000AB6003A8F3F730FE002229460348FDF7EB
:10C7B00005FEC7E783C30A0873C60A088DCB0A08BB
:10C7C0007047F8B50E46002400F10807051D17F85C
:10C7D000011D0A223046FEF73BFAAF42044401D164
:10C7E0002046F8BD002CF2D02E213046FEF721FA6B
:10C7F0000444ECE710B50446182100F0BCFE2046C6
:10C8000010BD000010B50446044B1122002140F871
:10C81000043B02F007FC204610BD00BF4C400B0853
:10C820000346074A10B543F8042B01F1100251F8F2
:10C83000044B914243F8044BF9D10A781A7010BDA9
:10C840004C400B08024AC0E90021042202757047DF
:10C850004C400B0810B59DF8084044EA032404231B
:10C8600044EA024444EA01644460037510BD0000D8
:10C8700037B5044D05609DF818500095FFF7EAFFA5
:10C8800003B030BD4C400B0841747047704708B589
:10C890000021007CFDF7E0FC40EAE07008BD08B52F
:10C8A0000121007CFDF7D8FC40EAE07008BD08B526
:10C8B000007CFDF7C9FC20EAE07008BD08B5007CEB
:10C8C000FDF7BAFC20EAE07008BD38B50446007CEC
:10C8D0000D46FDF7B9FC002801DC607C28B1294633
:10C8E000207CFDF7C1FC20EAE07038BD007CFDF73C
:10C8F000C3BC10B50446142100F03DFE204610BD17
:10C9000010B54FF47A73044608460021C4E90113B8
:10C91000044B20742360012311466374FDF774FCFB
:10C92000204610BD60400B080022007CFDF774BC5F
:10C93000007CFDF779BC10B504461422002102F0FA
:10C9400071FB204610BD000030B50F4D87B001A827
:10C95000FFF7F1FF2978BFF35B8F11F0010410D1CD
:10C960002846F3F7ADFB60B1214601AA0748FFF75F
:10C97000C7FF2846F3F7A9FB054A0649034800F01C
:10C98000F5FD024807B030BDF0030020F803002099
:10C99000500200208DC80A0810B504461422002158
:10C9A00002F040FB204610BD10B50F4C86B001A828
:10C9B000FFF7F2FF2378BFF35B8FDB0710D420462D
:10C9C000F3F77EFB60B1012101AA0848FFF798FF49
:10C9D0002046F3F77AFB064A0649044800F0C6FDF4
:10C9E000024806B010BD00BFF40300200C04002074
:10C9F000500200208DC80A08004700002DE9FF41C1
:10CA000000241D460F4690460646FDF7D9F904233B
:10CA1000A5428DF80C30A8BF9DF82830ADF80D4028
:10CA20008DF80F40A4BF03AC8DF80E303A46434654
:10CA3000304606490094A8BF8DF80D50FDF7B8F9AF
:10CA4000B0FA80F0400904B0BDE8F081F9C90A08E5
:10CA500070474174704708B5007CFDF759FB20EA28
:10CA6000E07008BD08B5007CFDF72AFB20EAE07005
:10CA700008BD08B5007CFDF733FB40EAE07008BD57
:10CA800008B5007CFDF724FB40EAE07008BD007C9F
:10CA9000FDF72EBB70B5467C04460D462EB12946E7
:10CAA000207CBDE87040FDF703BB007CFDF730FB48
:10CAB0000028F4DC304670BD10B50446142100F0A7
:10CAC0005AFD204610BD00004FF0000C10B5044682
:10CAD000084611464FF47A72C4E901C2044A207430
:10CAE0002260012262741A46FDF7D2FA204610BD78
:10CAF00090400B080023007CFDF712BB0022FFF7DB
:10CB0000F9BF007CFDF7CCBAF8B51A4C26684EB9CF
:10CB10008420F3F7C2FA054618B18422314602F0A8
:10CB200081FA2560144D2F684FB98420F3F7B5FAC8
:10CB3000064618B18422394602F074FA2E600F4F6F
:10CB40003978BFF35B8F11F0010611D13846F3F746
:10CB5000B7FA68B1314622682B680948FFF7B4FF7D
:10CB60003846F3F7B2FA074A0749054800F0FEFCD9
:10CB70000348F8BD240400202804002020040020DD
:10CB80002C0400205002002051CA0A0810B5836806
:10CB900004460BB900F0F5FCC3689847A3681BB1C5
:10CBA00003222146204698472046BDE81040102128
:10CBB00000F0E1BC7047F8B5064615460C468F18E4
:10CBC000BC4206D0336830469B6814F8011B984776
:10CBD000F6E72846F8BD0022007CFDF7C1BA002127
:10CBE000007CFDF7C5BA0021007CFDF7C9BA002121
:10CBF000007CFDF7CDBA0021007CFDF7D1BA10B55D
:10CC00000446142100F0B7FC204610BD10B54FF4C7
:10CC10007A73044608460021C4E90113034B114608
:10CC200023602074FDF7CCFA204610BDC0400B08ED
:10CC30000023007C1A461946FDF77ABA7FB5002218
:10CC40001423CDE90122ADF804300B78007C8DF877
:10CC500008304B680393CB6804930B7A01A90593C2
:10CC6000FDF7B8FA07B05DF804FB1FB5003B8DF87F
:10CC700000104FF0640118BF01230391694601922F
:10CC80008DF80830FFF7DAFF05B05DF804FB0123EB
:10CC9000FFF7EBBF0022007CFDF752BAC9B2FFF7E5
:10CCA000F9BF0022007CFDF753BA0121FFF7F9BF5D
:10CCB00030B5D1E901439C4205460FDA621C4A6057
:10CCC00038220B6802FB04340FCD0FC40FCD0FC404
:10CCD0000FCD0FC495E8030084E8030030BD0022A7
:10CCE00040681146FDF7DABBF0B5154689B0112250
:10CCF0000E460446002103A802F094F9284603F0EA
:10CD0000F3F9002781B273682846009703AAFDF75C
:10CD1000BBFA30B139462046FFF794FD204609B0F2
:10CD2000F0BD204603A9FFF77BFDF7E7002240682E
:10CD30001146FDF7FBBB00224068FDF7EFBB002268
:10CD4000406881F00101FDF7C1BB00224068114637
:10CD5000FDF794BB002202214068FDF797BB00233A
:10CD600040681A46FDF782BB1FB5002301910648B3
:10CD700001A902930392FDF78FFA039B9842A8BF83
:10CD8000184605B05DF804FBB1CC0A080422024B3A
:10CD90005A60024A1A60704740040020E8400B08BD
:10CDA000002340681A46FDF761BB0022022140685B
:10CDB000FDF76CBB002240681146FDF75FBB002207
:10CDC00040681146FDF76ABB002340681A461946C1
:10CDD000FDF76CBB002340681A461946FDF76EBB91
:10CDE00000214068FDF7AABB00214068FDF7AEBBFB
:10CDF0000022406881F00101FDF768BB0022406815
:10CE0000FDF78CBB002240681146FDF78FBB002266
:10CE100040681146FDF762BB70B515468EB00446FA
:10CE200008A8FFF7EFFC1122002103A802F0FAF88E
:10CE30000026284603F058F90A4B009681B25B6839
:10CE4000284603AAFDF720FA30B131462046FFF705
:10CE5000F9FC20460EB070BD204603A9FFF7E0FCA8
:10CE6000F7E700BF40040020024B034A1A6000228B
:10CE70005A6070474804002024410B08012200F149
:10CE8000100313F8101C1846012908D153F8041C8C
:10CE900002EB4102013A03F11003F2D1704702297B
:10CEA00004BF53F8041C5218F4E70EB42DE9F04106
:10CEB00087B000AF07F1340555F8048B04462B46C4
:10CEC0004246102107F108007D60FDF7C7FB0F28DF
:10CED0001BD900F1080323F007036E46ADEB030DE9
:10CEE0004246411C2B4668467D60FDF7B7FB021E9B
:10CEF00004DD2368694620469B689847B5461C3781
:10CF0000BD46BDE8F04103B070470028F7D0236864
:10CF100002469B68204607F108019847EFE710B5E5
:10CF2000044603689B689847A368013BA3602BB93C
:10CF300023682046BDE81040DB68184710BD07B5E0
:10CF400003688DF8071001229B680DF107019847CF
:10CF500003B05DF804FB38B50B68044603604D6808
:10CF600043689D420CD015B16B6801336B606068FB
:10CF700028B14368013B43600BB9FFF7D0FF656000
:10CF8000204638BD0B461146002210B50446C0E9C4
:10CF9000002283600BB9204610BDFFF7DCFFFAE7E3
:10CFA0000346806820B30278032A1AD8DFE802F02B
:10CFB0000417021B052070471B685A684368D05C41
:10CFC0002D2812D0A0F13003092B0ED974280ED0D1
:10CFD00066280CD0A0F16E035842584170470620D5
:10CFE00070470020704704207047032070470220DC
:10CFF000704710B50446FFF7D3FF02280ED0C31EBA
:10D00000DBB2012B14D82268A36850685B680A223F
:10D01000BDE810400021184404F0FABA2268A36861
:10D0200052685B68D05CA0F174035842584110BD4F
:10D030000020FCE70B461146002210B50446C0E96B
:10D0400000220D48C4E90202A3B11A78032A06D0CF
:10D0500082B90A6850685A68825C6E2A07D00A68EA
:10D06000586852689B6802441B1AA260E36020461D
:10D07000FFF771FF204610BDAA380B0838B5002510
:10D080000B4604461146C0E90055C0E90255C0E907
:10D0900004554BB11A78012A06D103F11002DB685E
:10D0A00082604361FFF757FF204638BD10B54369E2
:10D0B000044663B18068013BE0601030A0602061ED
:10D0C000636113B1FFF7DAFEA060012000E01846AB
:10D0D00010BD10B57D210446FFF731FF0123204626
:10D0E000237110BD08B50379012B02D0022B04D0A7
:10D0F00008BD2C21FFF723FFFAE73A21FAE710B524
:10D100000446FFF7EFFF20467B21FFF718FF0023BF
:10D110002046237110BD000038B504460D46FFF7C8
:10D12000E1FF236820462A46DB680349984701232C
:10D130002046237138BD00BF00430B0838B50446B4
:10D140000D46FFF7CFFF236820462A46DB680349D8
:10D15000984701232046237138BD00BF58410B0872
:10D160002DE9F0410D46174622210446FFF7E7FE60
:10D170002946DFF898802F44BD422A4638D015F85A
:10D18000016B222E03D05C2E01D01F2EF4D8236811
:10D19000521A20469B6898475C212046FFF7CFFE35
:10D1A0000D2E0AD8072E1CD9A6F10803052B18D876
:10D1B000DFE803F00D0F11171315222E01D05C2E9E
:10D1C0000FD131462046FFF7BAFE2946D4E7622147
:10D1D000F8E77421F6E76E21F4E76621F2E77221A1
:10D1E000F0E72368324641462046DB689847ECE783
:10D1F0008D4204D0236820469B686A1A98472221F2
:10D200002046FFF79CFEBDE8F08100BF5B410B08A4
:10D2100070B504460D461646FFF764FF20463246B9
:10D220002946FFF79DFF02232046237170BD70B58C
:10D2300004460D461646FFF755FF2046324629465E
:10D24000FFF78EFF01232046237170BD08B5024B06
:10D250001B681B68019308BD9C01020808B5024BBE
:10D260001B685B68019308BD9C01020808B5024B6E
:10D270001B689B68019308BD9C01020810B5044619
:10D28000806808B1FCF7D4FE204610BD1E2870B59A
:10D29000044601D9002070BDA0F10D03022B0BD96B
:10D2A000012826D800F03AF90021007CFCF780FF25
:10D2B00080F00100C0B2EEE7134E3178BFF35B8F10
:10D2C00011F001050FD13046F2F7FAFE58B12946A8
:10D2D0000E48FDF71EFA3046F2F7F7FE0C4A0D49EC
:10D2E0000A4800F043F9094B1878FCF785FF00283D
:10D2F000D0D1123C012C05D8FFF706FC007CFCF7CE
:10D30000FFFED5E70120C6E75004002054040020AA
:10D31000500200207DD20A081E2838B504460D466A
:10D320000AD8FF2908D0FFF7B1FF28B129462046C7
:10D33000BDE83840FCF71CBD38BD38B504460D4685
:10D34000FCF71EFDFF2810D0062804D84D2323FA31
:10D3500000F0C30709D42046FFF798FF28B12946FB
:10D360002046BDE83840FCF713BD38BD10B5044673
:10D37000FCF706FD031FDBB2012B08D92046FFF79F
:10D3800085FF20B12046BDE81040FCF709BD002014
:10D3900010BD10B5044609289CBF0A34A4B220462B
:10D3A000FFF774FF50B103212046FCF7D9FC032896
:10D3B00004D12046BDE81040FCF712BD002010BD8E
:10D3C00038B504460D46FFF761FFF0B10421204651
:10D3D000FCF7C6FC042805D12046A9B2BDE83840B8
:10D3E000FCF7F6BC02212046FCF7BAFC02280CD15F
:10D3F0002046FCF7C5FC012801D0042805D12946A8
:10D400002046BDE83840FCF713BD38BD70B5044672
:10D410000D461646FFF73AFF98B102212046FCF769
:10D420009FFC02280DD12046FCF7AAFC012801D060
:10D43000042806D1324629462046BDE87040FCF754
:10D44000FFBC70BD38B504460D46FFF71FFFE8B1BD
:10D4500004212046FCF784FC042808D120462946F4
:10D46000FCF7CEFC2046BDE83840FCF7C1BC0221E9
:10D470002046FCF775FC022808D120462946FCF717
:10D48000CFFC2046BDE83840FCF7C2BC002038BDC8
:10D4900010B5084C2378BFF35B8FDB0708D4204618
:10D4A000F2F70EFE20B1FCF7F3FC2046F2F70DFE7A
:10D4B000014810BD6404002068040020002313B557
:10D4C000074C1A46194620460093FFF7D1F920462B
:10D4D000044A054902B0BDE8104000F047B800BF5B
:10D4E0006C04002050020020C1C70A08002370B558
:10D4F000202543801423084E04460380314685606E
:10D500000561284600F03BF831466060284600F08F
:10D5100036F8E060204670BD61410B0830B50F4D14
:10D5200087B02978BFF35B8F11F0010413D128462F
:10D53000F2F7C6FD78B101A8FFF7D8FF214601AA8E
:10D540000748FFF763FB2846F2F7BFFD054A064987
:10D55000034800F00BF8024807B030BD84040020F7
:10D560008804002050020020B5CB0A080B46014673
:10D57000184601F023BCF2F794BDF2F78EBDF2F726
:10D580008EBD08B5FDF772F8F8B5C1F30A57A7F2DA
:10D59000FF35132D0B460C460246064620DC002DB7
:10D5A00040DB354F2F4101EA070C5CEA000C14D038
:10D5B0002FA3D3E9002300F003FA0022002300F098
:10D5C00045FE40B1002C03DA4FF480132B411C447C
:10D5D000002624EA07043246234610461946F8BDC1
:10D5E000332D07DDB5F5806FF7D100F0E9F902467C
:10D5F0000B46F2E74FF0FF3CA7F213472CFA07F770
:10D600000742EAD01AA3D3E9002300F0D9F9002297
:10D61000002300F01BFE0028DDD0002C1BDB26EAD7
:10D620000706D8E712A3D3E9002300F0C9F90022C6
:10D63000002300F00BFE0028CDD0002C02DB0026DA
:10D640003446C8E724F000430C4A1E43002E18BF9E
:10D6500014460026BFE7142D08D00122C5F134037B
:10D6600002FA03F39E1928BFA418D8E70134D6E7BD
:10D670009C7500883CE4377EFFFF0F000000F0BF80
:10D68000F0B58BB0054600F06FF8314E044696F9C0
:10D69000003001330FD0284600F084F958B12846F5
:10D6A0002C4901F03FF90746002835D128462A4980
:10D6B00001F01AF910B920460BB0F0BD0422274B37
:10D6C0002846CDE9002300240025089700F0D6FA6B
:10D6D00096F90030CDE90401022BCDE90201CDE934
:10D6E000064514D0684600F05BF980B1089B002B1A
:10D6F00029D1DDE9060100F0FBFD044620460BB010
:10D70000F0BD00201649022BCDE90601EAD1FCF755
:10D71000BDFF22230360E9E7032100220F4B2846C7
:10D7200001930091089200F0A9FA96F90030CDE932
:10D730000401CDE90201002BE3D14FF06042094B17
:10D74000CDE90623CEE7FCF7A1FF089B0360D0E7F5
:10D750000C0000208071B142B5F1CFC264410B08CA
:10D760000000F07FFFFFEF4720F00042B2F1FF4FD3
:10D770002DE9F04704466AD84FEAD07500F0C28020
:10D780007749884268DC0028C0F2B580754B9A4220
:10D7900068D9754B9A4200F2C080744B204653F80A
:10D7A000251000F0F9FD8046714BC5F1010753F8D3
:10D7B00025907F1B4946404600F0EEFD0146054698
:10D7C00000F0F4FE06466B4900F0F0FE6A4900F0F6
:10D7D000E3FD314600F0EAFE684900F0DFFD314626
:10D7E00000F0E4FE664900F0D7FD314600F0DEFEB1
:10D7F000644900F0D3FD314600F0D8FE01462846CA
:10D8000000F0CAFD2C4606468246002F5CD0314609
:10D81000284600F0CBFE314604464FF0804000F031
:10D82000BBFD0146204600F075FF0146484600F06A
:10D83000B3FD414600F0B0FD01464FF07E5000F0D0
:10D84000ABFD17F17D0F60DB00EBC75002E0014636
:10D8500000F0A4FDBDE8F0874B49084600F0A6FEA5
:10D86000BDE8F087B2F1465F09D24749204600F093
:10D8700095FD4FF07E5101F055F800286AD1214600
:10D88000204600F093FE05463A4900F08FFE3A49E3
:10D8900000F082FD294600F089FE384900F07EFD47
:10D8A000294600F083FE364900F076FD294600F057
:10D8B0007DFE344900F072FD294600F077FE0146F6
:10D8C000204600F069FD82465146204600F06EFE7B
:10D8D0004FF080410546504600F05EFD0146284667
:10D8E00000F018FF214600F057FD01464FF07E5032
:10D8F00000F052FDAEE7254B9A427FF647AF00207D
:10D90000BDE8F087002DFAD1A4E764374FF05861E5
:10D9100000EBC75000F04AFE9CE71D49204600F08E
:10D9200045FE1C4B53F8251000F038FD01F004F8BB
:10D93000074600F0E7FD1849054600F037FE0146AE
:10D94000204600F029FD15498046284600F02EFEAD
:10D9500081462FE720464FF07E5100F01FFD79E70A
:10D960001772B1421872B13E9115853F74410B0890
:10D970007C410B084CBB31330EEADD3555B38A3898
:10D98000610B363BABAA2A3ECAF24971B5F1CF42D0
:10D990003BAAB83F6C410B088071313FD1F7173774
:10D9A0000020704720F00040B0F1FF4FACBF0020D6
:10D9B0000120704781F0004102E000BF83F0004386
:10D9C00030B54FEA41044FEA430594EA050F08BF1A
:10D9D00090EA020F1FBF54EA000C55EA020C7FEADE
:10D9E000645C7FEA655C00F0E2804FEA5454D4EB5B
:10D9F0005555B8BF6D420CDD2C4480EA020281EA25
:10DA0000030382EA000083EA010180EA020281EA5C
:10DA10000303362D88BF30BD11F0004F4FEA0131AE
:10DA20004FF4801C4CEA113102D0404261EB4101BD
:10DA300013F0004F4FEA03334CEA133302D0524243
:10DA400063EB430394EA050F00F0A780A4F10104FF
:10DA5000D5F1200E0DDB02FA0EFC22FA05F2801839
:10DA600041F1000103FA0EF2801843FA05F359411F
:10DA70000EE0A5F120050EF1200E012A03FA0EFC9E
:10DA800028BF4CF0020C43FA05F3C01851EBE371C8
:10DA900001F0004507D54FF0000EDCF1000C7EEBE5
:10DAA00000006EEB0101B1F5801F1BD3B1F5001F23
:10DAB0000CD349085FEA30004FEA3C0C04F1010442
:10DAC0004FEA445212F5800F80F09A80BCF1004F6B
:10DAD00008BF5FEA500C50F1000041EB045141EAED
:10DAE000050130BD5FEA4C0C404141EB0101013CB6
:10DAF00028BFB1F5801FE9D291F0000F04BF0146A5
:10DB00000020B1FA81F308BF2033A3F10B03B3F176
:10DB100020020CDA0C3208DD02F1140CC2F10C0206
:10DB200001FA0CF021FA02F10CE002F11402D8BF64
:10DB3000C2F1200C01FA02F120FA0CFCDCBF41EA30
:10DB40000C019040E41AA2BF01EB0451294330BDFF
:10DB50006FEA04041F3C1CDA0C340EDC04F11404DC
:10DB6000C4F1200220FA04F001FA02F340EA0300B3
:10DB700021FA04F345EA030130BDC4F10C04C4F1F9
:10DB8000200220FA02F001FA04F340EA03002946D9
:10DB900030BD21FA04F0294630BD94F0000F83F423
:10DBA000801306BF81F480110134013D4EE77FEA06
:10DBB000645C18BF7FEA655C29D094EA050F08BF52
:10DBC00090EA020F05D054EA000C04BF1946104633
:10DBD00030BD91EA030F1EBF0021002030BD5FEA77
:10DBE000545C05D14000494128BF41F0004130BD9F
:10DBF00014F580043CBF01F5801130BD01F00045F3
:10DC000045F0FE4141F470014FF0000030BD7FEA65
:10DC1000645C1ABF194610467FEA655C1CBF0B4660
:10DC2000024650EA013406BF52EA033591EA030F77
:10DC300041F4002130BD00BF90F0000F04BF00216F
:10DC4000704730B54FF4806404F132044FF00005A2
:10DC50004FF0000150E700BF90F0000F04BF00211B
:10DC6000704730B54FF4806404F1320410F0004581
:10DC700048BF40424FF000013EE700BF42004FEA7C
:10DC8000E2014FEA31014FEA02701FBF12F07F43F9
:10DC900093F07F4F81F06051704732F07F4208BFB0
:10DCA000704793F07F4F04BF41F40021704730B5B7
:10DCB0004FF4607401F0004521F000411CE700BF03
:10DCC00050EA010208BF704730B54FF000050AE086
:10DCD00050EA010208BF704730B511F0004502D587
:10DCE000404261EB41014FF4806404F132045FEA89
:10DCF000915C3FF4D8AE4FF003025FEADC0C18BF32
:10DD000003325FEADC0C18BF033202EBDC02C2F123
:10DD1000200300FA03FC20FA02F001FA03FE40EAB5
:10DD20000E0021FA02F11444BDE600BF70B54FF0B9
:10DD3000FF0C4CF4E06C1CEA11541DBF1CEA135597
:10DD400094EA0C0F95EA0C0F00F0DEF82C4481EAFF
:10DD5000030621EA4C5123EA4C5350EA013518BF1F
:10DD600052EA033541F4801143F4801338D0A0FB0C
:10DD700002CE4FF00005E1FB02E506F00042E0FBB9
:10DD800003E54FF00006E1FB03569CF0000F18BFBF
:10DD90004EF0010EA4F1FF04B6F5007F64F5407467
:10DDA00004D25FEA4E0E6D4146EB060642EAC621FA
:10DDB00041EA55514FEAC52040EA5E504FEACE2E67
:10DDC000B4F1FD0C88BFBCF5E06F1ED8BEF1004F6A
:10DDD00008BF5FEA500E50F1000041EB045170BDE6
:10DDE00006F0004646EA010140EA020081EA03012A
:10DDF000B4EB5C04C2BFD4EB0C0541EA045170BD26
:10DE000041F480114FF0000E013C00F3AB8014F19F
:10DE1000360FDEBF002001F0004170BDC4F10004E8
:10DE2000203C35DA0C341BDC04F11404C4F1200569
:10DE300000FA05F320FA04F001FA05F240EA0200C4
:10DE400001F0004221F0004110EBD37021FA04F6FA
:10DE500042EB06015EEA430E08BF20EAD37070BDB4
:10DE6000C4F10C04C4F1200500FA04F320FA05F013
:10DE700001FA04F240EA020001F0004110EBD37015
:10DE800041F100015EEA430E08BF20EAD37070BD85
:10DE9000C4F1200500FA05F24EEA020E20FA04F35E
:10DEA00001FA05F243EA020321FA04F001F000410D
:10DEB00021FA04F220EA020000EBD3705EEA430E7E
:10DEC00008BF20EAD37070BD94F0000F0FD101F0AD
:10DED0000046400041EB010111F4801F08BF013CE6
:10DEE000F7D041EA060195F0000F18BF704703F024
:10DEF0000046520043EB030313F4801F08BF013DAB
:10DF0000F7D043EA0603704794EA0C0F0CEA135566
:10DF100018BF95EA0C0F0CD050EA410618BF52EA20
:10DF20004306D1D181EA030101F000414FF0000026
:10DF300070BD50EA410606BF1046194652EA430634
:10DF400019D094EA0C0F02D150EA013613D195EAA8
:10DF50000C0F05D152EA03361CBF104619460AD1F0
:10DF600081EA030101F0004141F0FE4141F47001FA
:10DF70004FF0000070BD41F0FE4141F4780170BDEA
:10DF800070B54FF0FF0C4CF4E06C1CEA11541DBF4F
:10DF90001CEA135594EA0C0F95EA0C0F00F0A7F851
:10DFA000A4EB050481EA030E52EA03354FEA01317E
:10DFB00000F088804FEA03334FF0805545EA131391
:10DFC00043EA12634FEA022245EA111545EA106559
:10DFD0004FEA00260EF000419D4208BF964244F1F0
:10DFE000FD0404F5407402D25B084FEA3202B61A0F
:10DFF00065EB03055B084FEA32024FF480104FF4E3
:10E00000002CB6EB020E75EB030E22BFB61A754656
:10E0100040EA0C005B084FEA3202B6EB020E75EBE9
:10E02000030E22BFB61A754640EA5C005B084FEA51
:10E030003202B6EB020E75EB030E22BFB61A75461E
:10E0400040EA9C005B084FEA3202B6EB020E75EB29
:10E05000030E22BFB61A754640EADC0055EA060EEA
:10E0600018D04FEA051545EA16754FEA06164FEA2D
:10E07000C30343EA52734FEAC2025FEA1C1CC0D1D9
:10E0800011F4801F0BD141EA00014FF000004FF066
:10E09000004CB6E711F4801F04BF01430020B4F127
:10E0A000FD0C88BFBCF5E06F3FF6AFAEB5EB030CDF
:10E0B00004BFB6EB020C5FEA500C50F1000041EBDC
:10E0C000045170BD0EF0004E4EEA113114EB5C04A9
:10E0D000C2BFD4EB0C0541EA045170BD41F480117C
:10E0E0004FF0000E013C90E645EA060E8DE60CEA84
:10E0F000135594EA0C0F08BF95EA0C0F3FF43BAFA1
:10E1000094EA0C0F0AD150EA01347FF434AF95EA57
:10E110000C0F7FF425AF104619462CE795EA0C0F3B
:10E1200006D152EA03353FF4FDAE1046194622E708
:10E1300050EA410618BF52EA43067FF4C5AE50EAE2
:10E1400041047FF40DAF52EA43057FF4EBAE12E7D2
:10E150004FF0FF3C06E000BF4FF0010C02E000BFB3
:10E160004FF0010C4DF804CD4FEA410C7FEA6C5C96
:10E170004FEA430C18BF7FEA6C5C1BD001B050EA39
:10E18000410C0CBF52EA430C91EA030F02BF90EA24
:10E19000020F0020704710F1000F91EA030F58BFE3
:10E1A000994208BF90422CBFD8176FEAE37040F045
:10E1B000010070474FEA410C7FEA6C5C02D150EAE3
:10E1C000013C07D14FEA430C7FEA6C5CD6D152EA9E
:10E1D000033CD3D05DF8040B704700BF8446104663
:10E1E00062468C461946634600E000BF01B5FFF762
:10E1F000B7FF002848BF10F1000F01BD4DF808ED32
:10E20000FFF7F4FF0CBF012000205DF808FB00BF02
:10E210004DF808EDFFF7EAFF34BF012000205DF85C
:10E2200008FB00BF4DF808EDFFF7E0FF94BF0120A9
:10E2300000205DF808FB00BF4DF808EDFFF7CEFFAA
:10E2400094BF012000205DF808FB00BF4DF808EDE9
:10E25000FFF7C4FF34BF012000205DF808FB00BFBA
:10E260004FEA410212F5001215D211D56FF47873FE
:10E27000B3EB625212D94FEAC12343F0004343EAA1
:10E28000505311F0004F23FA02F018BF404270477C
:10E290004FF00000704750EA013005D111F0004006
:10E2A00008BF6FF0004070474FF00000704700BF9C
:10E2B0004A0011D212F5001211D20DD56FF4787305
:10E2C000B3EB62520ED44FEAC12343F0004343EA5A
:10E2D000505323FA02F070474FF00000704750EAA5
:10E2E000013002D14FF0FF3070474FF0000070470F
:10E2F0004FEA4102B2F1E04324BFB3F5001CDCF168
:10E30000FE5C0DD901F0004C4FEAC0024CEA50709F
:10E31000B2F1004F40EB830008BF20F001007047CE
:10E3200011F0804F21D113F13872BCBF01F00040D1
:10E33000704741F480114FEA5252C2F11802C2F103
:10E34000200C10FA0CF320FA02F018BF40F0010084
:10E350004FEAC1234FEAD32303FA0CFC40EA0C0036
:10E3600023FA02F34FEA4303CCE77FEA625307D173
:10E3700050EA01331EBF4FF0FE4040F440007047AA
:10E3800001F0004040F0FE4040F40000704700BF44
:10E3900080F0004002E000BF81F0004142001FBF5A
:10E3A0005FEA410392EA030F7FEA226C7FEA236C63
:10E3B0006AD04FEA1262D2EB1363C1BFD218414058
:10E3C00048404140B8BF5B42192B88BF704710F0EE
:10E3D000004F40F4000020F07F4018BF404211F091
:10E3E000004F41F4000121F07F4118BF494292EAF9
:10E3F000030F3FD0A2F1010241FA03FC10EB0C0025
:10E40000C3F1200301FA03F100F0004302D54942B1
:10E4100060EB4000B0F5000F13D3B0F1807F06D35E
:10E4200040084FEA310102F10102FE2A51D2B1F156
:10E43000004F40EBC25008BF20F0010040EA03004B
:10E440007047490040EB0000013A28BFB0F5000FCB
:10E45000EDD2B0FA80FCACF1080CB2EB0C0200FA81
:10E460000CF0AABF00EBC25052421843BCBFD040D0
:10E470001843704792F0000F81F4000106BF80F44A
:10E4800000000132013BB5E74FEA41037FEA226C0D
:10E4900018BF7FEA236C21D092EA030F04D092F0D8
:10E4A000000F08BF0846704790EA010F1CBF00200C
:10E4B000704712F07F4F04D1400028BF40F0004069
:10E4C000704712F100723CBF00F50000704700F089
:10E4D000004343F0FE4040F4000070477FEA2262B0
:10E4E00016BF08467FEA23630146420206BF5FEA81
:10E4F000412390EA010F40F4800070474FF0000381
:10E5000004E000BF10F0004348BF40425FEA000C47
:10E5100008BF704743F0964301464FF000001CE0EF
:10E5200050EA010208BF70474FF000030AE000BF45
:10E5300050EA010208BF704711F0004302D5404283
:10E5400061EB41015FEA010C02BF844601460020F5
:10E5500043F0B64308BFA3F18053A3F50003BCFA10
:10E560008CF2083AA3EBC25310DB01FA02FC6344BD
:10E5700000FA02FCC2F12002BCF1004F20FA02F2C4
:10E5800043EB020008BF20F00100704702F12002B7
:10E5900001FA02FCC2F1200250EA4C0021FA02F218
:10E5A00043EB020008BF20EADC7070474FF0FF0C1D
:10E5B0001CEAD0521EBF1CEAD15392EA0C0F93EA18
:10E5C0000C0F6FD01A4480EA010C400218BF5FEABA
:10E5D00041211ED04FF0006343EA501043EA51112D
:10E5E000A0FB01310CF00040B1F5000F3EBF490027
:10E5F00041EAD3715B0040EA010062F17F02FD2A2B
:10E600001DD8B3F1004F40EBC25008BF20F001000D
:10E61000704790F0000F0CF0004C08BF49024CEA24
:10E62000502040EA51207F3AC2BFD2F1FF0340EAB6
:10E63000C250704740F400004FF00003013A5DDC27
:10E6400012F1190FDCBF00F000407047C2F1000268
:10E65000410021FA02F1C2F1200200FA02FC5FEA55
:10E66000310040F1000053EA4C0308BF20EADC709F
:10E67000704792F0000F00F0004C02BF400010F411
:10E68000000F013AF9D040EA0C0093F0000F01F0BE
:10E69000004C02BF490011F4000F013BF9D041EAE0
:10E6A0000C018FE70CEAD15392EA0C0F18BF93EAE2
:10E6B0000C0F0AD030F0004C18BF31F0004CD8D10C
:10E6C00080EA010000F00040704790F0000F17BF93
:10E6D00090F0004F084691F0000F91F0004F14D0D9
:10E6E00092EA0C0F01D142020FD193EA0C0F03D131
:10E6F0004B0218BF084608D180EA010000F0004034
:10E7000040F0FE4040F40000704740F0FE4040F40E
:10E71000400070474FF0FF0C1CEAD0521EBF1CEAAD
:10E72000D15392EA0C0F93EA0C0F69D0A2EB0302CB
:10E7300080EA010C49024FEA402037D04FF0805365
:10E7400043EA111143EA10130CF000408B4238BF2A
:10E750005B0042F17D024FF4000C8B4224BF5B1A38
:10E7600040EA0C00B3EB510F24BFA3EB510340EA86
:10E770005C00B3EB910F24BFA3EB910340EA9C0034
:10E78000B3EBD10F24BFA3EBD10340EADC001B01A4
:10E7900018BF5FEA1C1CE0D1FD2A3FF650AF8B4248
:10E7A00040EBC25008BF20F0010070470CF0004C55
:10E7B0004CEA50207F32C2BFD2F1FF0340EAC25080
:10E7C000704740F400004FF00003013A37E792F041
:10E7D000000F00F0004C02BF400010F4000F013A9F
:10E7E000F9D040EA0C0093F0000F01F0004C02BF9A
:10E7F000490011F4000F013BF9D041EA0C0195E703
:10E800000CEAD15392EA0C0F08D142027FF47DAF9B
:10E8100093EA0C0F7FF470AF084676E793EA0C0F8B
:10E8200004D14B023FF44CAF08466EE730F0004C89
:10E8300018BF31F0004CCAD130F000427FF45CAF19
:10E8400031F000437FF43CAF5FE700BF4FF0FF3C87
:10E8500006E000BF4FF0010C02E000BF4FF0010CDA
:10E860004DF804CD4FEA40024FEA41037FEA226CA3
:10E8700018BF7FEA236C11D001B052EA530C18BFC5
:10E8800090EA010F58BFB2EB030088BFC81738BF2A
:10E890006FEAE17018BF40F0010070477FEA226C18
:10E8A00002D15FEA402C05D17FEA236CE4D15FEA14
:10E8B000412CE1D05DF8040B704700BF8446084648
:10E8C0006146FFE70FB5FFF7C9FF002848BF10F109
:10E8D000000F0FBD4DF808EDFFF7F4FF0CBF01204E
:10E8E00000205DF808FB00BF4DF808EDFFF7EAFFD8
:10E8F00034BF012000205DF808FB00BF4DF808ED93
:10E90000FFF7E0FF94BF012000205DF808FB00BF87
:10E910004DF808EDFFF7D2FF94BF012000205DF80D
:10E9200008FB00BF4DF808EDFFF7C8FF34BF01201A
:10E9300000205DF808FB00BF4FEA4002B2F1FE4F35
:10E940000FD34FF09E03B3EB12620DD94FEA0023B1
:10E9500043F0004310F0004F23FA02F018BF40428A
:10E9600070474FF00000704712F1610F01D1420271
:10E9700005D110F0004008BF6FF0004070474FF025
:10E980000000704742000ED2B2F1FE4F0BD34FF0A1
:10E990009E03B3EB126209D44FEA002343F0004315
:10E9A00023FA02F070474FF00000704712F1610F38
:10E9B00001D1420202D14FF0FF3070474FF000000A
:10E9C000704700BF53B94AB9002908BF00281CBFCF
:10E9D0004FF0FF314FF0FF3000F0C0B9ADF1080C3F
:10E9E0006DE904CE00F058F8DDF804E0DDE902231B
:10E9F00004B0704710B500210446FFF775FF20B939
:10EA00002046BDE8104000F009B804F1004000F0D5
:10EA100005F8404261EB410110BD00BFD0B5FFF7E2
:10EA20002DF900220B4B06460F46FFF77FF9FFF743
:10EA30003FFC0446FFF700F90022074BFFF776F989
:10EA400002460B4630463946FEF7B8FFFFF730FC6A
:10EA50002146D0BD0000F03D0000F041D0B50022BD
:10EA60000B4B06460F46FFF761F9FFF721FC044602
:10EA7000FFF7E2F80022074BFFF758F902460B4672
:10EA800030463946FEF79AFFFFF712FC2146D0BD0B
:10EA90000000F03D0000F0412DE9F047089E0D46D2
:10EAA00004468E46002B40F083808A42174647D9A1
:10EAB000B2FA82F34BB1C3F1200105FA03FE20FA4A
:10EAC00001F19F4041EA0E0E9C404FEA1748BEFB01
:10EAD000F8FC1FFA87F908FB1CE20CFB09F0210C7B
:10EAE00041EA024290420AD9BA180CF1FF3180F093
:10EAF0001881904240F21581ACF1020C3A44121A8E
:10EB0000B2FBF8F008FB102200FB09F1A4B244EAC2
:10EB10000244A14209D93C1900F1FF3280F003817F
:10EB2000A14240F2008102383C44641A002140EACC
:10EB30000C401EB10022DC40C6E90042BDE8F0876F
:10EB400002B9FFDEB2FA82F3002B4FD18D1A0121F8
:10EB50004FEA124E1FFA82F8B5FBFEFC0EFB1C5565
:10EB600008FB0CF0220C42EA0545A84207D97D19A2
:10EB70000CF1FF3202D2A84200F2E98094462D1A2D
:10EB8000B5FBFEF00EFB105508FB00F8A4B244EAFA
:10EB90000544A04507D93C1900F1FF3202D2A04537
:10EBA00000F2D9801046A4EB080440EA0C40C0E70C
:10EBB0008B4208D9002E00F0B1800021C6E9000583
:10EBC0000846BDE8F087B3FA83F100294BD1AB4288
:10EBD00002D3824200F2B980841A65EB030301205C
:10EBE0009E46002EAAD0C6E9004EA7E79F40C3F17B
:10EBF0002002D1404FEA174EB1FBFEF01FFA87F812
:10EC00000EFB101124FA02F29D4000FB08FC2A437F
:10EC1000150C45EA0145AC4504FA03F409D97D1900
:10EC200000F1FF3180F08F80AC4540F28C800238DB
:10EC30003D44A5EB0C05B5FBFEF10EFB115C01FBA1
:10EC400008F995B245EA0C45A94507D97D1901F1A6
:10EC5000FF3274D2A94572D902393D44A5EB0905AA
:10EC600041EA004178E7C1F120078B4022FA07FC16
:10EC70004CEA030C25FA07F44FEA1C4EB4FBFEF9EC
:10EC80001FFA8CF80EFB194420FA07F309FB08FA67
:10EC90008D401D432B0C43EA0444A24502FA01F2C5
:10ECA00000FA01F309D91CEB040409F1FF3048D242
:10ECB000A24546D9A9F102096444A4EB0A04B4FBB5
:10ECC000FEF00EFB104400FB08FAADB245EA044426
:10ECD000A24508D91CEB040400F1FF352DD2A24552
:10ECE0002BD90238644440EA0940A0FB0289A4EB16
:10ECF0000A044C45C6464D4619D316D05EB1B3EB57
:10ED00000E0264EB050404FA07F722FA01F31F432D
:10ED1000CC40C6E900740021BDE8F087314630469A
:10ED20000CE78C46EBE61046FFE64345E6D2B8EB2F
:10ED3000020E69EB0C050138E0E72846D3E71146DF
:10ED40008CE78146B9E7084673E7084649E7ACF126
:10ED5000020C3D4413E702383C4424E7704700BFEF
:10ED600010B50C46416986B001F26C710369826985
:10ED70000491016803EB43030391416802EB4202F3
:10ED8000029181680191C1682046009104490B44B9
:10ED900004490A440449FBF741FC204606B010BD73
:10EDA000B9410B08A4410B0884410B08002102F073
:10EDB0009FBB0A22002102F02BBC000010B50446C4
:10EDC0000448134620B10A4602202146AFF30080D2
:10EDD00010BD00BF0000000008B5801A61EB030100
:10EDE000FEF776FF08BD00002DE9F0410C4607460E
:10EDF00003F026FB21468046384603F025FB436995
:10EE000004469A0703F26C7605D1642296FBF2F36E
:10EE100002FB13637BBB4FF4C87396FBF3F503FB54
:10EE20001565B5FA85F56D093022684B02FB05358D
:10EE300002F0C6FD02F0D0FD654B1B6853B3D8F855
:10EE40000430B34219D1D7E90067D8E90823D8F8CC
:10EE50000010D1B9964277EB030323DAD8E91223E5
:10EE6000964277EB0303B4BF0123002323621BDB2D
:10EE7000D8F828101AE00125D6E7304602F0F8FC51
:10EE80000028E0D14FF0FF3304E0964277EB030314
:10EE900002DA00232362EBE7D8E91223964277EBEC
:10EEA0000303F6DA01232362D8F850104FF46163AC
:10EEB00091FBF3F63C2003FB161393FBF0F200FBEF
:10EEC000123061682368891AA2681B1A921B3B2BB7
:10EED00023606160A26034DD013161603C3B2360EE
:10EEE00063683B2B33DD0132A2603C3B6360A36867
:10EEF000172B32DDE269183B0132E261A269A3609F
:10EF00000132062AC8BF0022A261E26823690132E9
:10EF1000E26055F823108A420EDD0B2BA2EB0102B2
:10EF2000E26003F1010205BF00226369226101333F
:10EF300002BF22616361E26102F048FD2046BDE844
:10EF4000F081002BCCDA013961603C33C7E7002B3C
:10EF5000CDDA013AA2603C33C8E7002BECDAE26973
:10EF60001833013AE261A269A360013A48BF062260
:10EF7000A261E268013AE260002ADDD12369013B27
:10EF800005D42361236955F82330E360D4E70B23CC
:10EF9000236163695A1E626103F26B72930705D1A4
:10EFA000642192FBF1F301FB132363B94FF4C871A1
:10EFB00092FBF1F301FB1323B3FA83F35B0903F52F
:10EFC000B673E361DEE70123F9E700BF40420B08B7
:10EFD000B80400200A44914200F1FF3300D1704789
:10EFE00010B511F8014B914203F8014FF9D110BD52
:10EFF000884210B501EB020402D98442234607D8A7
:10F00000431EA14208D011F8012B03F8012FF8E7A5
:10F01000014602448A4200D110BD13F8014D02F8A6
:10F02000014DF7E703460244934200D1704703F8CD
:10F03000011BF9E7F7B5016804463B2911D93C22C9
:10F04000684602F053FE019A63680099002A0B4457
:10F050006360BBBF3C3203F1FF3322602260B8BF64
:10F06000636061683B2911D93C22684602F03EFE8C
:10F07000019AA3680099002A0B44A360BBBF3C32ED
:10F0800003F1FF3362606260B8BFA360A168172913
:10F0900011D91822684602F029FE019AE368009906
:10F0A000002A0B44E360BBBF183203F1FF33A260B8
:10F0B000A260B8BFE36021690B2911D90C22684610
:10F0C00002F014FE019A63690099002A0B446361FF
:10F0D000BBBF0C3203F1FF3322612261B8BF636111
:10F0E0006369990720D1642193FBF1F201FB12328D
:10F0F000E2B94FF4C87103F26C7393FBF1F201FBB8
:10F100001233002B14BF1C231D23E268002A0FDCDE
:10F110000B2664204FF4C875314FD4F80CC0BCF1F5
:10F12000000F31DD03B0F0BD1C23EEE71D23ECE73B
:10F130004FF0000C64254FF4C876294FD4E9031230
:10F14000012A0CBF184657F822008142EADD01323D
:10F15000091A0C2AE1602261F0D163695A1C9107F7
:10F16000C4E904C237D192FBF5F105FB1122002A54
:10F1700033D103F26D7393FBF6F206FB1233002BCF
:10F1800014BF1C231D23D9E72169013921610131F5
:10F1900014D16369591E8A07C4E9046117D191FB30
:10F1A000F0F200FB1211A1B903F26B7393FBF5F2BD
:10F1B00005FB1233002B14BF1C231D232269012AD7
:10F1C0000CBF1A4657F822206244E260A5E71C23D0
:10F1D000F4E71D23F2E71C23B0E71D23AEE700BFD1
:10F1E000E0410B082DE9F04F8BB0054603F028F9FC
:10F1F0004FF03C0A07462846FFF71CFFD5E90023DD
:10F200000AFB03234FF4616AA868B44A0AFB003A78
:10F21000D5E9034352F82320013C012B6E691444C5
:10F2200011DDB1070FD1642296FBF2F302FB1363E9
:10F2300043B94FF4C87206F26C7191FBF2F302FB12
:10F24000131303B9013444F6206206F51C5310333E
:10F250009342EC6100F26881462E77DD462340F24E
:10F260006D1E64214FF4C8709A0769D193FBF1F2C7
:10F2700001FB1232002A66D103F26C7C9CFBF0F297
:10F2800000FB12C2002A14BF72464FF4B77201335A
:10F290009E421444E8D1924B4FEAEA7BC3FB04AB95
:10F2A00002F08EFB02F098FB8E4BD3F80090B9F180
:10F2B000000F3FD0D5F8209068697B68B9F1010F45
:10F2C00000F26C70C846A8BF4FF0010883427FD19E
:10F2D0003B6D1946DA17CDE90012D7E91212CDE9D4
:10F2E0000212DDE90201BA6A801A61EBE27182451D
:10F2F000CDE906017BEB010171DA0098396A091A40
:10F3000004910198796A61EB00010591396800293F
:10F3100075D0DDE9040182457BEB010105DBDDE908
:10F32000060182457BEB01016FDBB9F1000F4FF065
:10F3300000096FDABB6A1AEB030A4BEBE37BAEE022
:10F3400040F26D12A3E74FF4B772A0E7A3D04523B4
:10F3500040F26D1E64214FF4C87012E062BB93FB53
:10F36000F1F201FB123252BB03F26C7C9CFBF0F217
:10F3700000FB12C2002A14BF72464FF4B772A41ADF
:10F38000013B9E4203F00302E8DBDAB9642296FBFC
:10F39000F2F302FB1363C3B94FF4C87206F26C7147
:10F3A00091FBF2F302FB1313002B40F26D1308BF25
:10F3B0004FF4B773E41A6EE740F26D12DFE74FF4D3
:10F3C000B772DCE740F26D13F4E74FF4B773F1E77F
:10F3D00002F04EFA00287FF47BAFC14654E000985B
:10F3E0000299091A08910198039961EB00010991AA
:10F3F000DDE9080182457BEB0101EEDB7DE7DDE91C
:10F40000040182457BEB010189DBB9F1000F3FDB91
:10F410004FF0010988EA0908B8F1010F34D1B9F1B8
:10F42000000F4FD0D31A2A681AEB030A1A442A6035
:10F430002846D5F80C804BEBE37BFFF7FBFDEA6831
:10F44000B2EB080220D0012A3EDC901CD8BF01227A
:10F45000EB691444D31847D5721E910737D1642144
:10F4600092FBF1F301FB1323A3BB4FF4C87206F226
:10F470006B7696FBF2F302FB1366002E40F26D13DF
:10F4800018BF4FF4B673EB61B9F1010F7FF452AFBF
:10F490004FF001093B6D1AEB030A4BEBE37B02F0E3
:10F4A00095FA0723043494FBF3F3C3EBC303E41A84
:10F4B00048BF0734C5F82090AC61504659460BB0A0
:10F4C000BDE8F08F9B1AAEE74FF0FF32C0E74FF474
:10F4D000B673D8E740F26D13D5E700BF10420B08B2
:10F4E00080510100B8040020B20717D1642196FBB7
:10F4F000F1F201FB1262A2B94FF4C87106F26C7608
:10F5000096FBF1F201FB1266002E40F26D1208BF6D
:10F510004FF4B7729342A8BF9B1AB4E740F26D1242
:10F52000F8E74FF4B772F5E74FF0FF3A4FF0FF3BC3
:10F53000C3E700BF38B50D4B04461D68AB6B7BB904
:10F540001820FBF753F80A4A0A4BA863C0E90023C6
:10F55000094B012283600B2383810023C0E904232C
:10F560000022AB6B1C615A6138BD00BF1000002047
:10F570000E33CDAB34126DE6ECDE0500024610B55D
:10F58000147813460132002CFAD1013B11F8012BFB
:10F5900003F8012F002AF9D110BD0346C9B218465D
:10F5A00013F8012B12B18A42F9D17047002918BF14
:10F5B0000020704710B50446FFF7EFFF18B920464A
:10F5C00000F092FD204410BD10F8012B11F8013B12
:10F5D000012A28BF9A42F7D0D01A7047034611F883
:10F5E000012B03F8012B002AF9D17047024B014689
:10F5F000186800F003B800BF1000002070B5044682
:10F6000008460D4600F070FD461C31462046FBF7CB
:10F6100035F8044618B132462946FFF7DBFC204690
:10F6200070BD0000416940F26C730029A8BF6FF003
:10F630006303CA188B0705D1642192FBF1F301FB28
:10F640001323DBB94FF4C87192FBF1F301FB1323D1
:10F65000B3FA83F35B09D0E90602400000EB021025
:10F66000184441F2A26398423AD021DC01281ADC06
:10F670000028B4BF00204FF0FF3070470123EAE7B5
:10F68000172813D8DFE800F00C0C0C0C12120C0C2D
:10F69000121212121212121212120C0C12120C0C62
:10F6A0004FF0FF3070470A381728E9D9002070471B
:10F6B00041F2B463984206DC41F2B1639842D4BF90
:10F6C000002001207047A0F5B65002381528EDD86B
:10F6D0000123834003481840003818BF01207047B9
:10F6E000012070471F002A002DE9F04F1E4600231D
:10F6F00007460D461C4691B004931378002B00F08A
:10F70000DA84252B1FD192F80190B9F1300F24D063
:10F71000B9F12B0F21D04FF0000902F1010A9AF83C
:10F720000030313B082B1BD850460A2208A902F0B2
:10F7300095F88046DDF820A09AF80030452B12D1CC
:10F740000AF1010A11E0691EA14202D8002400F06A
:10F75000B5BC3B5501320134CFE702F1020ADEE7C6
:10F760004FF00008E8E74F2BEAD09AF80000A0F12C
:10F770002503552BEAD801A252F823F0AB000B0861
:10F780004DF70A084DF70A084DF70A084DF70A0821
:10F790004DF70A084DF70A084DF70A084DF70A0811
:10F7A0004DF70A084DF70A084DF70A084DF70A0801
:10F7B0004DF70A084DF70A084DF70A084DF70A08F1
:10F7C0004DF70A084DF70A084DF70A084DF70A08E1
:10F7D0004DF70A084DF70A084DF70A084DF70A08D1
:10F7E0004DF70A084DF70A084DF70A0811F90A08FB
:10F7F00069F90A08DBF90A0873FA0A084DF70A08DA
:10F80000BDFA0A08B1FB0A08BBFC0A08C9FC0A08D1
:10F810004DF70A084DF70A084DF70A08F9FC0A08DF
:10F820004DF70A084DF70A080DFD0A084DF70A08BA
:10F830005DFD0A0873FE0A0883FE0A08D7FE0A085F
:10F84000E7FE0A0859FF0A08D3F90A088DFF0A08DB
:10F8500059000B084DF70A084DF70A084DF70A083A
:10F860004DF70A084DF70A084DF70A08D5F80A08B7
:10F870003FF90A0895F90A084FFA0A084FFA0A08E8
:10F880004DF70A0813FB0A083FF90A084DF70A0862
:10F89000EBFC0A08BBFC0A08C9FC0A08F3FC0A08CE
:10F8A000FDFC0A084DF70A080DFD0A084DF70A0885
:10F8B000C3F90A086FFD0A0877FE0A08BDFE0A08A8
:10F8C0004DF70A084BFF0A08CBF90A0871FF0A082E
:10F8D000E9FF0A08B369A94A183352F82380404661
:10F8E00000F002FC08F1FF3820446B1EA04207D153
:10F8F0009AF80030002B00F0DE830AF10102FCE6EA
:10F90000A3427FF623AF18F8012F3A550134EDE7F3
:10F91000B2699A4B03EB8203D3F87C80404600F037
:10F92000E3FB08F1FF3820446B1EA042E0D0A34265
:10F930007FF60CAF18F8012F3A550134F5E78F4BDD
:10F94000326953F82280404600F0CEFB08F1FF38C0
:10F9500020446B1EA042CBD0A3427FF6F7AE18F82E
:10F96000012F3A550134F5E73369844A0C3352F8D4
:10F970002380404600F0B8FB08F1FF3820446B1E9E
:10F98000A042B5D0A3427FF6E1AE18F8012F3A5558
:10F990000134F5E7794BD3F8A080404600F0A4FB92
:10F9A00098F80030002BA3D01A9B424600933346B0
:10F9B000291B3819FFF798FE00287FF7C7AE0444CB
:10F9C00096E76E4BD3F8E480E7E76C4BD3F89C8066
:10F9D000E3E76A4BD3F89880DFE76949D6F814B0BB
:10F9E0008B45ACBF00210121BBF1000F10DB64206F
:10F9F0009BFBF0F01330B9F1000F13D0632824DD26
:10FA0000604A614BB9F12B0F18BF13465F4A0BE0F8
:10FA10000BF26C70059102F065F96423059990FB77
:10FA2000F3F0E8E7574B5A4AB8F1020F2CBFC1EB8D
:10FA30000801C1F1020101900091514855498345E7
:10FA4000B8BF0B46291B381929E04E4BDEE7524957
:10FA5000524AF368642808BF0A46291B3819FAF786
:10FA6000F5FD0028FFF672AE0444A5423FF640AF14
:10FA70006CE670693369002803F1010B07EB040899
:10FA8000F368A5EB04090DDB642190FBF1F201FBA7
:10FA90001202CDE9003249465B464046404AFAF739
:10FAA000D5FDDEE700F26C70059302F01BF96422CD
:10FAB00090FBF2F1059B01FB1202EAE725238DF88A
:10FAC0002030B9F1000F13D0B8F1060F38BF4FF056
:10FAD0000608B8F106038DF821900ED10DF1220031
:10FAE0003049FFF77BFD1A9B08AA009333465FE776
:10FAF0004FF02B094FF00A08EBE71E212A4A0DF1BF
:10FB00002200FAF7A3FD0028E8DD0DF122031844D6
:10FB1000E6E73046FFF786FD80467069002811DB76
:10FB2000642290FBF2F302FB13039844642398FBD6
:10FB3000F3F003FB10889844B8FBF3F203FB128345
:10FB4000154A8AE700F26C7002F0CCF8642390FB4F
:10FB5000F3F2B8F1000F02FB130306DA7169134ADE
:10FB60009142B8BF4FF00108DFE7DED07169044A67
:10FB70009142B8BF4FF0FF38D7E700BFA8440B0849
:10FB800094F8FFFFAA380B08AF420B08A7420B08F6
:10FB9000A0420B08B1380B08BF420B08B1420B085A
:10FBA000B5420B08FB420B08C4420B0895F8FFFF57
:10FBB000B74B716930469942ACBF00230123CDE9B0
:10FBC0000531FFF72FFD0699834600292ADB6422C1
:10FBD00091FBF2F21332706900282DDB4FF0640CB8
:10FBE00090FBFCFE0CFB1E00BBF1000F33DA7169C9
:10FBF000A84B994239DB0BEB0003591C3AD1632324
:10FC0000013A642000FB0232059B002B37D02D23E4
:10FC10008DF82030B8F1000F01D008F1FF380DF158
:10FC2000210337E001F26C70069102F05BF8642268
:10FC3000069990FBF2F2CEE700F26C70CDE9061265
:10FC400002F050F8DDE906124FF0640C90FBFCFE68
:10FC50000EFB1C00C8E7CED08D4B9942B6BF0123E6
:10FC600000234FF0FF3B0593C5E74FF0010BCDF8A4
:10FC700014B0C0E7642B04BF00230132C1E7B9F11F
:10FC80002B0F06D142F20F739A4202D98DF82090C1
:10FC9000C0E708AB25211970B9F1000F09D1581C34
:10FCA0007D490592FFF79AFC059A0092434608AAFF
:10FCB00058E03021981C5970F2E77849784AB368C7
:10FCC0006B2808BF0A46C8E6B36863B10C2B04D0A2
:10FCD0000C2193FBF1F201FB123371496F4A492861
:10FCE00008BF0A46B9E60C23F7E7F3696D4A01330A
:10FCF000B3E63369013323E7736821E76B1EA34240
:10FD00007FF624AD0A233B550134F1E5B3680B2B94
:10FD1000CCBFA422A022644B1344D3F804804046F5
:10FD200000F0E2F908F1FF32204405F1FF3CA04267
:10FD30003FF4DEADA4457FF609AD9AF8001012F845
:10FD4000013F502907D15949C95C01F0030101293C
:10FD500008BF2033DBB23B550134E8E77368544AEF
:10FD60000093B368291B3819FAF770FC79E6336AF7
:10FD7000002B7BDB01F024FE049B0BB901F02CFE71
:10FD800002F05EFB336A002BCCBF50232823C358FC
:10FD9000C3F1000901F01AFE01230493D6F814C040
:10FDA000A5EB040E6246BCF145014FEAE2730291F5
:10FDB00043F1FF310391DDE90201002871F10001F7
:10FDC00007EB040805DABCF1420143F1FF3302916D
:10FDD0000393029B0CF1FF329808039B40EA837067
:10FDE0009910642392FBF3F3C01A61EBE3714FF4B3
:10FDF000C8730CF22B1292FBF3F3C01841EBE371C2
:10FE000040F26D13ACF1460C03FB0CFC10EB0C0044
:10FE100041EBEC714FF0180CF369C01841EBE37142
:10FE2000A0FB0C230CFB01334FF03C0CB1685218C3
:10FE300043EBE173A2FB0C010CFB03117368C018C8
:10FE400041EBE371A0FB0C230CFB0133316840460E
:10FE5000521843EBE173B2EB090263EBE973CDE9AE
:10FE600000237146134AFAF7F1FBFAE54FF0000957
:10FE700094E7336864E66B1EA3427FF667AC092300
:10FE800041E733680C4A019373680093B368D9E57E
:10FE900094F8FFFF95F8FFFFC8420B08B1420B082A
:10FEA000BF420B08CC420B08A8440B08E1450B08E5
:10FEB000DB420B08D1420B08D6420B086B1EA34253
:10FEC0007FF644ACB3693A19013413B93723137080
:10FED0000EE53033FBE7F369B26907339B1A07225B
:10FEE00093FBF2F32CE63046FFF79CFBB26932B18C
:10FEF000013A002827DCF36903D10A33EEE7062232
:10FF0000F7E77069D31A002840F26B72A8BF6FF050
:10FF100064021044820705D1642290FBF2F102FBD7
:10FF2000110171B94FF4C87190FBF1F201FB12029B
:10FF3000B2FA82F252099A1A052AB4BF3523342341
:10FF4000FEE50122F7E70123FAE56B1EA3427FF6E7
:10FF5000FDABB3693033D6E6B3693BB1013BF2691F
:10FF60000732D21A072392FBF3F3E9E50623F6E7FB
:10FF70007069002805DB642290FBF2F303FB120397
:10FF8000DEE500F26C7001F0ADFEF4E773694D4AF6
:10FF900093420CDA2D21A2EB030B8DF82010B8F15F
:10FFA000000F01D008F1FF380DF121030CE0B9F189
:10FFB0002B0F03F26C7B06D142F20F739B4502D9E3
:10FFC0008DF82090EBE708AB25221A70B9F1000FED
:10FFD00006D1581C3C49FFF701FBCDF800B065E69F
:10FFE0003022981C5A70F5E7336A002BFFF680AC7C
:10FFF00001F0E6FC049B0BB901F0EEFC02F020FAE4
:02000004080BE7
:10000000336A07EB0409002BCCBF50232823C358C5
:10001000A5EB040BC3F1000801F0D8FC3C2398FBCE
:10002000F3F002F0C1FA3C2390FBF3F202FB130061
:100030004FF46163009098FBF3F359464846234A16
:10004000FAF704FB0028FFF681AB0444A5427FF6D3
:100050007DAB012304934BE4336A002BFFF648ACDD
:1000600001F0AEFC049B0BB901F0B6FC336A184AF0
:10007000002BD4BF0023012352F82380404600F018
:1000800033F808F1FF3820446B1EA04202D101F082
:100090009DFCDEE7A34204D918F8012F3A5501343C
:1000A000F3E701F093FCFFF751BB6B1EA3427FF611
:1000B0004DAB252327E60DB100233B55204611B05B
:1000C000BDE8F08F94F8FFFFC8420B08E5420B082B
:1000D0007400002013B5034C0094FFF705FB02B039
:1000E00010BD00BFDC000020034613F8012B002ADE
:1000F000FBD1181A0138704710B56AB1013984185C
:1001000010F8013B11F8012F934203D1A04201D016
:10011000002BF5D1981A10BD1046FCE7034610B528
:10012000013932B111F8014F013A03F8014B002CAB
:10013000F7D100211A44934200D110BD03F8011BEE
:10014000F9E783070FD1642290FBF2F302FB13035C
:100150005BB94FF4C87290FBF2F302FB1300B0FAE4
:1001600080F040097047002070470120704770B54B
:100170000421044640F2B1750726013CAC4201DC83
:10018000084670BD2046FFF7DCFF01F26D11014407
:1001900091FBF6F0C0EBC000091AEEE72DE9F04143
:1001A00005460E469046002456F8240010B94FF03C
:1001B000FF340DE0FFF798FF43460746024656F826
:1001C0002410286802F058FE28B9286838442860AE
:1001D0002046BDE8F0810134E6E700002DE9F04F4C
:1001E0000F4614461E46002587B0DFF84893DFF817
:1001F000488301903A786ABB05F00703072B40F06B
:100200000983EA0612D4C54B2669606953F82610A3
:10021000E36800F26C701944E161FFF792FF08B1E6
:10022000012E01DC0139E16145F0100505F01C05E6
:10023000142D0DD1606900F26C70FFF798FFE3692F
:100240001844072390FBF3F3C3EBC303C01AA06168
:10025000019821E212F8093018070AD5019B1A7893
:1002600019F80220110701D40137C3E701330193C4
:10027000F4E7252A40F0CA827B78002B00F0C68282
:10028000452B00F0BB804F2B00F0B8800137A3F165
:100290002502D1B2542900F2AC82542A00F2A9827C
:1002A00001A151F822F000BFEB070B08F3070B0880
:1002B000F3070B08F3070B08F3070B08F3070B080A
:1002C000F3070B08F3070B08F3070B08F3070B08FA
:1002D000F3070B08F3070B08F3070B08F3070B08EA
:1002E000F3070B08F3070B08F3070B08F3070B08DA
:1002F000F3070B08F3070B08F3070B08F3070B08CA
:10030000F3070B08F3070B08F3070B08F3070B08B9
:10031000F3070B08F3070B080B040B0829040B0861
:1003200047040B088D040B08F3070B08BF040B08E8
:10033000F3070B08E3040B08FF040B08F3070B0893
:10034000F3070B08F3070B087D050B08F3070B08F1
:10035000F3070B08F3070B08F3070B08DD050B0881
:100360003F060B085F060B089F060B08DD060B080F
:100370002F070B08A1070B08CD070B0869020B0814
:10038000F3070B08F3070B08F3070B08F3070B0839
:10039000F3070B08F3070B0823040B0841040B08B1
:1003A0006F040B089F040B089F040B08F3070B084E
:1003B000F3070B0841040B08F3070B083D050B0876
:1003C000E3040B08FF040B085F050B0897050B08F7
:1003D000F3070B08A3050B08F3070B08C5050B086B
:1003E000E5050B0857060B0867060B08F3070B0813
:1003F00083060B0897070B08AB070B08BB78BA1CE2
:10040000002B00F0F181174641E73246444901A82C
:10041000FFF7C4FE0028C0F23E81A06145F0080548
:1004200022E732463F49F2E732463F4901A8FFF74B
:10043000B5FE0028C0F22F81206145F0020513E7C8
:1004400032464146F2E733460A22019803A901F0F9
:10045000D5F8039A019B9A4200F01D81642358430A
:10046000A0F26C706061019245F00405FCE6334631
:100470002246D8F8A0100198FFF7B0FE039000289C
:1004800000F00981019045F00F05EDE63346224664
:1004900026490198FFF7A2FE0390F0B9FBE033462E
:1004A0000A22019803A901F0A9F8039B019A93423B
:1004B00000F0F180E060019345F00105D4E6334699
:1004C00022461B490198FFF789FE0390002800F09F
:1004D000E280019B984200F0DE80019045F0070524
:1004E000C2E633460A22019803A901F087F8039B6C
:1004F000019A934200F0CF80A0600193B4E63346A6
:100500000A22019803A901F079F8039B019A93420A
:1005100000F0C1800C2808BF0020EDE704430B0861
:1005200024450B0808450B08D8440B08F1420B087A
:10053000FA420B08E1450B08A8440B0833460A228F
:10054000019803A901F05AF8039B019A934200F025
:10055000A2800138E061019345F0100584E633463E
:100560000A22019803A901F049F8039B019A9342DA
:1005700000F091800138206101935EE733460A2242
:10058000019803A901F03AF8039B019A934200F005
:1005900082806060B1E7019B1A780A2A00F02E8100
:1005A00079E03246AC4901A8FFF7F8FD002872DB7C
:1005B000A3682BB901287FF457AE0C23A36053E640
:1005C0000C33FBE733462246D8F8E4100198FFF7D6
:1005D00005FE039000285ED0019045E63346224692
:1005E0009E49F3E7FAF752F80568FAF74FF8002347
:1005F0000A22036003A93346019801F0A9F8824654
:100600008B46039A019BCDE904AB9A4243D0FAF79B
:100610003DF80368002B3ED1DDE904235B4508BFAC
:10062000524538D1214604A8FEF7DEFB844232D180
:10063000FAF72CF8039B05601F25019314E6334657
:100640000A22019803A900F0D9FF039B019A934263
:1006500021D0206051E7019B1A78092A9EE7334692
:1006600022467F49B2E733460A22019803A900F0E7
:10067000C5FF039B019A93420DD00138A0610193FD
:10068000CCE633460A22019803A900F0B7FF039B8A
:10069000019A9342F2D1002007B0BDE8F08F3346B3
:1006A0000A22019803A900F0A9FFDDF80CB0019B14
:1006B00082469B45EFD06069CAEBCA0A00F26C70B3
:1006C000FFF755FDA36953441B1A002BE36102DABF
:1006D000A0610023E361CDF804B03DE733460A2270
:1006E000019803A900F08AFFDDF80CB0019B824657
:1006F0009B45D0D0606900F26C70FFF738FD07238E
:10070000821D92FBF3F3C3EBC303D21A032ACCBFBF
:10071000002307230AF1FF30C0EBC0000344A069A7
:1007200003449B1A002BE361D5DAA261D1E733467B
:100730000A22019803A900F061FFDDF80CA0019BDB
:1007400083469A45A7D0606900F26C70FFF70FFDF1
:100750004FF0070C831D93FBFCF2A169C2EBC202B0
:1007600006319B1A91FBFCF2C2EBC202891ACBEB59
:10077000CB020A44D21A002AE26109DA013393FB60
:10078000FCFCCCEBCC0CA3EB0C03A3610023E361DA
:10079000CDF804A0E0E633462246D8F89C1078E66F
:1007A00033462246D8F8981010E733460A220198BB
:1007B00003A900F023FF039B019A93423FF46BAF20
:1007C000452800DC6430606101934DE633460A221F
:1007D000019803A900F012FF039B019A93423FF492
:1007E0005AAFA0F26C70EEE70137019B1A78252A08
:1007F000D4E6019A1178252902D1019B01337CE6C8
:10080000511C019152789A42F7D044E7019B197824
:100810009142C3E605F01403142B7FF407AD15F0E5
:10082000020303D1E1691E291EDC2361EB073FF5BA
:10083000FDAC26690B4BE16953F826306069C91A93
:10084000E16000F26C70FFF77CFC10B1012E3FF705
:10085000EDAC0131E160E9E44C450B083D310B089A
:1008600098350B0804430B086069084E00F26C7061
:10087000FFF767FC022356F823200244914202DB73
:1008800001330C2BF7D1013BCFE700BF04430B082A
:10089000014BFFF7A3BC00BFDC00002038B50346C6
:1008A0000C4669B9BDE83840FEF777BE0546431CE3
:1008B00021461846FEF771FE0028F7D1284638BDBC
:1008C0000025F5E72DE9F0410F46904602F084F946
:1008D00004460D46B8F1000F11D0C7F30A53C3F117
:1008E0006B03002B0BDD00241B0503F17F5505F581
:1008F000401522462B46FDF719FA04460D462046C0
:100900002946BDE8F08100002DE9F04F9B46002309
:10091000A1B01C93A14B82461F680E463846179221
:10092000FFF7E2FB4FF0000804464FF000091B966A
:100930001B9B1A782B2A4CD03AD80D2A33D8082A78
:1009400033D8002A3DD000230C931B9D2B78302BED
:1009500040F0AF806B7803F0DF03582B6CD10C9B19
:10096000504601931CAB00938D4ACDF808B01DABE7
:100970001BA901F037FA10F00706044605D0062E31
:1009800029D1002301351B950C93179B002B40F0B8
:1009900096850C9BD3B1424609F100431046194697
:1009A00021B0BDE8F08F202ACDD101331B93BFE7E2
:1009B0002D2AC8D101220C925A1C1B925B78002B65
:1009C000C3D1179B1B96002B40F0778542464B46C0
:1009D000E4E70022EFE71C9A3AB135211EA802F0A5
:1009E000F2F950461C9901F02DFE013E052E07D864
:1009F000DFE806F00E0B181D0E034FF00009C84685
:100A00002107C2D549F00049BFE7DDE91E89F7E7B4
:100A10001D9ADDE91E8302F2334223F4801343EA78
:100A20000259EDE74FF00008DFF87891E8E76FF042
:100A300000494FF0FF38E3E71B9B5A1C1B925B7881
:100A4000302BF9D0002BA0D0012307931B9B0A2247
:100A5000089300239B46CDE905331B980578A5F143
:100A60003003D9B2092926D922463946FFF744FB7B
:100A7000002832D000202B465C4602460490652BAD
:100A800001D0452B13D11CB9079B034399D00024F7
:100A90001B9E731C1B9373782B2B78D02D2B7BD034
:100AA0000027A3F13001092940F282801B9600251E
:100AB0009EE00023C9E7BBF1080FD5BF0699059951
:100AC00002FB013302FB013300F10100D4BF0693A6
:100AD00005930BF1010B1B90BFE71B9B1A191B928F
:100AE0001B5DBBF1000F36D05C460490A3F13002D1
:100AF000092A12D90122C2E71B9B01305A1C1B9202
:100B00005B78302BF8D0A3F13102082A00F2DC84A4
:100B10000490002004461B9A0892303B00F1010229
:100B200013D0049905191144049122460A21AA42BE
:100B300013D12218082A04F1010404441BDC0A2200
:100B4000069902FB0133069300221B9B1046591C99
:100B50001B915B78CAE75846D3E7082A04DC069F56
:100B60004F4306970132E2E7571C102FDEBF059F67
:100B70004F430597F6E7102CDFBF0A22059902FBC9
:100B800001330593E0E70023012204937CE700276B
:100B9000B31C1B93B37884E70127F9E7E4460B08FD
:100BA00040430B080000F07F1B9B591C1B915B7896
:100BB000302BF9D0A3F1310108293FF678AF4FF07F
:100BC0000A0EA3F1300C1B9B09931B9B591C1B9114
:100BD0005B78A3F13005092D35D9099D491B0829FA
:100BE00044F61F6502DC6545A8BF654607B16D4246
:100BF000002C4CD1079901437FF4C7AE002A7FF443
:100C0000E0AE692B26D023DC492B23D04E2B7FF47A
:100C1000D8AE9C491BA801F021FB00283FF4D1AEBF
:100C20001B9B1B78282B2CD197491EAA1BA801F0CF
:100C300029FB052825D11F9BDDF8788043F0FF496B
:100C400049F4E009A1E60EFB0C3CACF1300CBCE72A
:100C50006E2BDCE78D491BA801F000FB00283FF458
:100C6000B0AE1B9B8A49013B1BA81B9301F0F6FA0F
:100C700010B91B9B01331B934FF00008DFF8209243
:100C800083E6844802F0F2F8804689467DE6049BBC
:100C9000BBF1000F08BFA346EB1A102C069826469E
:100CA0000793A8BF1026FCF7C7FF092C804689468A
:100CB00013DD794B03EBC60353E91223FDF736F836
:100CC000804605988946FCF7B7FF02460B4640462A
:100CD0004946FCF775FE804689460F2C36DC079B9B
:100CE000002B3FF452AE22DD162B09DC6A4C424643
:100CF00004EBC3044B46D4E90001FDF717F8C3E742
:100D0000079AC4F12503934220DB634DC4F10F041D
:100D100005EBC4014246D1E900014B46FDF706F858
:100D2000079B1C1B05EBC405D5E90023E5E7079BE2
:100D300016330BDB049B584A5D1B02EBC50540468E
:100D4000D5E900234946FDF71BF99DE7079BA61B44
:100D50001E44002E71DD16F00F030AD04E494246A4
:100D600001EBC301D1E900014B46FCF7DFFF8046F0
:100D7000894636F00F0650D0B6F59A7F27DD4FF042
:100D8000000BCDF810B0CDF820B0CDF818B022236C
:100D90004FF00008DFF80891CAF80030089B002BDC
:100DA0003FF4F3AD50461C9901F04CFC50460699B7
:100DB00001F048FC5046049901F044FC5046089963
:100DC00001F040FC5946504601F03CFCDDE50023B3
:100DD000404649461F463611012E21DC0BB18046A4
:100DE00089462E4BA9F1547903EBC7074246D7E950
:100DF00000014B46FCF79AFF294B0A460B40294954
:100E000080468B42BBD8A1F580118B4286BF4FF044
:100E1000FF38DFF8949002F15479002305937EE0C7
:100E2000F20707D51D4B03EBC703D3E90023FCF7FB
:100E30007DFF012301377610CEE7EED0764216F023
:100E40000F020AD0144B404603EBC2034946D3E9D4
:100E50000023FDF795F8804689463611DDD01F2E18
:100E600024DD4FF0000BCDF810B0CDF820B0CDF858
:100E700018B022234FF000084FF00009CAF80030E4
:100E80008CE700BF91430B0854430B0834430B0815
:100E900037430B08AA380B0820470B08F8460B0805
:100EA0000000F07F0000A07CFFFFEF7F16F0100332
:100EB00018BF6A234046059349460023B24FF20704
:100EC00004D5D7E90023FCF731FF0123761007F1A1
:100ED0000807F4D10BB180468946059BBBB1C9F325
:100EE0000A53C3F16B03002B494610DD1F2B40F35F
:100EF0002B81342BD8BF4FF0FF324FF00008CFBF0B
:100F00004FF05C79203B02FA03F303EA0109002267
:100F1000002340464946FDF771F90028A1D1069B00
:100F20005A46009350462346089901F0E0FB08908A
:100F300000283FF424AF049B4FF0000B5D1B079B80
:100F4000CDF810B0002BB4BF2B4600230E93079BA7
:100F500023EAE3731693089B5046596801F03EFB61
:100F6000069000283FF413AF089B0C301A6903F178
:100F70000C0102329200FEF72DF81EAB01931DAB5F
:100F8000009342464B465046CDE90A8901F09EFE49
:100F90001C9000283FF4FBAE0121504601F033FCC9
:100FA0000346049000283FF4F2AE1D9D1E9A002DCA
:100FB000ABBF0E9B169BEE185C1B059BA8BF169C37
:100FC000A5EB03051544714B05F1FF35B8BF0E9E27
:100FD0009D42C2F1360280F2C9805B1B1F2B4FF08D
:100FE0000107A2EB030200F3B680002507FA03F322
:100FF0000F93B718059BBE4214441C443346A8BF48
:101000003B46A342A8BF2346002BC2BFFF1AE41AE7
:10101000F61A0E9B002B17DD1A465046049901F074
:1010200097FC049000283FF4B2AE01461C9A50464B
:1010300001F0F2FB099000283FF4A9AE50461C993C
:1010400001F000FB099B1C93002F00F39380079B8A
:10105000002B08DD5046169A069901F079FC06909F
:1010600000283FF494AE002C08DD22465046069935
:1010700001F0BCFC069000283FF489AE002E08DD8C
:1010800032465046049901F0B1FC049000283FF428
:101090007EAE5046069A1C9901F022FD8346002838
:1010A0003FF475AE0024C3680499C4600D9301F049
:1010B000FCFCA04270DA0D9B53EA080340F09680D6
:1010C000C9F31303002B40F0918029F000431B0D5E
:1010D0001B05B3F1D66F40F28980DBF8143023B9D9
:1010E000DBF81030012B40F3818059460122504635
:1010F00001F07CFC0499834601F0D7FC002875DDE3
:1011000005994B46224A002900F0918002EA090124
:10111000B1F1D66F00F38B80B1F15C7F7FF7A9AEA0
:1011200000231C4A4046CDE914324946DDE9142328
:10113000FCF7FCFD0B46034308BF2223804689468B
:1011400008BFCAF800302DE64FF0FF3202FA03F371
:1011500003EA0808DBE6C5F17F4505F57F0505F5DF
:101160007B45E23507FA05F50F9742E70123002595
:101170000F933EE73A4650461C9901F037FC1C900D
:1011800000287FF464AF02E668430B0802FCFFFF0F
:101190000000F07F00005039CDF8249066D10D9A00
:1011A000C9F313035AB39C4A93422CD1059B404682
:1011B00003B34B46994A4FF0FF311A40B2F1D46F56
:1011C0001BD8120DC2F16B0301FA03F398421AD136
:1011D000934B099A9A4202D101303FF4D8AD4FF0B7
:1011E00000088E4B099A1A4002F58019059B002BC6
:1011F00096D1D7E54FF0FF33E8E70B46E6E753EA31
:1012000008033FF47DAFE5B1099B1D42EED00D9B75
:1012100040464946059AC3B1FFF754FB02460B46C8
:10122000DDE90A01FCF7CCFB80468946DEE7134086
:10123000A3F580136FEA13594FF0FF386FEA09598D
:10124000D4E70F9B13EA080FE0E7FFF73BFB0246EA
:101250000B46DDE90A01FCF7B1FB002200238046C2
:101260008946FCF7CBFF0028C0D002E65846049917
:1012700001F07BFD00224FF0804306460F46FCF74D
:10128000D1FF002875D00D9B002B47D00026654F5D
:10129000644D099B23F000431B0D1B050F930F9A10
:1012A000614B9A4240F0C880DDE90A23CDE914235E
:1012B000099B4046A3F15479494601F08DFC024652
:1012C0000B4630463946FCF731FD42464B46FCF7AB
:1012D00077FB0B465149554A1940914280465ED9E9
:1012E0000B9B02F15472934203D10A9B01333FF4EA
:1012F0004EAD4FF0FF38DFF8289150461C9901F0B1
:10130000A1F95046069901F09DF95046049901F063
:1013100099F95946504601F095F91CE6B8F1000FCD
:1013200019D1099BC3F31303E3B9002230463946B0
:101330003C4BFCF76DFFC8B90022304639463C4BA8
:10134000FCF7F4FC04460D4605F10043189419938C
:10135000DDE918679DE7B8F1010F03D1099B002B68
:101360003FF487AD00260024324F91E70D9C304DAD
:10137000EAE72F4B002230463946FCF7D7FC0D9B9D
:1013800004460D4633B901F1004310901193DDE995
:1013900010677EE702460B46CDE91023F7E703F11D
:1013A0005479059B002BA8D129F000430F9A1B0DFF
:1013B0001B059A42A1D12046294601F0EDFDFCF71C
:1013C00087FC02460B4620462946FCF7F7FA0D9AA1
:1013D000C9F3130343EA0803134304460D4666D0DA
:1013E00009A3D3E90023FCF713FF00287FF4DAAC4C
:1013F00007A3D3E9002320462946FCF727FF00284E
:101400003FF47BAFCEE400BF9535A094FFFFDF3FF4
:1014100035E5AF350000E03FFFFF0F000000F07F33
:10142000FFFFEF7F0000F03F0000E07FFFFF9F7CA9
:101430000000E03F0000F0BF059B13B30F9BB3F12A
:10144000D46F1ED826A3D3E9002320462946FCF7F3
:10145000E9FE90B129462046FCF72AFF012838BF53
:101460000120FCF7E9FB0D9B04460D46D3B901F1C1
:10147000004312901393DDE912670F9A07F1D663C8
:101480009F1ADDE90A0101F0A7FB02460B46304630
:101490003946FCF74BFCDDE90A23FCF791FA80465C
:1014A00089467EE702460B46CDE91223E3E70EA309
:1014B000D3E90023FCF7ACFEA1E700230C931B9BB0
:1014C000179A1360FFF765BA652B3FF45CAB452BA9
:1014D0003FF459AB0122FFF78DBB00BFAFF3008093
:1014E0000000C0FFFFFFDF419535A094FFFFCF3F15
:1014F0000A4601460248034B0068FFF705BA00BFE1
:1015000010000020DC0000202DE9F0478C468646C4
:10151000394E60461CF8014BA55D15F00805F8D161
:101520002D2C33D14FF001089CF8004000F1020C43
:10153000002B5CD0102B0CD1302C0AD19CF8000071
:1015400000F0DF0058284DD110239CF801400CF129
:10155000020C002608F10047013FB7FBF3F93046C3
:1015600003FB197AA4F13005092D18D82C46A342A3
:1015700024DD751C07D081451DD301D1A2451ADB9E
:10158000012600FB03401CF8014BEBE72B2C08BFA6
:101590009CF80040A84608BF00F1020CC8E7A4F17F
:1015A0004105192D01D8373CE1E7A4F16105192D5A
:1015B00004D8573CDBE74FF0FF36E4E7731C06D155
:1015C00022233846CEF8003042B9BDE8F087B8F1A2
:1015D000000F00D04042002AF7D00EB10CF1FF31CD
:1015E0001160F2E73024002BB3D10823B1E7302C8F
:1015F000A4D00A23ADE700BFE1450B0813460A4615
:10160000014602480068FFF77FBF00BF10000020BE
:1016100013460A46014602480068FFF775BF00BF3F
:10162000100000202DE9F04F88461F460D469146D8
:1016300087B0464A05902B4615F8014BA65C16F07C
:101640000806F8D12D2C47D101262C789D1C002F9F
:1016500077D0102F09D1302C07D12B7803F0DF037E
:10166000582B69D110276C7802354FF0FF326FF09C
:10167000004390194FEAE77B43EBE6713A465B463D
:10168000CDE90001FDF79EF9CDE90201BA46964683
:10169000002300200021A4F1300CBCF1090F20D858
:1016A0006446A7422EDD5A1C13D0DDE902238B428B
:1016B00008BF824223D301D1A64520DB0AFB01F3F8
:1016C00000FB0B33AAFB000119440123001941EB75
:1016D000E47115F8014BDEE72B2C04BF2C789D1C20
:1016E000B5E7A4F1410CBCF1190F01D8373CD8E79C
:1016F000A4F1610CBCF1190F04D8573CD1E74FF0AD
:10170000FF33E6E75A1C0AD1DDE900012223059ADE
:101710001360B9F1000F0AD107B0BDE8F08F16B120
:10172000404261EB4101B9F1000FF5D00BB105F179
:10173000FF38C9F80080EFE73024002F95D1082743
:1017400093E7302C89D00A278FE700BFE1450B08CB
:1017500013460A46014602480068FFF763BF00BF10
:10176000100000202DE9F0438C4686463A4E604634
:101770001CF8014BA55D15F00805F8D12D2C34D1CE
:101780004FF001089CF8004000F1020C002B5ED0E5
:10179000102B0CD1302C0AD19CF8000000F0DF0097
:1017A00058284FD110239CF801400CF1020C4FF047
:1017B000FF37B7FBF3F7002503FB07F928466FEA6D
:1017C0000909A4F13006092E18D83446A34224DDB5
:1017D000002D1FDB87421DD301D1A1451ADB012556
:1017E00000FB03401CF8014BEBE72B2C08BF9CF8D7
:1017F0000040A84608BF00F1020CC7E7A4F141066B
:10180000192E01D8373CE1E7A4F16106192E04D85E
:10181000573CDBE74FF0FF35E4E7002D07DA2223E2
:101820004FF0FF30CEF8003042B9BDE8F083B8F198
:10183000000F00D04042002AF7D00DB10CF1FF316B
:101840001160F2E73024002BB1D10823AFE7302C30
:10185000A2D00A23ABE700BFE1450B0813460A46B6
:10186000014602480068FFF77DBF00BF100000205E
:101870002DE9F74F804600F0E3FD40F2B173984543
:1018800040F397806FF4F66340F26D1243449B106F
:10189000A8F2B27502FB05356FF06302A8F26D7312
:1018A00093FBF2F36FF4C8621D444FF4C8734244D3
:1018B000B2FBF3F298FBF3F71544642203FB17879E
:1018C00098FBF2F6B7FA87FC04464FF0070E02FBCE
:1018D000168608F00303C0F804804FEA5C1C00F190
:1018E000500B0093227A63694A2A28D10099EA189A
:1018F00001B906B90FBB3B2BD4BF0023012313440E
:101900005A1EA3692C49283401FB02322368134470
:101910001A46DB1744E90223A345E3D1D0E9084581
:10192000D0E91223944275EB0303B4BF01230023D3
:101930000360012003B0BDE8F08F0023DFE7442AF5
:1019400001D1EA18DDE7009A6ABB002E0CBFE04621
:101950004FF001084FF0300AE2684FF000090192A1
:101960002A4616490AFB0818A8F10408019909F14A
:101970000109494558F829A017DC02F1040898FB31
:10198000FEF9C9EBC909A8EB0909B3EB09092369F9
:1019900048BF09F10709013BC3EBC3034B4453455F
:1019A00005DA1A44ADE7E046D4E75244DEE7073BE8
:1019B000F5E70020BEE700BF8051010040420B0860
:1019C000014800F0F5BD00BFCB040020014800F045
:1019D000F1BD00BFCB040020014B186800F002B835
:1019E000100000202DE9F04F8DB0074600F028FDD3
:1019F000B0490546384600F01BFDAF4E044670B9AD
:101A0000AE4BAF4A1860AF4B1860AF4B3068C3E9BC
:101A10000022F8F7F3FD34600DB0BDE8F08F3168B7
:101A200000295FD13068F8F7E9FD2046FEF75CFB3E
:101A3000411C3846F8F722FE3060002857D1237841
:101A40000AAE3A2B08BF0134334620469F4AA049CC
:101A5000F8F7ECFD0028DFDD0A9BE718E35C2D2B8F
:101A600049D14FF0FF3401374FF000080DF1200A43
:101A70000DF11E0B33463846CDE9016A95490396B0
:101A8000CDF800B007AAADF81E80ADF82080F8F7B9
:101A9000CDFD4045C0DD3C21BDF81E30BDF8202005
:101AA000DFF83C9201FB03224FF46161BDF81C306A
:101AB00001FB03235C43854BAC62834C4A462360A5
:101AC0000A9B83491F4438463346F8F7AFFD40452B
:101AD00017DC2368AA6A6360784B1A60794BC3F8F5
:101AE000008099E7FDF770FD00289BD194E721461F
:101AF000FDF774FDA3E72B2B4FF0010408BF01375E
:101B0000B2E70A9BC4F80490FC18FB5C2D2B40F054
:101B10008C804FF0FF37013400232046ADF81C3095
:101B2000ADF81E30ADF820300A93CDE902A6334659
:101B3000CDE900B6674907AAF8F778FD00287ADCF6
:101B4000AF6AA7F561672F654FF000092F460A9B22
:101B50001C4423782C2B08BF013494F80080B8F182
:101B60004D0F7AD10DF12603CDE9016309AB009346
:101B700020463346584903960DF12202F8F756FDE8
:101B800003287FF449AFBDF822104B1E0B2B3FF604
:101B900043AFBDF82420531E042B3FF63DAFBDF8E4
:101BA0002630062B3FF638AFC7E9031287F80880C6
:101BB0007B610A9B04EB03080223ADF81C30002371
:101BC000ADF81E30ADF820300A9398F800302F2B76
:101BD00009D133464046CDE902A6CDE900B63F49DA
:101BE00007AAF8F723FD3C21BDF81E30BDF82020E0
:101BF000283701FB03224FF46161BDF81C3001FB63
:101C0000032347F8103C0A9C4444B9F1000F21D04B
:101C10006868FFF72DFEAA6A284B1A602B6D9B1A85
:101C200018BF0123274A1360F6E62B2B4FF001075C
:101C300008BF013470E73C21BDF81E30BDF82020FC
:101C400001FB03224FF46161BDF81C3001FB03234B
:101C50005F4378E74FF001097BE7B8F14A0F0ABF0D
:101C60004346442301340A2220460BA90593FFF77B
:101C7000F5FDDDF82C80059BA045ADF8260014D1BC
:101C80004D23B9F1000F07D103212B720223C5F8B0
:101C90001490C5E903138FE70B2285F83030012338
:101CA000C5E90D230023EB6386E780B23B727861C0
:101CB00082E700BFA4450B08B4040020BC04002048
:101CC000A7450B08B804002074000020A7040020DA
:101CD000AB450B08CE450B08BA450B08CD450B08A4
:101CE0009C0400200028B8BF4042704710B591FB0B
:101CF000F2F4002902FB141306DB002B01DA013495
:101D00009B1AC0E9004310BD002BC4BF04F1FF348F
:101D10009B18F6E703692DE9F043B3EB611F00F16F
:101D200014044FEA611246DD11F01F0104EB830633
:101D300004EB82050CD1294600F11007B14235D3DE
:101D40009B1A9B00EA1E964238BF0023234415E0ED
:101D5000A14654F82270C1F12008CF4005F1040ECD
:101D60007645F44616D89B1A9A00043A0135AE42DD
:101D700038BF0022A318A75007B10433A342A3EB36
:101D8000040208BF00234FEAA202026108BF4361B8
:101D9000BDE8F083DCF800C00CFA08FC4CEA070749
:101DA00049F8047B5EF8047BCF40D9E751F804CBB7
:101DB00047F804CFC2E72346E0E7A0F13003092B40
:101DC00002D82038C0B27047A0F16103052B01D8BA
:101DD0004738F7E7A0F14103052B01D82738F1E791
:101DE000002070472DE9F04F8BB00693BA4B02905C
:101DF0001B688B46184690460393FEF775F982469A
:101E0000039BDBF80020034413F8013C0793931C69
:101E1000C2F1FF2202F57F02FE32D1181F4613F8ED
:101E2000010B01913028F8D0FFF7C7FF04460028C6
:101E30003AD1524638460399FEF75EF90546002826
:101E400066D117F80A0007EB0A06FFF7B6FF00286D
:101E500060D0334618781F46302803F10103F9D0CB
:101E6000FFF7ABFF0123B0FA80F435466409019314
:101E70003A46164630780132FFF79FFF0028F8D126
:101E8000524630460399FEF737F980B94DB906EB53
:101E90000A052A46164630780132FFF78EFF0028E1
:101EA000F8D1AD1BAD0004E000242546E0E7002D8D
:101EB000F7D1337803F0DF03502B39D173782B2B14
:101EC0002AD02D2B2CD04FF00009711C0878FFF779
:101ED00074FF431EDBB2182B2AD8A0F1100211F8B0
:101EE000010FFFF76AFF431EDBB2182B1BD9B9F1B4
:101EF000000F00D052421544CBF80010D4B1019B22
:101F0000002B14BF0027062738460BB0BDE8F08F22
:101F10003E4625460124CCE74FF00009B11CD5E729
:101F20004FF00109FAE70A2303FB0202103AD6E751
:101F30003146E1E72146F31B013B072B50DC0298B9
:101F400000F04CFB4FF0000B044600F11409CAF1FD
:101F50000103CDF81090CDF804B00893B74242D3F6
:101F6000049F019B47F8043BA7EB0907BF102761BB
:101F7000184600F0FAFB7F01D8F800603F1AB7421C
:101F800065DDBF1B3946204600F040FF8246A8B100
:101F90004FF0010A7B1E591159F8211003F01F025E
:101FA0000AFA02F20A4209D0534505DD2046B91E5D
:101FB00000F02CFF002847D14FF0020A3946204696
:101FC000FFF7A8FE3D44D8F80830AB424DDA214671
:101FD000029800F037FB0023149AA327136093E7BD
:101FE00001315B10A9E7731E079A059316F8013CAF
:101FF000934219D0BBF1200F07D1049B019A43F8FB
:10200000042B049300239B46019316F8010CFFF761
:10201000D4FE019B00F00F0000FA0BF00343019384
:102020000BF1040B059B0DE0059B089A1344BB4282
:10203000E0D31846524603990993FEF75DF8099BD1
:102040000028D7D11E4689E74FF0030AB6E709DA20
:10205000F71B21463A46029800F0C8FC0446ED1BE7
:1020600000F114094FF0000AADE7D8F80400A842C7
:102070006EDD451BAE4231DCD8F80C30022B22D08D
:10208000032B24D0012B15D1AE4213D1012E0BD13D
:10209000D8F80430069A6227136001232361C9F837
:1020A0000030149B1C602FE72046711E00F0AEFE2E
:1020B0000028EDD12146029800F0C4FA0023149ABA
:1020C0005027136020E7159B002BF3D1E0E7159B09
:1020D000002BDDD1EEE700BFE4460B086F1EBAF11E
:1020E000000F32D127B13946204600F08FFE8246DC
:1020F00001217B1159F8233007F01F0701FA07F778
:102100001F424FF002072946204618BF4AF0020A34
:10211000761BFFF7FFFDD8F80450BAF1000F48D046
:10212000D8F80C30022B15D0032B17D0012B09D176
:102130001AF0020F06D0D9F800004AEA000A1AF095
:10214000010F0ED147F0100733E04FF0010ACFE73F
:102150000127E2E7159BC3F101031593159B002BA3
:10216000F0D04FF0000CD4F8109004F114034FEAB3
:10217000890B03EB8901184653F8042BB2F1FF3F9A
:102180001CD001320260022F04F1140338D1D8F8B8
:102190000020013AB2420AD10122711153F82130D4
:1021A00006F01F0602FA06F61E4218BF174647F051
:1021B0002007149B1C60069B1D60A5E6994243F80E
:1021C00004CCD8D8A368994512DB61680298013124
:1021D00000F004FA8246226904F10C0102329200F6
:1021E0000C30FCF7F7FE2146029800F02BFA54461B
:1021F00023695A1C2261012204EB83035A61C2E75E
:1022000022694A450BDD01212046FFF783FDD8F8FE
:1022100008300135AB42FFF6DAAE0127C7E716F00A
:102220001F06FAD09B445BF8040C00F09EFAC6F13E
:102230002006B042E7DBF0E7C2F10802920070B579
:10224000C2F120064368046803FA06F52C43D34024
:10225000046040F8043F8842F4D370BD30B5036891
:10226000013311F8014B14B90360012030BD13F89C
:10227000012BA2F14105192D98BF2032A242F0D0C6
:102280000020F3E72DE9F04F00250B6882465E1130
:1022900002EB860613F01F0318BF0436371F904663
:1022A000B9463C46AB4687B00168019346F8045CEA
:1022B00002954A784B1C039342B310460591049251
:1022C000FFF77BFD00284FD1049A0599202A18D8E2
:1022D000029B9B4513DD4C4506D2072D04DC2A46A4
:1022E00049462046FFF7A8FF444550D90023A4F1F2
:1022F000040944F8043C1D464C46CDF808B0039947
:10230000D7E7292A56D10231CAF80010BBF1000FD5
:1023100050D04C4506D2072D04DC2A4649462046BB
:10232000FFF78AFF444534D92346A8F1040253F845
:10233000041B9F4242F8041FF9D23B1B23F0030306
:1023400004330134033EB44288BF042300224344D3
:1023500043F8042B9F42FBD23B681BB9474527D16A
:1023600001233B60052026E00135082D0BF1010B10
:1023700006DD4445C3D90023012544F8043C043C50
:10238000226800F00F0040EA02122260B7E7082539
:10239000B5E7019B002BDFD04FF0FF32C3F12003E4
:1023A00022FA03F356F8042C1A4046F8042CD3E71B
:1023B000043FD1E7042007B0BDE8F08F2DE9F84FC6
:1023C00007468946164600F08BFD184B1C689A4656
:1023D00034B14B46984613F8011B39B13D29F9D168
:1023E000384600F083FD0020BDE8F88FA8EB09080F
:1023F000A34654F8040B0028F2D042464946FDF7A4
:102400007BFE0028F4D154F8043C03EB080513F8D4
:1024100008303D2BECD1DAF800303846ABEB030343
:102420009B10336000F062FD681CDDE7480200206D
:1024300007B501AAFFF7C2FF03B05DF804FB000077
:1024400000487047800000202DE9F041D0E9006786
:102450000C460023304639464F4A00F04DFD3946C0
:102460000546002330464C4A00F046FD4FF46161BA
:10247000002ABCBF02F5A83202F5C072B2FBF1F32C
:1024800001FB13224FF03C01A360B2FBF1F301FB0F
:10249000132222604FF0070205F52F20ACBF00F693
:1024A0006C2000F66B206360C31C93FBF2F2C2EB5E
:1024B000C2029B1A48BF073300283849A361BDBF39
:1024C000A0F50E33A3F52C7393FBF1F190FBF1F122
:1024D00048F6AC6240F2B45C314B40F26D1703FB3E
:1024E0000100B0FBF2F2B0FBFCF30244D21A2D4B18
:1024F0006426B0FBF3F3D31AB3FBF7F5B3FBFCF39D
:10250000B5FBF6F2D31A0344992007FB153303EB0E
:10251000830C0CF1020CBCFBF0F74FF0050878437C
:102520000230B0FBF8F003F1010EAEEB000040F218
:10253000F95EF44594BF4FF0020C6FF0090C67444C
:102540004FF4C87C0CFB0151012F98BF0131B3F54A
:10255000997F0CD3A3F59973E3610023A1F26C7109
:10256000E060C4E9047120462362BDE8F08115F003
:10257000030F02D106FB12525AB94FF4C876B5FBCD
:10258000F6F206FB1252B2FA82F252093B331344BE
:10259000E2E70122FAE700BF80510100B13A0200F0
:1025A0004FC5FDFFB03A02000028B8BF4042704757
:1025B000704770477047704782B001B901A942B1B6
:1025C0004BB113780B601278101E18BF012002B0B7
:1025D00070471046FBE76FF00100F8E770B5466AF8
:1025E00004460D463EB91020F8F700F8C0E9016630
:1025F00060620660C660666AF36883B1636ADB681E
:1026000053F82500B8B9012101FA05F6721D2046DC
:10261000920000F01CFC60B1C0E901560EE02122DE
:102620000421204600F013FC636AF060DB68002B95
:10263000E4D1002070BD026843F825200023C0E9E2
:102640000333F7E770B5466A05460C463EB91020DD
:10265000F7F7CCFFC0E9016668620660C6603CB16E
:102660006B6A6268DB6853F82210216043F82240ED
:1026700070BD2DE9F04198460C4600230E690746CF
:1026800001F1140005680133A9B202FB01812D0C90
:102690004FEA114C02FB05C589B201EB05419E4290
:1026A0004FEA154840F8041BECDCB8F1000F1BD0D2
:1026B000A368B34212DC616838460131FFF78EFF30
:1026C0000546226904F10C01023292000C30FCF73D
:1026D00081FC21463846FFF7B5FF2C4604EB860304
:1026E0000136C3F8148026612046BDE8F0812DE94B
:1026F000F843154609221F4608330C4693FBF2F3B4
:102700000646012200219A4220DB3046FFF766FF91
:10271000089B092D43614FF00103036119DD04F1AA
:102720000909C8462C4418F8013B01460A223046E4
:10273000303BFFF79EFFA045F5D1A5F108044C44BE
:102740002D1B6319BB4207DBBDE8F8835200013142
:10275000D9E709250A34F3E714F8013B01460A22B8
:102760003046303BFFF785FFEBE7020C12040346CF
:10277000CAB90304102013F07F4F04BF1B020830B6
:1027800013F0704F04BF1B01043013F0404F04BF1F
:102790009B000230002B05DB13F0804F00F101009D
:1027A00008BF202070470020E5E70368024613F0C9
:1027B00007000BD0D90722D4980749BF5B089B08B4
:1027C000012013605CBF02201360704799B209B901
:1027D00010201B0C13F0FF0F04BF1B0A0830190751
:1027E00004BF1B090430990704BF9B080230D907B6
:1027F00003D45B0800F1010003D013607047002090
:1028000070472020704710B50C460121FFF7E6FE07
:1028100001224461026110BD2DE9F04F15460A699D
:102820002B690C469A42BEBF0B462C461D462769B3
:10283000D5F81090A368616807EB0906B342B8BFEA
:10284000013185B0FFF7CAFE00F114010B460022EA
:1028500001EB860843451DD304F1140305F114026E
:1028600003EB870702EB890302933B1B153B23F025
:102870000303043304F11505AF4238BF0423019369
:10288000029B0392934208D8002E5ADC066105B0E1
:10289000BDE8F08F43F8042BDCE7B2F800A0BAF1F2
:1028A000000F24D089464FF0000C04F1140E5EF89E
:1028B000045BD9F800B0ABB21FFA8BFB0AFB03B381
:1028C0004FEA154BD9F8005063444FEA154C0AFB08
:1028D0000BC505EB13459BB243EA054377454FEA29
:1028E000154C49F8043BE2D8019B41F803C0039B17
:1028F0000432B3F80290B9F1000F20D08E464FF0A9
:10290000000A0B6804F1140CBCF80050BEF802B0C9
:102910009BB209FB05B5AA4443EA0A434EF8043BBF
:102920005CF8043BBEF800501B0C09FB03536745E1
:1029300003EB1A434FEA134AE6D8019D4B51043189
:102940009EE758F8043D002BA0D1013E9CE7000013
:102950002DE9F843154612F0030206460F4607D04C
:10296000214C013A002354F82220FFF782FE07464B
:10297000AD1035D0746A3CB91020F7F737FEC0E9C6
:10298000014470620460C460D6F82480D8F808401E
:102990004CB940F271213046FFF735FF0023044661
:1029A000C8F8080003604FF00009EB070AD5394664
:1029B00022463046FFF730FF804639463046FFF763
:1029C00041FE47466D100BD0206838B9224621469B
:1029D0003046FFF721FF2060C0F800900446E4E78E
:1029E0003846BDE8F88300BFE8470B082DE9F047FB
:1029F0000C46074691462369496803EB6218A368B1
:102A00004FEA621A08F10106B3423FDB3846FFF78E
:102A1000E5FD0023054600F1140100F110021846FF
:102A2000534536DB20692AEAEA7A04F1140319F0E7
:102A30001F0901EB8A0103EB800C2ED08A4600228D
:102A4000C9F1200E186800FA09F002434AF8042B75
:102A500053F8042B9C4522FA0EF2F3D8ACEB040396
:102A6000153B23F00303043304F11500604588BFD0
:102A70000423CA500AB108F10206013E3846214635
:102A80002E61FFF7DFFD2846BDE8F08701315B00CE
:102A9000BAE742F8040F0133C2E7043953F8042BB4
:102AA0009C4541F8042FF9D8E7E703460A69006915
:102AB00030B5801A0DD11433143103EB820401EBCD
:102AC000820154F8045D51F8042D954202D004D3DC
:102AD000012030BDA342F4D3FBE74FF0FF30F8E70D
:102AE0002DE9F84F0C460646114620469246FFF760
:102AF000DCFF051E08D129463046FFF76FFD012394
:102B0000C0E90435BDE8F88FA4BF5346A24630465D
:102B1000DAF80410A6BF1C4600250125FFF75EFD6C
:102B200000F11408DAF81070C5600AF110020AF119
:102B300014054FF0000CC246266904F1140905EB98
:102B4000870E09EB860652F804BF59F8043B1FFABA
:102B50008BF161441FFA83FC1B0CA1EB0C01C3EB4E
:102B60001B4303EB214389B24FEA234C4E4541EA14
:102B700003434AF8043BE6D8331B153B23F0030319
:102B800015340433A64238BF04231D4443441E4673
:102B90002C4674450ED30EF10302521B22F00302A1
:102BA000033DAE4538BF00221A4452F8043D8BB1B4
:102BB0000761A7E754F8048B1FFA88F262441114E6
:102BC00001EB184192B242EA01424FEA214C46F829
:102BD000042BDEE7013FE8E7114B0B40A3F15073F4
:102BE000002B02DD0020194670475B42B3F1A07F45
:102BF0004FF000004FF000014FEA235204DA4FF487
:102C0000002343FA02F17047A2F114031E2BD6BF32
:102C10004FF00042012322FA03F31846704700BF29
:102C20000000F07F2DE9F843076900F1140909EB72
:102C3000870757F8046CA7F104083046FFF795FDA5
:102C4000C0F120030A280B601F4917DCC14528BFCB
:102C50000022C0F10B0C26FA0CF338BF57F8082CF1
:102C600043EA010500F1150306FA03F322FA0CF218
:102C700043EA020420462946BDE8F883C1452EBF39
:102C8000002257F8082CA7F10808B0F10B0316D062
:102C9000C3F1200722FA07F1C84506FA03F646EA0F
:102CA000010694BF002158F8041C46F07F5502FA33
:102CB00003F0F94045F4401540EA0104DAE7144610
:102CC00046EA0105D6E700BF0000F03F2DE9F341D9
:102CD0001C46DDE9086501219046FFF77FFCC4F33F
:102CE0001303C4F30A5407462CBB0193B8F1000345
:102CF00026D068460093FFF758FD0099F0B1019A7D
:102D0000C0F1200302FA03F30B43C2407B6101923E
:102D1000019B002B14BF02210121BB613961C4B1A9
:102D2000A4F233440444C0F13500346028603846CE
:102D300002B0BDE8F08143F48013D6E77961E7E79C
:102D400001A8FFF732FD0121019B39617B61203031
:102D5000E5E707EB8103A0F2324030601869FFF726
:102D600004FDC0EB41112960E1E72DE9F74F8846EA
:102D700069468146FFF756FF0F4604460D4640461A
:102D800001A9FFF74FFFD9F81030D8F810208B4673
:102D9000A3EB020CDDE900329B1A03EB4C13002B72
:102DA000D5BF0A462A46C3EB033302EB0357D8BF0D
:102DB00002EB035B5B46024639462046FBF7E0F830
:102DC00003B0BDE8F08F013970B5491114690131C4
:102DD00002F1140300EB810103EB8404051FA342FD
:102DE0000CD3A31A113B23F003031132A24288BF74
:102DF000002318440023884205D370BD53F8046BA8
:102E000045F8046FEBE740F8043BF4E700F11402E7
:102E100000694B11984210B511DB0ADD11F01F015A
:102E200007D052F8234024FA01F000FA01F18C4255
:102E30000BD102EB8303934203D8002010BD03465D
:102E4000F7E753F8041D0029F5D00120F6E738B55F
:102E500002FB01F52946F7F711FC044618B12A4692
:102E60000021FCF7DFF8204638BD000000200149B2
:102E7000704700BF0000F87F2DE9F84305460F4674
:102E8000984600EB02094D450FD0414615F8010B5D
:102E900000F00EF84146044617F8010B00F008F860
:102EA0000646201A02D1002EEDD10020BDE8F8839D
:102EB000034BC35C03F00303012B08BF20307047B2
:102EC000E1450B080346084641B1FF2A04D98A228E
:102ED0004FF0FF301A60704701200A707047000001
:102EE0000148FFF766BB00BFCA0400200148FFF796
:102EF00062BB00BFCA0400207BB972B90029BEBF03
:102F000000204FF0004106E008BF00281CBF6FF012
:102F100000414FF0FF30FBF721BFADF1080C6DE928
:102F200004CE002909DB002B1ADBFBF7B5FDDDF829
:102F300004E0DDE9022304B07047404261EB410147
:102F4000002B1BDBFBF7A8FDDDF804E0DDE9022325
:102F500004B0404261EB4101524263EB43037047CE
:102F6000524263EB4303FBF797FDDDF804E0DDE934
:102F7000022304B0404261EB41017047524263EBCF
:102F80004303FBF789FDDDF804E0DDE9022304B02B
:102F9000524263EB4303704738B50C460546214661
:102FA000284600220023FBF733F928B9284621469A
:102FB000BDE83840FBF752BD284604F10041FBF75D
:102FC0004DFD404261EB410138BD00BF21000A08C0
:102FD00061000A0889000A088D000A080000000044
:102FE0003A0074727565007072696E74454550528E
:102FF0004F4D00636C656172454550524F4D0067FF
:103000006574454550524F4D4D656D6F72795573DE
:103010006167650073657453797374656D4D6F6492
:10302000650073657446616E53706565640067651D
:103030007446616E52504D007377697463684C65D5
:10304000640073776974636853746572696F0067AD
:10305000657453746572696F446961676E6F73005C
:103060007377697463685576630073657454696D2A
:10307000655A6F6E650073657454696D650073659C
:103080007443726564656E7469616C730070726913
:103090006E74437265647300726573657400726563
:1030A00074726976654D61634164647273006D6129
:1030B0006341646472730076312E31390046575F84
:1030C0005645520041757261006170700061707008
:1030D0002E6E6574776F726B0000000000000000B8
:1030E000000000000000000000000000AD000A0821
:1030F000D5000A0800000000000000009D030A0837
:10310000D1030A088DB90A08D7000A08656E616202
:103110006C6564006C65645F7363686564756C6599
:1031200072007374617465006C65642D73776974E3
:10313000636800737461727400656E640025483AB8
:10314000254D00312E352E3700737570706F7274F7
:103150002E6C6564004C4544207475726E65642065
:103160006F666600312E352E36004C45442074754E
:10317000726E6564206F6E000000000000000000A9
:10318000C90B0A08E50B0A08C70B0A080000000073
:1031900000000000F5100A087576632D73776974D6
:1031A000636800312E352E3400737570706F727441
:1031B0002E75766300555643207475726E656420D3
:1031C0006F6E00312E352E350055564320747572C2
:1031D0006E6564206F666600312E352E38005556B8
:1031E00043207475726E6564206175746F00000011
:1031F000000000000000000015130A08312E342ED4
:103200003100737570706F72742E66616E00466166
:103210006E20646F65736E277420776F726B2070F9
:10322000726F7065726C7900312E342E32004661F7
:103230006E206F6E2028454E5445525F4155544FC5
:103240005F4D4F4445290046616E206F6E20284532
:103250004E5445525F484947485F4D2F4C4F572FBA
:1032600053494C454E542F4E494748542900312E5E
:10327000342E330046616E206F66662028454E541A
:1032800045525F4F46465F4D290046616E206F6E86
:10329000202846414E5F4155544F29000000000050
:1032A00000000000B9190A0873746572696F2D7304
:1032B000776974636800312E352E32007375707033
:1032C0006F72742E73746572696F6E697A657200BD
:1032D00053747265696F6E697A6572207475726E67
:1032E0006564206F6E00312E352E33005374726585
:1032F000696F6E697A6572207475726E6564206F8D
:10330000666600312E352E390053747265696F6E12
:10331000697A6572207475726E6564206175746F68
:1033200000312E352E310053746572696F6E697AE3
:10333000657220646F65736E277420776F726B20DF
:1033400070726F7065726C79000000000000000000
:1033500000000000C51D0A08000000000000000079
:10336000E11F0A08312E31302E3100737570706FF5
:1033700072742E636F766572005468652066726F92
:103380006E7420636F766572206F70656E65640081
:10339000312E31302E32005468652066726F6E74A3
:1033A00020636F76657220636C6F73656400636F72
:1033B0007665725374617465007363686564007741
:1033C000686F616D690030303A303000737461723B
:1033D000742D74696D6500746D702D706572696F00
:1033E000640073697A6500312E312E3131007375B6
:1033F00070706F72742E6D6F6465730053636865CF
:1034000064756C657220646566696E6974696F6E57
:103410002072656D6F7665640064656661756C74B5
:10342000006163746976652D6D6F646500312E31BE
:103430002E3400456E7465722068696768206D6F70
:10344000646500312E312E3600456E746572206C35
:103450006F77206D6F646500312E312E313200455B
:103460006E7465722073696C656E74206D6F64652F
:1034700000312E312E313600456E746572206F6634
:1034800066206D6F646500312E312E313800456E37
:10349000746572206D616E75616C2031206D6F6492
:1034A0006500312E312E323000456E746572206D0C
:1034B000616E75616C2032206D6F646500312E3154
:1034C0002E323200456E746572206D616E75616CCE
:1034D0002033206D6F6465006175746F2D73696CA6
:1034E000656E742D73776974636800536574206129
:1034F00075746F2073696C656E74206D6F646520E0
:103500006F6E00312E312E31390053657420617594
:10351000746F2073696C656E74206D6F6465206FC5
:10352000666600312E312E3000456E746572206162
:1035300075746F206D6F64650063757272656E746B
:1035400000312E312E320044656661756C74206D39
:103550006F6465207761732073657420746F3A20FF
:1035600000312E312E330044656661756C74206D18
:103570006F64652072657374617274656420746F22
:10358000204175746F00706F736974696F6E0025E8
:103590006420256D2025592025483A254D3A25538C
:1035A00000000000000000000000000005220A08E2
:1035B00059220A0861210A08456E746572204D611E
:1035C0006E75616C2032206D6F646500312E312E76
:1035D00032310045786974204D616E75616C20321E
:1035E000206D6F6465000000000000000000000016
:1035F00059350A0805370A08312E312E3800456E34
:10360000746572206E69676874206D6F646500313F
:103610002E312E390045786974206E6967687420F0
:103620006D6F6465000000000000000000000000F5
:10363000813A0A08153B0A08456E746572204D618F
:103640006E75616C2031206D6F646500457869741A
:10365000204D616E75616C2031206D6F64650000D6
:103660000000000000000000E13B0A088D3D0A0850
:10367000312E312E370045786974206C6F77206DBC
:103680006F6465000000000000000000413E0A0871
:10369000ED3F0A08456E746572204D616E75616C70
:1036A0002033206D6F646500312E312E323300459A
:1036B000786974204D616E75616C2033206D6F6484
:1036C000650000000000000000000000A1400A08A2
:1036D0004D420A08312E312E350045786974206834
:1036E000696768206D6F64650000000000000000DD
:1036F0000000000001430A08AD440A08312E312EB3
:10370000313300457869742073696C656E74206D7F
:103710006F646500000000000000000051460A08C8
:10372000E5460A080000000000000000AD000A089D
:10373000AD000A08312E312E3137004578697420EA
:103740006F6666206D6F6465000000000000000079
:1037500000000000F9470A08A5490A08636F64657C
:10376000006E616D65006D657373616765007075EE
:10377000626C6973685175657565207365747570E1
:1037800000617572616462007B22636F6465223A36
:103790002200222C20226E616D65223A2200222C0A
:1037A000202274797065223A2200222C20226D6535
:1037B0007373616765223A2200227D0000000000D9
:1037C00000000000594A0A086D4A0A08159B0A08B9
:1037D000DD980A0885980A0863980A086D9A0A080D
:1037E000C1980A08417572614D66675473745746F3
:1037F000005353494400454550524F4D436F6E743A
:10380000656E7400312E382E3100737570706F72D2
:10381000742E63726564730057692D466920637264
:103820006564732072656D6F76656420737563637C
:1038300065737366756C6C7900312E382E330057C2
:10384000692D466920637265647320776173207304
:103850006574207375636365737366756C6C79004A
:10386000292000696E7465726E616C5F737570708B
:103870006F727400454550524F4D206D61726B65FB
:1038800064206173206E6F7420696E697469616C65
:10389000697A6564004E554C4C002F2F22225C5CE7
:1038A0006208660C6E0A720D7409006E756C6C000D
:1038B000652D0066616C736500312E322E31007308
:1038C0007570706F72742E656570726F6D005468DC
:1038D0006520454550524F4D20636C6561726564AB
:1038E000207375636365737366756C6C7900000093
:1038F0000000F03F000000009999B93F9A9999990A
:103900004D62503FFCA9F1D2F2D77A3E48AFBC9A43
:10391000AF03D23C1656E79ED63980398068896558
:10392000FC53DA320DD1319645549125C2DEB78170
:10393000B207FE0A148BD77D9999B93F9A99999944
:10394000E17A843F7B14AE47E2361A3F2D431CEBED
:103950008E79453E3A8C30E2B2D29C3CBC89D897F5
:1039600023F6493933A7A8D5FD0FA5323DA7F44466
:1039700008BA5B259D978CCF2806C80A436FAC64B4
:10398000000024400000000000005940000000003A
:103990000088C3400000000084D797410000000069
:1039A00079C341430080E037B5B89346176E05B53B
:1039B000034F384DF5F93FE94877825A321D30F907
:1039C000DD4F15753CBF737F73636865640000004D
:1039D000312E392E3100737570706F72742E6275CE
:1039E00074746F6E00427574746F6E206379636CCB
:1039F000656420746F3A2000315F00325F00335FEE
:103A000000345F00355F00365F00375F00385F00CD
:103A1000395F00313000312E312E3100335F3030CC
:103A20003A30305F3000335F3000345F3000726511
:103A3000736F74726554696D655A6F6E6500312ECF
:103A4000332E3100737570706F72742E74696D65EA
:103A50007A6F6E6500496E76616C69642074696D79
:103A6000657A6F6E652076616C756500312E332E38
:103A7000320054696D657A6F6E652000207761733E
:103A800020736574202620736176656420746F202E
:103A9000454550524F4D207375636365737366756A
:103AA0006C6C790072656D6F7665416C6C00FFFF20
:103AB000FFFFFFFF312E362E3300737570706F726B
:103AC000742E73677033300053475033302068755D
:103AD0006D696469747920636F6D70656E7361746C
:103AE000696F6E206661696C656400312E362E3414
:103AF000005347503330206D6561737572656D6595
:103B00006E74206661696C656400312E362E31005A
:103B1000534750333020737461727475702074652C
:103B20007374206661696C656400312E362E320034
:103B30005347503330207365747570206661696C2B
:103B400065640020322061200320087B2276312228
:103B50003A252E31662C20227632223A252E3166E5
:103B60002C20227633223A25642C20227634223AE5
:103B700025642C20227635223A25642C20227636A4
:103B8000223A25642C20227637223A2225632563A7
:103B9000222C20227638223A252E31662C202276BD
:103BA00039223A252E31662C2022763130223A25D0
:103BB000642C2022763131223A205B25642C20258A
:103BC000642C2025642C2025642C2025642C2025A1
:103BD000642C2025642C2025642C2025642C202591
:103BE000642C2025642C2025642C2025642C202581
:103BF000642C2025642C2025642C2025642C202571
:103C0000642C2025642C2025642C2025642C202560
:103C1000642C2025642C2025642C2025642C202550
:103C2000642C2025642C2025642C2025642C202540
:103C3000642C2025642C2025642C2025642C202530
:103C4000642C2025642C2025642C2025642C202520
:103C5000642C2025642C2025642C2025642C202510
:103C6000642C2025642C2025642C2025642C202500
:103C7000642C2025642C2025642C2025642C2025F0
:103C8000645D207D00312E372E3100737570706FAA
:103C900072742E68646331303830004844433130E8
:103CA0003830207365747570206661696C656400D6
:103CB000312E372E320048444331303830206D6584
:103CC00061737572656D656E74206661696C65649B
:103CD0000053595354454D5F54485245414428457B
:103CE0004E41424C454429206973207265717569C3
:103CF000726564005075626C6973685175657565AD
:103D00004173796E6300636C6561724576656E74AC
:103D100073206E756D4576656E74733D25642073F2
:103D2000697A653D2564007175657565696E672002
:103D30006576656E744E616D653D257320646174B2
:103D4000613D25732074746C3D256420666C616749
:103D500073313D256420666C616773323D256420B4
:103D600073697A653D256400736176696E672065C5
:103D700076656E74206174206E6578744672656530
:103D80003D256400616674657220736176696E67B3
:103D9000206E756D4576656E74733D2564206E6585
:103DA0007874467265653D256420656E643D2564C2
:103DB00000646973636172644F6C64657374457603
:103DC000656E74207365636F6E644576656E743DD1
:103DD00025642073746172743D2564206E65787467
:103DE0003D2564206E657874467265653D256400E6
:103DF000616674657220646973636172644F6C6498
:103E00006573744576656E74206E756D4576656E66
:103E100074733D2564206E657874467265653D2532
:103E2000640072657461696E6564206E756D4576B7
:103E3000656E74733D256400617420696E69742039
:103E40006E756D4576656E74733D2564206E65787C
:103E500074467265653D2564007075626C697368AF
:103E6000696E672025732025732074746C3D25646A
:103E700020666C6167733D2578007075626C6973AC
:103E8000682063616E63656C6564007075626C695F
:103E900073686564207375636365737366756C6CB2
:103EA00079007075626C697368206661696C65641D
:103EB0002C2077696C6C20726574727920696E2091
:103EC000256C75206D73006170702E7075627100C5
:103ED00000000000000000000000000000000000E2
:103EE0001D970A08AD000A08AD000A08AD000A08CF
:103EF000AD000A08AD000A08000000000000000044
:103F000021980A0835980A08159B0A08DD980A08BE
:103F100085980A0863980A086D9A0A08C1980A08E1
:103F2000626175640053657269616C005553425358
:103F3000657269616C31004A534F4E53747265610A
:103F40006D4C6F6748616E646C657200253031306E
:103F50007520005D20002C200028293A2000205BDD
:103F600000636F6465203D2000256900646574610D
:103F7000696C73203D20000D0A006C6E00666E00B7
:103F800064657461696C00000000000000000000BE
:103F900007AD0A082DAD0A08EDAC0A08ABCE0A0839
:103FA0000000000000000000B9B10A08D1B10A0801
:103FB0008DB90A08D7000A080000000000000000C0
:103FC000E5B10A08F9B10A0835BB0A08F5AC0A08D8
:103FD000000000000000000005AD0A083BAD0A0823
:103FE000C9B80A08F7AC0A08000000000000000089
:103FF00003AD0A0849AD0A08E1B00A0865AD0A0830
:10400000252B3033643A253032750025592D256D26
:104010002D25645425483A254D3A2553257A0061CB
:10402000736374696D65000000000000000000000B
:1040300015C20A081BC20A0859C20A0829C20A087E
:1040400017C20A080000000000000000C3C70A08E9
:10405000C1C70A08F5C70A080000000000000000F8
:104060008DC80A08F3C80A08CBC80A08E7AB0A08D3
:10407000BDC80A088FC80A089FC80A08EDC80A0800
:10408000AFC80A0889C80A08000000000000000044
:1040900051CA0A08B9CA0A0895CA0A08E7AB0A0849
:1040A00065CA0A0881CA0A0873CA0A088FCA0A08B8
:1040B00053CA0A0857CA0A0800000000000000009E
:1040C000B5CB0A08FFCB0A08D7CB0A08B7CB0A083A
:1040D000DFCB0A08E7CB0A08EFCB0A08F7CB0A08C0
:1040E00000000000000000005FCD0A0855CD0A085E
:1040F0004BCD0A08DFCC0A083B4D0A08474D0A0899
:10410000E1CD0A08E9CD0A083FCD0A0837CD0A08F3
:104110002DCD0A08534D0A08E9CC0A08000000001A
:1041200000000000A1CD0A08ABCD0A08B5CD0A08F1
:10413000BFCD0A08C9CD0A08D5CD0A08E1CD0A08C5
:10414000E9CD0A08F1CD0A08FDCD0A0805CE0A0816
:104150000FCE0A0819CE0A08257500752530347867
:104160000000000065787066000000000000003F5D
:10417000000000BF8071313F807131BFD1F7173728
:10418000D1F717B7252E337320252E3373253364CB
:1041900020252E32643A252E32643A252E326420B0
:1041A00025640A0053756E4D6F6E547565576564CE
:1041B0005468754672695361744A616E4665624D12
:1041C00061724170724D61794A756E4A756C4175C4
:1041D000675365704F63744E6F76446563000000EB
:1041E0001F0000001C0000001F0000001E00000057
:1041F0001F0000001E0000001F0000001F00000044
:104200001E0000001F0000001E0000001F00000034
:10421000000000001F0000003B0000005A000000EA
:104220007800000097000000B5000000D4000000F6
:10423000F300000011010000300100004E010000F9
:104240001F0000001C0000001F0000001E000000F6
:104250001F0000001E0000001F0000001F000000E3
:104260001E0000001F0000001E0000001F000000D4
:104270001F0000001D0000001F0000001E000000C5
:104280001F0000001E0000001F0000001F000000B3
:104290001E0000001F0000001E0000001F000000A4
:1042A0002573252E2A6400257325302E2A64002BC1
:1042B0000025326400252E32642F252E32642F25EE
:1042C0002E326400256C75002E2A7500252E33646D
:1042D00000256C6C6400252E32643A252E32643A37
:1042E000252E326400252B30336C64252E326C640D
:1042F00000256D2F25642F25790025592D256D2D3D
:1043000025640000000000001F0000003B000000CA
:104310005A0000007800000097000000B50000007F
:10432000D4000000F3000000110100003001000083
:104330004E0100006E6600696E697479000000002D
:1043400035000000CEFBFFFFCB03000001000000A2
:104350000000000034000000CEFBFFFFCB03000094
:104360000100000000000000BC89D897B2D29C3C3C
:1043700033A7A8D523F649393DA7F444FD0FA5324C
:104380009D978CCF08BA5B25436FAC6428066811F3
:104390004A616E00466562004D61720041707200B4
:1043A0004D6179004A756E004A756C004175670071
:1043B000536570004F6374004E6F76004465630070
:1043C0004A616E75617279004665627275617279D3
:1043D000004D6172636800417072696C004A756ECD
:1043E00065004A756C790041756775737400536593
:1043F0007074656D626572004F63746F6265720000
:104400004E6F76656D62657200446563656D6265C9
:10441000720053756E004D6F6E00547565005765E0
:1044200064005468750046726900536174005375E6
:104430006E646179004D6F6E6461790054756573C7
:10444000646179005765646E6573646179005468CE
:1044500075727364617900467269646179005361B1
:1044600074757264617900256120256220256520BC
:1044700025483A254D3A255320255900414D002520
:10448000612025622025652025483A254D3A25538F
:1044900020255A202559006D640025493A254D3ABA
:1044A000255320257000000090430B0894430B080F
:1044B00098430B089C430B08A0430B08A4430B082C
:1044C000A8430B08AC430B08B0430B08B4430B08DC
:1044D000B8430B08BC430B08C0430B08C8430B0888
:1044E000D1430B08D7430B08A0430B08DD430B084F
:1044F000E2430B08E7430B08EE430B08F8430B08B5
:1045000000440B0809440B0812440B0816440B081E
:104510001A440B081E440B0822440B0826440B08BF
:104520002A440B082E440B0835440B083C440B0866
:1045300044440B084E440B0857440B085E440B08D8
:1045400098350B08F1420B0867440B087C440B08B4
:1045500035300B087F440B08C0430B08C8430B08D9
:10456000D1430B08D7430B08A0430B08DD430B08CE
:10457000E2430B08E7430B08EE430B08F8430B0834
:1045800000440B0809440B0897440B089A440B0895
:10459000AA380B08AA380B08AA380B08AA380B0847
:1045A000AA380B08545A00474D54002531305B5E41
:1045B000302D392C2B2D5D256E004D256875256E0F
:1045C0002E256875256E2E256875256E002F2568A9
:1045D00075256E3A256875256E3A256875256E0035
:1045E00000202020202020202020282828282820C3
:1045F00020202020202020202020202020202020BB
:104600002088101010101010101010101010101022
:104610001004040404040404040404101010101012
:1046200010104141414141410101010101010101DC
:10463000010101010101010101010101101010102E
:1046400010104242424242420202020202020202AE
:104650000202020202020202020202021010101002
:10466000200000000000000000000000000000002A
:10467000000000000000000000000000000000003A
:10468000000000000000000000000000000000002A
:10469000000000000000000000000000000000001A
:1046A000000000000000000000000000000000000A
:1046B00000000000000000000000000000000000FA
:1046C00000000000000000000000000000000000EA
:1046D00000000000000000000000000000000000DA
:1046E000002E0000E1460B08AA380B08D800002075
:1046F0004300504F534958000080E03779C341438D
:10470000176E05B5B5B89346F5F93FE9034F384D37
:10471000321D30F94877825A3CBF737FDD4F1575E3
:10472000000000000000F03F0000000000002440F6
:1047300000000000000059400000000000408F40D1
:10474000000000000088C34000000000006AF8403C
:104750000000000080842E4100000000D012634160
:104760000000000084D797410000000065CDCD41D6
:10477000000000205FA00242000000E876483742B7
:10478000000000A2941A6D42000040E59C30A24255
:104790000000901EC4BCD64200003426F56B0C43CA
:1047A0000080E03779C3414300A0D8855734764371
:1047B00000C84E676DC1AB43003D9160E458E143D2
:1047C000408CB5781DAF154450EFE2D6E41A4B4447
:1047D00092D54D06CFF08044F64AE1C7022DB5448C
:1047E000B49DD9794378EA4405000000190000001F
:1047F0007D00000089080A08594C0A08A9530A08D4
:1048000069750A08519D0A086DA70A087DB90A084A
:104810002DC00A08ADC00A088DCD0A0869CE0A0865
:10482000BDD40A08000000000000000000000000E5
:0848300068A2FF7F01000000F7
:104838000000000000000000000000000000000070
:104848000000000000000000000000000000000060
:104858000000000000000000000000000000000050
:104868000000000000000000000000000000000040
:104878000000000000000000000000000000000030
:104888000000000000000000000000000000000020
:104898000000000000000000000000000000000010
:1048A8000000000000000000000000000000000000
:1048B80000000000000000000000000000000000F0
:1048C80000000000000000000000000000000000E0
:1048D80000000000000000000000000000000000D0
:1048E80000000000000000000000000000000000C0
:1048F80000000000000000000000000000000000B0
:10490800000000000000000000000000000000009F
:10491800000000000000000000000000000000008F
:10492800000000000000000000000000000000007F
:10493800000000000000000000000000000000006F
:10494800000000000000000000000000000000005F
:10495800000000000000000000000000000000004F
:10496800000000000000000000000000000000003F
:10497800000000000000000000000000000000002F
:10498800000000000000000000000000000000001F
:10499800000000000000000000000000000000000F
:1049A80000000000000000000000000000000000FF
:1049B80000000000000000000000000000000000EF
:1049C80000000000000000000000000000000000DF
:1049D80000000000000000000000000000000000CF
:1049E80000000000000000000000000000000000BF
:1049F80000000000000000000000000000000000AF
:104A0800000000000000000000000000000000009E
:104A1800000000000000000000000000000000008E
:104A2800000000000000000000000000000000007E
:104A3800000000000000000000000000000000006E
:104A4800000000000000000000000000000000005E
:104A5800000000000000000000000000000000004E
:104A6800000000000000000000000000000000003E
:104A7800000000000000000000000000000000002E
:104A8800000000000000000000000000000000001E
:104A9800000000000000000000000000000000000E
:104AA80000000000000000000000000000000000FE
:104AB80000000000000000000000000000000000EE
:104AC80000000000000000000000000000000000DE
:104AD80000000000000000000000000000000000CE
:104AE80000000000000000000000000000000000BE
:104AF80000000000000000000000000000000000AE
:104B0800000000000000000000000000000000009D
:104B1800000000000000000000000000000000008D
:104B2800000000000000000000000000000000007D
:104B3800000000000000000000000000000000006D
:104B4800000000000000000000000000000000005D
:104B5800000000000000000000000000000000004D
:104B6800000000000000000000000000000000003D
:104B7800000000000000000000000000000000002D
:104B8800000000000000000000000000000000001D
:104B9800000000000000000000000000000000000D
:104BA80000000000000000000000000000000000FD
:104BB80000000000000000000000000000000000ED
:104BC80000000000000000000000000000000000DD
:104BD80000000000000000000000000000000000CD
:104BE80000000000000000000000000000000000BD
:104BF80000000000000000000000000000000000AD
:104C0800000000000000000000000000000000009C
:104C1800000000000000000000000000000000008C
:104C2800000000000000000000000000000000007C
:104C3800000000000000000000000000000000006C
:104C4800000000000000000000000000000000005C
:104C5800000000000000000000000000000000004C
:104C6800000000000000000000000000000000003C
:104C7800000000000000000000000000000000002C
:104C8800000000000000000000000000000000001C
:104C9800000000000000000000000000000000000C
:104CA80000000000000000000000000000000000FC
:104CB80000000000000000000000000000000000EC
:104CC80000000000000000000000000000000000DC
:104CD80000000000000000000000000000000000CC
:104CE80000000000000000000000000000000000BC
:104CF80000000000000000000000000000000000AC
:104D0800000000000000000000000000000000009B
:104D1800000000000000000000000000000000008B
:104D2800000000000000000000000000000000007B
:104D3800000000000000000000000000000000006B
:104D4800000000000000000000000000000000005B
:104D5800000000000000000000000000000000004B
:104D6800000000000000000000000000000000003B
:104D7800000000000000000000000000000000002B
:104D8800000000000000000000000000000000001B
:104D9800000000000000000000000000000000000B
:104DA80000000000000000000000000000000000FB
:104DB80000000000000000000000000000000000EB
:104DC80000000000000000000000000000000000DB
:104DD80000000000000000000000000000000000CB
:104DE80000000000000000000000000000000000BB
:104DF80000000000000000000000000000000000AB
:104E0800000000000000000000000000000000009A
:104E1800000000000000000000000000000000008A
:104E2800000000000000000000000000000000007A
:104E3800000000000000000000000000000000006A
:104E4800000000000000000000000000000000005A
:104E5800000000000000000000000000000000004A
:104E6800000000000000000000000000000000003A
:104E7800000000000000000000000000000000002A
:104E8800000000000000000000000000000000001A
:104E9800000000000000000000000000000000000A
:104EA80000000000000000000000000000000000FA
:104EB80000000000000000000000000000000000EA
:104EC80000000000000000000000000000000000DA
:104ED80000000000000000000000000000000000CA
:104EE80000000000000000000000000000000000BA
:104EF80000000000000000000000000000000000AA
:104F08000000000000000000000000000000000099
:104F18000000000000000000000000000000000089
:104F28000000000000000000000000000000000079
:104F38000000000000000000000000000000000069
:104F48000000000000000000000000000000000059
:104F58000000000000000000000000000000000049
:104F68000000000000000000000000000000000039
:104F78000000000000000000000000000000000029
:104F88000000000000000000000000000000000019
:104F98000000000000000000000000000000000009
:104FA80000000000000000000000000000000000F9
:104FB80000000000000000000000000000000000E9
:104FC80000000000000000000000000000000000D9
:104FD80000000000000000000000000000000000C9
:104FE80000000000000000000000000000000000B9
:104FF80000000000000000000000000000000000A9
:105008000000000000000000000000000000000098
:105018000000000000000000000000000000000088
:105028000000000000000000000000000000000078
:105038000000000000000000000000000000000068
:105048000000000000000000000000000000000058
:105058000000000000000000000000000000000048
:105068000000000000000000000000000000000038
:105078000000000000000000000000000000000028
:105088000000000000000000000000000000000018
:105098000000000000000000000000000000000008
:1050A80000000000000000000000000000000000F8
:1050B80000000000000000000000000000000000E8
:1050C80000000000000000000000000000000000D8
:1050D80000000000000000000000000000000000C8
:1050E80000000000000000000000000000000000B8
:1050F80000000000000000000000000000000000A8
:105108000000000000000000000000000000000097
:105118000000000000000000000000000000000087
:105128000000000000000000000000000000000077
:105138000000000000000000000000000000000067
:105148000000000000000000000000000000000057
:105158000000000000000000000000000000000047
:105168000000000000000000000000000000000037
:105178000000000000000000000000000000000027
:105188000000000000000000000000000000000017
:105198000000000000000000000000000000000007
:1051A80000000000000000000000000000000000F7
:1051B80000000000000000000000000000000000E7
:1051C80000000000000000000000000000000000D7
:1051D80000000000000000000000000000000000C7
:1051E80000000000000000000000000000000000B7
:1051F80000000000000000000000000000000000A7
:105208000000000000000000000000000000000096
:105218000000000000000000000000000000000086
:105228000000000000000000000000000000000076
:105238000000000000000000000000000000000066
:105248000000000000000000000000000000000056
:105258000000000000000000000000000000000046
:105268000000000000000000000000000000000036
:105278000000000000000000000000000000000026
:105288000000000000000000000000000000000016
:105298000000000000000000000000000000000006
:1052A80000000000000000000000000000000000F6
:1052B80000000000000000000000000000000000E6
:1052C80000000000000000000000000000000000D6
:1052D80000000000000000000000000000000000C6
:1052E80000000000000000000000000000000000B6
:1052F80000000000000000000000000000000000A6
:105308000000000000000000000000000000000095
:105318000000000000000000000000000000000085
:105328000000000000000000000000000000000075
:105338000000000000000000000000000000000065
:105348000000000000000000000000000000000055
:105358000000000000000000000000000000000045
:105368000000000000000000000000000000000035
:105378000000000000000000000000000000000025
:105388000000000000000000000000000000000015
:105398000000000000000000000000000000000005
:1053A80000000000000000000000000000000000F5
:1053B80000000000000000000000000000000000E5
:1053C80000000000000000000000000000000000D5
:1053D80000000000000000000000000000000000C5
:1053E80000000000000000000000000000000000B5
:1053F80000000000000000000000000000000000A5
:105408000000000000000000000000000000000094
:105418000000000000000000000000000000000084
:0C54280000000000000000000000000078
:10543400D83F0B08F03F0B081F400B080100000089
:105444001400002000000000000000000000000024
:105454000000000000000000000000000000000048
:105464000000000000000000000000000000000038
:105474000000000000000000000000000000000028
:105484000000000000000000000000000000000018
:105494000000000000000000000000000000000008
:1054A40000000000A7450B08A7450B0800000000FA
:1054B40001000000000000004A000000000000009D
:1054C40000000000000000000000000000000000D8
:1054D40000000000000000000000000000000000C8
:1054E4004A0000000000000000000000000000006E
:1054F40000000000000000000000000000000000A8
:105504000000000000000000FF0000004300000055
:105514000000000000000000000000000000000087
:105524000000000000000000000000004300000034
:105534000000000000000000000000000000000067
:105544000000000000000000000000004300000014
:105554000000000000000000000000000000000047
:1055640000000000000000000000000043000000F4
:105574000000000000000000000000000000000027
:1055840000000000000000000000000043000000D4
:105594000000000000000000000000000000000007
:1055A40000000000000000000000000043000000B4
:1055B40000000000000000000000000000000000E7
:1055C4000000000000000000000000004300000094
:1055D40000000000000000000000000000000000C7
:1055E400000000000000000000000000C52E0B08B1
:1055F400B9250B0800000000E0450B08E1460B0844
:10560400AA380B08AA380B08AA380B08AA380B08C2
:10561400AA380B08AA380B08AA380B08AA380B08B2
:10562400AA380B08FFFFFFFFFFFFFFFFFFFFFFFF8D
:10563400FFFF0000010041534349490000000000FE
:105644000000000000000000000000000000000056
:1056540000000000000041534349490000000000DD
:105664000000000000000000000000000000000036
:0C5674000000000000000000C004002046
:10568000FFFFFFFF16253800000001020304050696
:105690000708090A0B0C0D0E0F1011121314151622
:0C56A0001718191A1B1C1D1E1F202800C3
:0456AC0078563412E6
:04000005080A0020C5
:00000001FF
