:02000004080AE8
:1000000000000A08F4510B08000006000800050172
:080010000402BD0B000000001A
:040018001C2F0B0886
:1000200009480A4908B5884205D0094A824202D0E7
:10003000121A0EF077FF0748074A0021121A0EF035
:1000400099FF064808BD00BF000000207C4F0B0848
:100050004C02002050020020CD040020CD040020DE
:1000600070B50CF04DF80025054E064CA41BA408F5
:10007000A54200D170BD56F8043B98470135F7E71B
:1000800034470B0864470B0800F07CBA08B500F051
:10009000EBF9BDE808400BF0F5BF0AF04FBA0AF0E3
:1000A0004DBA0AF053BA0AF051BA000000210C20F0
:1000B00008B5024A0AF0C8F8FEE700BFE19D0A0849
:1000C0000078B0FA80F04009704701230370704750
:1000D000106870477047006A0368DB6818470000C3
:1000E00002F00F02012A04BF014B1A70704700BFD3
:1000F000C802002003681268D1E900011847012AEC
:1001000003D0022A03D0002070470160FBE70B6890
:100110000360F8E70022F0B5144B87B05868114629
:100120000AF044F903466D46002453F8570F104E69
:100130009B88104F0090ADF804300A2215F8011B7F
:1001400002A80AF0E6FB02A930460AF01EFC02A84B
:100150000AF027FB052C03D0394630460AF019FC7B
:100160000134062CE9D1012007B0F0BD4004002085
:1001700084020020302F0B081FB5014668460AF0A4
:10018000A4FB6946044807F078FB044668460AF079
:1001900008FB204604B010BD9402002008B50449B5
:1001A0000AF048FC10B106F085FF012008BD00BF31
:1001B000322F0B081FB5014668460AF086FB6946D8
:1001C000044807F0C9FB044668460AF0EAFA2046EC
:1001D00004B010BD940200201FB5014668460AF025
:1001E00074FB6946044807F0BBFD044668460AF004
:1001F000D8FA204604B010BD940200201FB5014675
:1002000068460AF062FB6946044807F0D8FD0446D8
:1002100068460AF0C6FA204604B010BD94020020D9
:100220001FB5014668460AF050FB6946044807F0CE
:10023000CBFD044668460AF0B4FA204604B010BD6F
:10024000940200201FB5014668460AF03EFB69464D
:10025000044807F0D3FD044668460AF0A2FA204697
:1002600004B010BD940200201FB5014668460AF094
:100270002CFB6946044807F0E5FD044668460AF091
:1002800090FA204604B010BD940200201FB501462C
:1002900068460AF01AFB6946044807F0D9FD04468F
:1002A00068460AF07EFA204604B010BD9402002091
:1002B0001FB5014668460AF008FB6946044807F086
:1002C000EBFD044668460AF06CFA204604B010BD07
:1002D0009402002008B50AF01FFCC1170BF0F8FCCF
:1002E000012008BD1FB5014668460AF0EEFA6946CE
:1002F000044807F05DFE044668460AF052FA2046BC
:1003000004B010BD940200201FB5014668460AF0F3
:10031000DCFA6946044807F06DFE044668460AF0B8
:1003200040FA204604B010BD9402002008B50AF03F
:10033000B7F9012008BD05F08DB930B51368006824
:1003400085B001938368D1E90045CDE902450BB939
:100350000DF0BFF8C36801AA02A9984705B030BDE7
:1003600030B585B00446089860B1406850B18568E2
:1003700045B1CDE90241CDE90023C4686A4601AB2D
:1003800002A9A04705B030BD10B50446006808B109
:100390000AF0DCF8204610BD10B50446094B036096
:1003A0000AF09EFD21460AF0B7FF0CF075FA0CF03A
:1003B00067FA2046044B40F8043B0AF09BFE2046B7
:1003C00010BD00BF4C300B0834300B0810B504468C
:1003D000FFF7E2FF204624210DF075F8204610BDFE
:1003E0000A2A08B50AD10022054B114658680AF0BE
:1003F0001DF818B904F0D6FC0123837708BD00BFAF
:100400004004002010B58368044613B1032201465E
:100410009847204610BD10B504462430FFF7F2FF80
:10042000204610BD024601480BF0F7BEEFC10A0896
:1004300008B50CF011FB4FF416510CF007FB01202E
:100440000BF0B1FD0022114610460BF0BCFD00F090
:1004500049FC01F017F901F0EFFD01F06FFCBDE878
:10046000084000F031BF000010B509F0C1FC0B4C92
:100470000B4B18600AF02AF8204607F0C2F8094B27
:100480001A784AB1226892F82B202AB91A702046AD
:10049000BDE8104007F0D0B810BD00BF94020020A6
:1004A00060040020C802002038B5002383608B68F8
:1004B00004460D462BB102229847EB68E360AB6817
:1004C000A360204638BD0000F0B500248FB0074679
:1004D0000E4602A8114606ADFFF7E6FF02A9284620
:1004E000FFF7E2FF10200C94FFF7D7FD034698B109
:1004F00095E803006A4682E8030093E8030085E874
:10050000030092E80300089A83E803009A60D96820
:10051000099A08940991DA600A93164B10200D93FA
:10052000154B0C93FFF7B9FD0446B0B1002383606F
:100530000C9B33B102220AA998470D9BE3600C9BE8
:10054000A3600E4B3846CDE9003431466B460C4A69
:1005500009F0BCFE041E18BF01240AA8FFF752FFD1
:100560002846FFF74FFF02A8FFF74CFF20460FB0C9
:10057000F0BD00BF3B030A0841070A08010008005C
:1005800061030A08F0B5434985B04348FFF74AFFC5
:1005900042494348FFF746FF42494348FFF742FFBD
:1005A00042494348FFF73EFF42494348FFF73AFFBD
:1005B00042494348FFF736FF42494348FFF732FFBD
:1005C00042494348FFF72EFF42494348FFF72AFFBD
:1005D00042494348FFF726FF42494348FFF722FFBD
:1005E00042494348FFF71EFF42494348FFF71AFFBD
:1005F00042494348FFF716FF42494348FFF712FFBD
:1006000042494348FFF70EFF00240C230094ADF845
:100610000030404B404D019304226B463F49404817
:10062000029409F043FF234604223E493E4809F064
:100630003DFF284606F0E2FF04223C49032009F072
:100640002FFC3B4F3B4B3C4E6A4600212020009341
:1006500003970296FFF738FF6846FFF7D3FE374B44
:100660006A4600214FF400500093CDE90267FFF77E
:100670002BFF6846FFF7C6FE22462146072009F0F9
:1006800035FE20460BF08FFC284607F0B9FC05B07C
:10069000F0BD00BF79010A08372F0B089D010A0839
:1006A000432F0B0837030A084F2F0B08B5010A0820
:1006B000642F0B08D9010A08722F0B08FD010A08E4
:1006C0007E2F0B0821020A08882F0B0845020A0812
:1006D000922F0B0869020A089F2F0B088D020A0847
:1006E000B02F0B08B1020A08BA2F0B08D5020A086E
:1006F000C62F0B08E5020A08CE2F0B0809030A08CB
:10070000DD2F0B082D030A08E82F0B0815010A0836
:10071000EE2F0B08D1000A0894020020840200206A
:10072000FE2F0B0807300B080D300B0814300B0898
:10073000F5000A08E1030A08FF000A08E1000A08B8
:10074000022A70B5044607D0032A10D0012A01D12D
:100750000B680360002070BD10200E68FFF79DFC41
:10076000054610B13146FFF79FFE2560F2E70468A9
:10077000002CEFD02046FFF745FE102120460CF05C
:10078000A2FEE7E770B51426D0E90053044606FB45
:100790000356AE4204D028460AF003F81435F8E7B1
:1007A000206809F0D3FE204670BD2DE9F843B1F171
:1007B0000008074635DD4FF0140909FB08F009F081
:1007C000BDFE0546A8B3D7E90046844209FB0646AC
:1007D00015D2864214D9143EA4F11409341B0444E2
:1007E000B1451FD02CB1314620460AF054F8337C75
:1007F0002374304609F0D5FF143E143CF0E711D0C5
:10080000A946A6420ED0214648460AF044F8237C69
:10081000204689F8103009F0C4FF143409F1140996
:10082000EFE70025386809F091FE01203D60C7F828
:100830000880BDE8F88300232DE9F041C0E90033CA
:1008400083600D4649680446994217DDFFF7ADFF06
:10085000A0B1D5E900634FF0140808FB03682768CE
:10086000B04509D02FB1314638460AF02EF8337C16
:100870003B7414361437F3E76B6863602046BDE8B9
:10088000F081000030B597B00CF088FC002342F2F4
:1008900016511A460CF08AFC0CF080FC0023002450
:1008A0001A4638210CF08AFC0021012009F016FDBF
:1008B000464D474B0120AB602C60AC80AC7109F019
:1008C000F5FC28460125434A43490CF0F7FD012178
:1008D000042009F0EDFAFFF7ABFD4049404809F06C
:1008E000AAFF3C4A3F493E480CF0E8FD3E490CA8AF
:1008F00009F0A1FF3D4911A88DF8405009F09BFF78
:1009000002216846CDE900448DF854500294FFF767
:100910004CFF98B1009C34B120460CA909F0D5FFDA
:100920009DF84030237411A904F1140009F0CDFFA3
:100930009DF8543084F82430022301930BF0ACFF6F
:100940000546694603A8FFF776FF03A906A8284CC9
:10095000FFF771FF274B06A9236009A8FFF76BFF7C
:1009600009AA0121201D0AF029FE09A8FFF70AFFA4
:1009700006A8FFF707FF204B2562236003A8FFF7B7
:1009800001FF1E4B23600BF087FF4FF416510BF055
:1009900073FF0AF0A5FA21460AF0A3FD6846FFF7A7
:1009A000F1FE11A809F0FDFE0CA809F0FAFE094AB3
:1009B000134920460CF082FD124806F0C5FD054A99
:1009C000114910480CF07AFD17B030BD54020020D8
:1009D0000000FFFF5002002089030A08E6370B08D9
:1009E00084020020A3A70A0819300B081D300B0849
:1009F0006002002034300B08E43E0B084C300B083A
:100A000099030A089402002017040A0807B5002277
:100A100001A81146019209F053FA019803B05DF85C
:100A200004FB09F0FDB9000038B5054C25682DB967
:100A30000120FFF732FB00B105702060206838BD4F
:100A4000CC02002013B50CF0CBFC4FF47A7009F007
:100A5000DFF904460CF0C4FC0422694640F2E93098
:100A600009F0E6F9631EDBB2FD2B13D90CF0B8FCDC
:100A700001214FF47A70FFF7D4FF0CF0B1FC0BF0BA
:100A80003EFA042201900DEB020140F2E93009F038
:100A9000D7F919E0042C19D90CF0A2FC00214FF46D
:100AA0007A70FFF7BEFF0CF09BFC0422002440F29A
:100AB000E9300DEB0201019409F0C2F905200BF0B9
:100AC00067FA204609F0EFFD02B010BD0BF017FAEF
:100AD000009BC01AB0F5167FF6D80CF081FC611CA3
:100AE000C9B2C6E713B50CF07BFC40F2ED3009F05B
:100AF0008FF904460CF074FC0422694640F2EE3093
:100B000009F096F9631EDBB2FD2B13D90CF068FCDB
:100B1000012140F2ED30FFF784FF0CF061FC0BF097
:100B2000EEF9042201900DEB020140F2EE3009F0E3
:100B300087F919E0042C19D90CF052FC002140F27D
:100B4000ED30FFF76EFF0CF04BFC0422002440F266
:100B5000EE300DEB0201019409F072F905200BF063
:100B600017FA204609F09FFD02B010BD0BF0C7F93F
:100B7000009BC01A7828F7D80CF032FC611CC9B26F
:100B8000C7E710B50446FFF741FF822804D120468D
:100B9000BDE81040FFF756BFFFF738FF8C2804D19F
:100BA0002046BDE81040FFF79DBFFFF72FFF282824
:100BB00002D10123237010BDBDE81040FFF726BF0E
:100BC00070470000002210B50446044B114640F85F
:100BD000043B09F059FB204610BD00BFD0300B0884
:100BE00010B50446FFF7EEFF204620210CF06BFC09
:100BF000204610BD10B56C22002104460EF0BAF953
:100C00000123002220461146236009F09FFB204665
:100C100010BD2DE9F04105460E4617469DF8181007
:100C2000002218461C4609F099FB234606903A46D6
:100C300031462846BDE8F04109F008BDF0B504464C
:100C400026468BB001F0D8F91C4B002246F8083B31
:100C50001421012009F082FB0125142703462A46AE
:100C6000CDE900756FF07F41304609F0CDFC394683
:100C70000022022009F072FB1E2203460195009219
:100C80000F49022202A804F10C0503AE09F0BCFCD6
:100C90000FCE0FC596E8070085E8070002A8FFF70A
:100CA00091FF4FF480124FF480732046C4E90A2369
:100CB000002384F8303063630BB0F0BDE4300B08E0
:100CC0000060FF0038B5064C23683BB93820FFF7B9
:100CD000E4F9054608B1FFF7B1FF2560206838BD8B
:100CE000D002002030B514249FB003A8FFF782FF84
:100CF00003A803236FF07F4200210094FFF789FFD0
:100D000003A803236FF07F4201210094FFF781FFC6
:100D100002231E25194603A8FF220094FFF779FF3E
:100D200003A80223FF2203210094FFF772FF03A808
:100D30000323FF2204210094FFF76BFF03A8022383
:100D4000FF2205210095FFF764FF03A80223FF227D
:100D500006210095FFF75DFF03A803236FF07F4294
:100D600007210094FFF755FF0A2303A800934FF4CF
:100D70007F4202230921FFF74CFF002203A81146FE
:100D800009F0DCFA1FB030BD10B514249EB003A8E2
:100D9000FFF730FF03A803236FF07F420221009486
:100DA000FFF737FF032303A819466FF07F42009433
:100DB000FFF72FFF03A803236FF07F420421009465
:100DC000FFF727FF03A803236FF07F42052100945C
:100DD000FFF71FFF032303A86FF07F420621009453
:100DE000FFF717FF002203A8114609F0A7FA1EB06B
:100DF00010BD38B505460C4681B10BF0D2F828B1CC
:100E000000200BF0D0F8012385F82830214605F1A9
:100E10000C000022BDE8384009F036BA90F82830BE
:100E2000002BF3D001200BF0BEF8224621462046CD
:100E30000BF0C9F885F82840E8E710B5044649B139
:100E40000BF0AFF8A0B194F8290088B9BDE81040C4
:100E50000BF0A9B80BF0A5F8044648B901200BF037
:100E6000A2F8224621462046BDE810400BF0ABB860
:100E700010BD38B50546E0B10478D4B183783A2B7B
:100E800017D10FF0D9F8042813D90A226878303C1A
:100E9000303802FB04042B79E878303B3038172CCB
:100EA00002FB003005D83B2803D83C2303FB040099
:100EB00038BD4FF0FF30FBE770B50D461646FFF723
:100EC000D8FF04462846FFF7D4FF05463046FFF713
:100ED000D0FF002C10DB002D0EDB00280CDB854240
:100EE00006DCAC4208DB8442ACBF0020012070BDB0
:100EF000AC42F8DB0120FAE70020F8E730B5054600
:100F0000364C8DB039B108F073FF95F82930206068
:100F100063B10DB030BD08F06BFF42F20F72236871
:100F2000C01A9042EFD8002BEDD0F2E795F82B4095
:100F3000002CEED12A492B480DF10D028DF80D4001
:100F400005F00AFA9DF80D3053B92749274808AA39
:100F500005F002FA28469DF82010FFF76EFFD8E74B
:100F6000224623491F4804AB0494ADF8144006946C
:100F7000ADF81C4005F060F822461E49194806AB42
:100F800005F05AF8012318490DF10E0215488DF8A5
:100F90000E3005F0E1F90AF0B2FF174B024617498F
:100FA0000093C31708A80AF04BFF089806AA04A9E3
:100FB000FFF782FF40B19DF80E102846FFF73DFF76
:100FC00008A809F0EEFBA4E7074908480DF10F0255
:100FD00005F0C2F99DF80F10EFE700BFD402002022
:100FE0005C300B0864300B0872300B0878300B084B
:100FF00083300B0889300B088D300B0894030020D8
:1010000013B50446084909480DF1070205F0A4F993
:101010009DF8073033B91121236884F82A1020463F
:101020001B68984702B010BD72300B0878300B086F
:1010300070B5154690F82B200446D2B9012680F8E9
:101040002F1080F82D5080F82E3080F8302080F856
:101050002C6008F0CDFE84F82B60606330460AF007
:10106000A2FF002D0348BDE8704018BFFF200AF022
:10107000BDBF70BD0050FF0010B590F82B30044686
:101080009BB308F0B5FE636BC01AC7282DD908F0D2
:10109000AFFE94F82C306063D3B1002210461146A5
:1010A0000AF091FF002094F8303094F82F2001339B
:1010B000DBB29A4284F82C0084F8303015D894F8CA
:1010C0002E3084F82B0083B1BDE810400AF06BBFCE
:1010D000012384F82C3094F82D300448002B18BFDD
:1010E000FF20BDE810400AF081BF10BD0050FF0096
:1010F000F0B54B1E04460D468DB0242B18D8DFE802
:1011000003F0131D7A7A7A17177A697A1717171767
:10111000174F1F17171717171792171717171717A4
:101120001717A3AAAEB2B60001212046FFF761FE51
:101130002946204600F05AFF0DB0F0BD0021F4E72B
:101140000AF02FFF064638B901200AF02CFF32467C
:10115000314630460AF037FF00224649464805F03E
:10116000D5FF1123454984F82A30684609F063FB0E
:10117000434904A809F05FFB424908A809F05BFB5A
:10118000694608AB04AA532003F092FC08A809F0B2
:1011900008FB04A809F005FB684609F002FBC7E755
:1011A0000AF0FFFE20B194F8290008B90AF0FBFE0E
:1011B00001223049304805F0A9FF1023324984F854
:1011C0002A30684609F037FB2D4904A809F033FBA3
:1011D0002E49D2E7012780F829700AF0E2FE064680
:1011E0000028A5D138460AF0DEFE324631463046A8
:1011F0000AF0E9FE9CE7002390F82B6080F8293084
:10120000002E95D11B491C4808AA05F0A5F89DF8A9
:101210002030002B8CD00AF0C4FE002888D0304645
:101220000AF0C1FE84E7FFF75DFD0AF0BAFE10B1D7
:1012300000200AF0B8FE01220E490F4805F066FFB3
:10124000182384F82A3073E701231A4619462046EA
:10125000FFF7EEFE6CE7012302211A46F7E70123B0
:101260001A460321F3E7012304211A46EFE701237D
:101270000022F6E772300B0878300B0893300B0829
:1012800099300B08A5300B08B4300B08BA300B08A6
:1012900010B5044600F0B0FE024B20462360152333
:1012A000A36010BD48310B0838B5064C23683BB924
:1012B0000C20FEF7F2FE054608B1FFF7E9FF2560B6
:1012C000206838BDD802002008B5012119200BF094
:1012D000CBFFBDE80840002119200BF0D6BF00006D
:1012E000002213B511460DF107030446074804F028
:1012F0009CFF9DF80710A1F11603012B03D823686A
:1013000020461B68984702B010BD00BFE8300B08AC
:1013100030B54B1E04460D468DB01F2B3AD8DFE882
:1013200003F0A3A79D979D399D399D399D86869091
:1013300090393939393963103F3939393939399D5B
:101340009D9716230022037211464E4805F073FF45
:101350004D49684609F06FFA4C4904A809F06BFA48
:101360004B4908A809F067FA694608AB04AA53205C
:1013700003F09EFB08A809F014FA04A809F011FA7A
:10138000684609F00EFAA37A23B90121E172192007
:101390000BF07BFF2946204600F028FE0DB030BD43
:1013A0001723002203721146364805F044FF3949DD
:1013B000684609F040FA354904A809F03CFA364974
:1013C00008A809F038FA694608AB04AA532003F0CC
:1013D0006FFB08A809F0E5F904A809F0E2F96846EE
:1013E00009F0DFF90021D1E715230022037211462D
:1013F000244805F020FF6846284909F01CFA2349D3
:1014000004A809F018FA264908A809F014FA694650
:1014100008AB04AA532003F04BFB08A809F0C1F95C
:1014200004A809F0BEF9684609F0BBF9B2E7037AEF
:10143000152BAFD1437A002BACD1837A002BA9D1E5
:10144000D0E7037A152BA5D1437A002BA2D19AE7D6
:1014500001234372037A152B9CD194E70023437236
:10146000037A152B96D1BDE70123002143818EE736
:1014700000238372037A162B87D0437A002B84D102
:1014800088E700BFE8300B08F3300B08F9300B0891
:1014900005310B0813310B0819310B0828310B08E3
:1014A0002E310B08D0B5044616461F4608F0A0FCA6
:1014B000DDE90423C4E90623DDE90623C4E90823A2
:1014C000DDE90823C4E90A23DDE90A23C4E90C2382
:1014D00000220023A060C4E904672046C4E90E236B
:1014E000C4E91023D0BD2DE9F3471F468368824627
:1014F0004360164608F07CFCDDE90A2304463946C1
:10150000CAF8080030460CF001FADAE9082306466A
:101510000F460CF0B3FB4FF47A73CDE90001DAF813
:101520000400B0FBF3F0201A0CF02EFB32463B46D1
:1015300004460D460CF0A2FBDAE910230CF0E8F9A2
:10154000DAE90E23804689463046CAE910893946D1
:101550000CF0DCF922462B460CF0BAFCDAE90A233F
:101560000CF08CFBDAE90C2304460D464046494654
:101570000CF084FBDDE900230CF0CAF902460B46AF
:10158000204629460CF0C4F9DAE90445804689462C
:1015900002460B46204629460CF0E2FD50B9DAE936
:1015A000064542464B46204629460CF0F7FD08B951
:1015B00044464D4620462946CAE90E6702B0BDE8BA
:1015C000F0870000024A136801331360704700BFC0
:1015D000DC02002000000000D0B5044688B000F016
:1015E0000BFD20460026002700221B4B40F8503BF5
:1015F0001A4BCDE90667CDE9022315A3D3E90023F1
:10160000CDE90467CDE900230022154BFFF74AFF1F
:10161000192384F898304FF448534FF49661C4E985
:101620000267C4E90467A38504F12C0204F11803DE
:1016300023F8021B9342FBD100232046C4E9123356
:10164000E3850123238608B0D0BD00BFAFF300803F
:101650000000000000407FC0F4310B080000E03FB4
:1016600000407F4038B5064C23683BB9A020FEF708
:1016700014FD054608B1FFF7AFFF2560206838BDAF
:10168000E802002007B5012118200BF0EDFD002134
:101690001B200BF0E9FD082118200BF07BFE4FF416
:1016A0007A72FF2118200BF059FE0023012207490E
:1016B00000931B204FF0FF330BF048F908F098FB24
:1016C000034B186003B05DF804FB00BFC5150A08A2
:1016D000E002002038B508F08BFB0949094A0B6885
:1016E000C31AB3F57A7F08D30023074C0860256836
:1016F00023603C236B435B081380108838BD00BF18
:10170000E0020020E4020020DC02002000000000D3
:10171000F7B5054608F06CFBAB6CC01AB0F5FA6F74
:101720002BD3284695F82D40FFF7D4FF0CF02CFA68
:10173000D5E9022305F15006CDE900013046FFF757
:10174000D2FE00223C4B06460F460CF01DFDB0B108
:10175000103CE4B2042C38BF0424322C28BF3224BD
:1017600095F82D30A34205D0214618200BF0D0FD6E
:1017700085F82D4008F03CFBA86403B0F0BD0022C2
:10178000304639462D4B0CF0FFFC08B1083CE0E731
:10179000304625A3D3E9002339460CF0F5FC08B107
:1017A000043CD6E7002230463946254B0CF0ECFCD1
:1017B00008B1023CCDE7002230463946214B0CF0FF
:1017C000E3FC08B1013CC4E70022304639461E4B19
:1017D0000CF0D0FC08B10134BBE70022304639469A
:1017E0001A4B0CF0C7FC08B10234B2E700223046B5
:1017F0003946174B0CF0BEFC08B10434A9E70022AF
:1018000030463946134B0CF0B5FC08B10834A0E75C
:10181000304607A3D3E9002339460CF0ABFC00287F
:1018200098D0103495E700BF0000000000C072405F
:101830000000000000407FC000407F400000794071
:1018400000004E4000804640008046C000004EC070
:1018500000C072C0000079C090F830300BB1FFF7C3
:1018600057BF7047F8B51F469DF818300446164616
:1018700083B100220023304639460CF067FC70B378
:101880004FF47A72FF2118200BF068FD002384F8D2
:101890003030F8BD90F82C2039460A2A08BF80F86D
:1018A0002C3090F82C506B1C80F82C3030460CF00B
:1018B000A7FC0C3580B224F8150094F82E30002BCC
:1018C000E7D194F82F30002BE3D104F1180304F191
:1018D0002C0233F8021B8842DBD19342F9D1C4E9D0
:1018E0000267D6E738B590F82F3004460D4643B965
:1018F00041B94FF47A72FF2118200BF02FFD84F8C4
:10190000305038BD90F8303013B9012380F83030B2
:101910002946BDE838404FF47A7218200BF01EBDFE
:1019200010B5044694F82F3008463BB9D4E9022399
:10193000C4E904230CF028F9C4E9020110BD000039
:101940002DE9F0434B1E04460D468FB01F2B24D8C3
:10195000DFE813F061006E00D200060106012300EB
:1019600006012300060123004C0173008700980044
:10197000B5002300230023002300230023002300BD
:101980002300D2009401C9016A0020005F00060113
:1019900006010601012384F8313094F8303013B188
:1019A0002046FFF7B5FE08F023FAE36CC01AA44BFB
:1019B000984227D994F82F300BBB94F83030F3B10C
:1019C0002046FFF787FED0B99E4902A808F033FFF2
:1019D0009D4906A808F02FFF9C490AA808F02BFF94
:1019E0000AAB06AA02A9532003F062F80AA808F07D
:1019F000D8FE06A808F0D5FE02A808F0D2FE08F02E
:101A0000F7F9E0642946204600F0F0FA0FB0BDE88F
:101A1000F0830023BFE7012380F82F304FF47A7260
:101A2000FF2118200BF09AFC002384F83030B4E733
:101A3000002380F82F300123F7E794F8313000229B
:101A400000F10801D1E9000123B3814B0CF07EFBCA
:101A50000028A2D100227E4B00902046FFF702FF13
:101A60009BE794F83130002200F10801D1E9000130
:101A70006BB3784B0CF06AFB00288ED10022754BBB
:101A80000090EAE794F83130002200F10801D1E932
:101A9000000153B1704B0CF059FB00287FF47DAF6F
:101AA0000023002200936C4BD7E76C4B0CF04EFBED
:101AB00000287FF472AF0022684B0090CDE794F8C5
:101AC0003130002200F10801D1E9000153B1644B2B
:101AD0000CF03CFB00287FF460AF00230022009351
:101AE0005F4BBAE75F4B0CF031FB00287FF455AF3A
:101AF00000225C4B0090B0E7002380F82E3090F875
:101B00002F3013B9012380F830300026D4E904893E
:101B1000002732463B46404649460CF017FB18B9B1
:101B2000C4E90289C4E904674F4902A808F083FEAA
:101B3000454906A808F07FFE4C490AA808F07BFE3C
:101B40000AAB06AA02A9532002F0B2FF0AA808F0C5
:101B500028FE06A808F025FE02A808F022FE1CE7D1
:101B60000123414980F82E3080F8303002A808F077
:101B700062FE354906A808F05EFE3D490AA808F055
:101B80005AFE0AAB06AA02A9532002F091FF0AA846
:101B900008F007FE06A808F004FE02A808F001FEFF
:101BA000042D04D100222F4BC4E90223F5E66B1F5C
:101BB000012B02D80022284BF6E7072D02D1002284
:101BC000234BF1E7092D02D10022224BECE71E2D19
:101BD000FAD01F2D03D116A3D3E90023E4E7202D6B
:101BE0007FF4DBAE14A3D3E90023DDE7214902A88B
:101BF00008F021FE144906A808F01DFE1E490AA897
:101C000008F019FE0AAB06AA02A9532002F050FF01
:101C10000AA808F0C6FD06A808F0C3FD02A808F04F
:101C2000C0FD012384F82E30F8E600BFAFF300803A
:101C30000000000000709740000000000088A340F2
:101C4000002E9302CC310B0852310B08D2310B0815
:101C500000407F4000208C4000C0924000209C400B
:101C600000E0954000409F404C310B085E310B086E
:101C700077310B089E310B08A4310B081D4902A8CF
:101C800008F0D9FD1C4906A808F0D5FD1B490AA893
:101C900008F0D1FD0AAB06AA02A9532002F008FF02
:101CA0000AA808F07EFD06A808F07BFD02A808F04F
:101CB00078FD94F82F3013B9012384F830304FF0B9
:101CC0000008D4E904674FF0000942464B4630460D
:101CD00039460CF03BFA00287FF45FAEC4E9026796
:101CE000C4E9048959E690F82F30002B7FF455AEF3
:101CF000A1E600BF4C310B0852310B08BA310B087A
:101D000010B5044600F078F9034B1222236000233B
:101D10002046C4E9022310BDA4320B0838B5064C96
:101D200023683BB91020FEF7B8F9054608B1FFF764
:101D3000E7FF2560206838BDEC02002008B50121CE
:101D400002200BF091FA00210B200BF08DFABDE878
:101D50000840002102200BF098BA0000002213B5C1
:101D600011460DF107030446074804F05EFA9DF89A
:101D70000710A1F11303012B03D8236820461B6829
:101D8000984702B010BD00BFF8310B0870B5C37A98
:101D9000DBB9012102200BF078FA0A200AF0F8F8EA
:101DA00001260F2400252DB90B200BF087FA051E04
:101DB00018BF0125013C14F0FF04F4D11EB12146E7
:101DC00002200BF062FA284670BD0026E9E7000009
:101DD00030B54B1E04460D468DB01F2B4AD8DFE8A8
:101DE00013F0E000E400D900D200D9004900D90086
:101DF0004900D9004900D900BF00BF00C900C9008F
:101E0000490049009C002000780049004900490031
:101E1000490049004900490049004900D900D9005A
:101E2000D2001323002203721146654805F003FA1D
:101E30006449684608F0FFFC634904A808F0FBFC0D
:101E4000624908A808F0F7FC694608AB04AA5320C9
:101E500002F02EFE08A808F0A4FC04A808F0A1FCDB
:101E6000684608F09EFCA37A23B90121E1720220A2
:101E70000BF00BFA07F0BCFFE368C01A544B984212
:101E800021D92046FFF782FFD0B95249684608F0B1
:101E9000D2FC4D4904A808F0CEFC4F4908A808F030
:101EA000CAFC694608AB04AA532002F001FE08A848
:101EB00008F077FC04A808F074FC684608F071FC90
:101EC00007F096FFE0602946204600F08FF80DB03D
:101ED00030BD1423002203721146394805F0ABF9D6
:101EE0003E49684608F0A7FC374904A808F0A3FC5F
:101EF0003B4908A808F09FFC694608AB04AA532098
:101F000002F0D6FD08A808F04CFC04A808F049FC33
:101F1000684608F046FC0021A8E71223002203725D
:101F20001146274805F087F968462E4908F083FCDA
:101F3000254904A808F07FFC2B4908A808F07BFC81
:101F4000694608AB04AA532002F0B2FD08A808F0C5
:101F500028FC04A808F025FC684608F022FC89E764
:101F6000037A122B86D1437A002B83D1837A002BFC
:101F700080D1D0E7037A122B7FF47CAF437A002B19
:101F80007FF478AF6FE701234372037A122B7FF45B
:101F900071AF68E700234372037A122B7FF46AAFB4
:101FA000B9E701230021438161E700238372037AAB
:101FB000132B3FF45AAF437A002B7FF456AF59E707
:101FC000F8310B0806320B080C320B0820320B08D4
:101FD000002E930271320B0877320B0836320B0851
:101FE0003C320B0853320B0859320B08406810B1D1
:101FF00003681B6818477047024A0260002242606B
:10200000704700BFB0320B0841607047034640681C
:102010000028FBD15960704738B5064C25683DB99A
:102020001420FEF73AF810B10223C5600380206047
:10203000206838BDF002002000211C200BF014B9EC
:10204000002370B586B004938B6804460E4602AD3B
:1020500033B1022228469847F3680593B368049386
:102060006A4695E80300231D82E8030093E8030015
:1020700085E8030092E8030083E80300049AE3681C
:102080002169E260059A0493059122611BB1032244
:1020900029462846984706B070BD07B582688DF876
:1020A00007100AB90BF015FAC3680DF1070198473C
:1020B00003B05DF804FB000010B504468CB01C2092
:1020C0000BF0FCF8012801462CD12378022B29D1F2
:1020D00040F20113204620F8043BFFF7DEFF1D49C4
:1020E000684608F0A8FB1C4904A808F0A4FB1B499B
:1020F00008A808F0A0FB694608AB04AA532002F028
:10210000D7FC08A808F04DFB04A808F04AFB684675
:1021100008F047FB01220023A118114808F0C6F976
:102120000CB010BD1C200BF0C9F80028F2D12378A8
:10213000012BEFD10221204620F8041BFFF7ADFF51
:102140000849684608F077FB034904A808F073FBC8
:102150000549CDE7B4320B08BB320B08C9320B0876
:10216000FE320B08E0320B08E7320B08436913B16B
:1021700083690C301847704713B5002104460846A0
:1021800007F0B6FE0023204601A9019307F0C8FE20
:10219000019C0CB1012323710021012007F0A8FE4E
:1021A0002CB1236820469B6898470023237102B016
:1021B00010BD022A38B5044607D0032A11D0012ADF
:1021C00001D10B682360002038BD0C200D68FDF79D
:1021D00064FF03460028F5D095E8070083E8070070
:1021E000F0E700680028EED00C210BF06CF9EAE76C
:1021F00010B403685A689968541001EB6200D20762
:1022000048BF0A591B6810BC48BFD3581847000084
:1022100037B5134B044603608068C8B100256FF0E2
:1022200000430221CDE900352A462B4607F080FE07
:102230002946A06807F0CCFE237903F0FF0513B10F
:1022400007F04EFEF8E72946A06807F061FEA5609A
:1022500004F10C00FEF7D6F8204603B030BD00BFF5
:10226000F8340B0810B50446FFF7D2FF20461C21B6
:102270000BF029F9204610BD10B5044601F056FABE
:1022800000232361022320602371204610BD00003B
:1022900038B5064C23683BB91820FDF7FEFE05460D
:1022A00008B1FFF7E9FF2560206838BDF40200207F
:1022B0002DE9F04F044600688FB00378002B00F042
:1022C000AC8001F043FA00258046554FDFF874A139
:1022D000544E5FFA85F9C84576D939460AA808F000
:1022E000AAFA019501350A22294606A808F023FB1F
:1022F00006A90AA808F05CFB2268019B01684FEA66
:10230000830B02EB83035B68524693F9043030463B
:1023100004F0E3FF06A808F044FA0AA808F041FA1E
:1023200039460AA808F087FA0A22294606A808F0C2
:1023300002FB06A90AA808F03BFB00233A4A016801
:10234000304604F0CAFF06A808F02BFA0AA808F0E5
:1023500028FA39460AA808F06EFA0A22294606A881
:1023600008F0E9FA06A90AA808F022FB2368016828
:102370005B445B6830465B692C4A05F000F806A8B0
:1023800008F00FFA0AA808F00CFAB9F1000FA0D172
:1023900039460AA808F04FFA0A22294606A808F08A
:1023A000CAFA06A90AA808F003FB236801685B685B
:1023B00030469B691E4A04F0E2FF06A808F0F1F9D6
:1023C0000AA808F0EEF984E7236800221B7819496F
:1023D000144804F030FF0022236817491A7702A836
:1023E00008F029FA154906A808F025FA14490AA8A0
:1023F00008F021FA0AAB06AA02A9532002F058FB02
:102400000AA808F0CEF906A808F0CBF902A808F04F
:10241000C8F901200FB0BDE8F08F0520FAE700BF32
:1024200009330B0868300B0816330B0825330B08EB
:1024300021330B082C330B0831330B0838330B08CE
:1024400046330B080F330B08006803785BB1437801
:1024500000EB83035B681B7F0BB901F0CDB9037FF1
:102460000BB101F0A7B9704730B5032904460D46FA
:1024700095B000F0CA800B4601710022644965489E
:1024800004F02BFF23685A7803EB82035B681B7F01
:10249000002B2FD16B1E082B26D8DFE803F0055C3C
:1024A00025256B897A98A700042104F10800FFF71D
:1024B000F4FD594908A808F0BEF958490CA808F0DD
:1024C000BAF9574910A808F0B6F910AB0CAA08A938
:1024D000532002F0EDFA10A808F063F90CA808F0F8
:1024E00060F908A808F05DF92B4600224D494948DB
:1024F00004F0F3FE4C4908A808F09DF947490CA8E0
:1025000008F099F9494904A808F095F90A222946E2
:10251000684608F010FA694604A808F049FA01462E
:1025200010A808F0D2F910AB0CAA08A9532002F0A9
:10253000BFFA10A808F035F9684608F032F904A887
:1025400008F02FF90CA808F02CF908A808F029F9D0
:10255000012015B030BD052104F10800FFF79DFDF5
:10256000334908A808F067F92C490CA808F063F96A
:102570003049A7E7072104F10800FFF78EFD2E4937
:1025800008A808F058F925490CA808F054F92B4977
:1025900098E70B2104F10800FFF77FFD284908A800
:1025A00008F049F91D490CA808F045F9254989E7C3
:1025B0001E2104F10800FFF770FD234908A808F068
:1025C0003AF916490CA808F036F920497AE71F2194
:1025D00004F10800FFF761FD1D4908A808F02BF978
:1025E0000E490CA808F027F91A496BE7202104F1DD
:1025F0000800FFF752FD184908A808F01CF9074920
:102600000CA808F018F915495CE70220A1E700BF03
:1026100063330B086B330B0877330B0838330B0825
:102620007D330B0822340B082A340B0830340B0896
:102630008D330B0893330B08A2330B08A9330B0817
:10264000BB330B08C2330B08D1330B08D8330B084C
:10265000EC330B08F3330B0807340B080E340B086C
:1026600030B590F9043004468FB0092B51D8DFE81B
:1026700003F00567755050839F91ADBB0DF10703C3
:1026800000226049604803F019FE9DF8073004F10C
:102690000805002B46D01C212846FFF7FEFC5B49AD
:1026A0000AA808F0C8F85A4906A808F0C4F8594919
:1026B00002A808F0C0F802AB06AA0AA9532002F04B
:1026C000F7F902A808F06DF806A808F06AF80AA859
:1026D00008F067F803212846FFF7DFFC4E490AA8F7
:1026E00008F0A9F84A4906A808F0A5F84B4902A83D
:1026F00008F0A1F802AB06AA0AA9532002F0D8F903
:1027000002A808F04EF806A808F04BF80AA808F04E
:1027100048F8002294F9043041493B4804F0DDFDBB
:102720000FB030BD1D212846FFF7B7FC3D490AA870
:1027300008F081F8364906A808F07DF83A49B7E76D
:1027400004210830FFF7A9FC38490AA808F073F8FB
:102750002F4906A808F06FF83549C8E70521083069
:10276000FFF79BFC33490AA808F065F8284906A83A
:1027700008F061F83049BAE707210830FFF78DFC0F
:102780002E490AA808F057F8214906A808F053F87E
:102790002B49ACE70B210830FFF77FFC29490AA839
:1027A00008F049F81A4906A808F045F826499EE7B6
:1027B0001E210830FFF771FC14490AA808F03BF805
:1027C000134906A808F037F8204990E71F21083080
:1027D000FFF763FC1E490AA808F02DF80C4906A86B
:1027E00008F029F81B4982E720210830FFF755FC43
:1027F00019490AA808F01FF8054906A808F01BF8AF
:10280000164974E74A340B086B330B08D1330B08B5
:1028100038330B085D340B0895340B089B340B08D8
:1028200022340B0875340B087C340B0877330B0803
:102830007D330B088D330B0893330B08A2330B0841
:10284000A9330B08BB330B08C2330B08D8330B0872
:10285000EC330B08F3330B0807340B080E340B086A
:1028600013B50131044609D10DF1070300220949CE
:10287000094803F086FC9DF80730237123685A78D5
:1028800003EB82035B681B7F13B92046FFF7E8FE6A
:1028900002B010BD63330B086B330B0830B50D4627
:1028A0008FB00DF10703044600221A491A4803F0BD
:1028B00068FC9DF90730AB4229D1002315491A461F
:1028C0002371154804F009FD204694F90410FFF720
:1028D000C7FF124902A807F0AEFF114906A807F08A
:1028E000AAFF10490AA807F0A6FF0AAB06AA02A988
:1028F000532002F0DDF80AA807F053FF06A807F0FE
:1029000050FF02A807F04DFF01200FB030BD03209B
:10291000FBE700BF63330B086B330B08AB340B08CA
:1029200038330B08B1340B0813B56C460B4602461E
:1029300003C884E8030093E8030082E8030094E8F6
:10294000030083E8030002B010BD000070B58CB036
:102950000E4605AD02A981E80C0085E80C000023B5
:1029600004460C200A93FDF798FB034628B195E82E
:102970000300109A83E803009A6000250893134B24
:1029800004F10C010B93124B08A80A93114B25710B
:102990002360A5606561FFF7C7FF0A9B62696361F9
:1029A0000B9B0A92A269A3619DF8443031460B92B9
:1029B0000093094A2346019504F1080007F0A0FAA4
:1029C00008A8FDF71FFD20460CB070BDF1210A08D4
:1029D000B3210A08F8340B0879210A080000000026
:1029E0002DE9F04FA9B00DF11D0304460022C049A6
:1029F000C04803F01AFC9DF81D30002B00F08182C6
:102A00002268BD491370BB4800220DF11E0303F07C
:102A10000CFC23689DF81E2000255A7000230493A7
:102A200020689DF810A00378534540F268820AF1AF
:102A30000106B2491BA807F0FEFE0A2231461FA874
:102A400007F079FF1FA91BA807F0B2FF0DF11F03C4
:102A5000AB4A0168A74803F094FB1FA807F0A1FE4A
:102A60001BA807F09EFEA5491BA807F0E4FE0A225A
:102A700031461FA807F05FFF1FA91BA807F098FFAA
:102A800009ABA04A01689B4803F0D6FA1FA807F0DB
:102A900088FE1BA807F085FE98491BA807F0CBFE0F
:102AA0000A2231461FA807F046FF1FA91BA807F0FE
:102AB0007FFF08AB0168944A8E4803F017FB1FA8FC
:102AC00007F06FFE1BA807F06CFE23685B78534588
:102AD00040F0408109F024FA0A2201460FA807F0CD
:102AE0002AFF0F9F09F028FA0A22014613A807F0CF
:102AF00022FFDDF84CB009F027FA0A22014617A898
:102B000007F019FF38460DF097FA064658460DF0C3
:102B100093FADDF85C90029048460DF08DFA8046FD
:102B200009A80DF089FA029B1E440636B0444044C1
:102B3000FDF7B5FA804639460CF0F8FC734940467B
:102B40000CF0C4FC594640460CF0C0FC6F494046AE
:102B50000CF0BCFC494640460CF0B8FC6B494046C2
:102B60000CF0B4FC09A940460CF0B0FC68494046A2
:102B70000CF0ACFC1FAA674940460DF031FE1FA8BF
:102B80000CF0D8FA0E46074609F0EAF90246C317D8
:102B9000CDE90223DDE902013A4633460CF0C4F8E0
:102BA00051A3D3E900230BF093F90022002306463A
:102BB0000F460BF0D5FA002855D009F0B1F90A22DA
:102BC000411E1BA807F0B7FE1B99084605910DF0A2
:102BD00033FA064658460DF02FFA804648460DF067
:102BE0002BFA074609A80DF027FA46440636374463
:102BF0003844FDF754FA804605990CF097FC434998
:102C000040460CF063FC594640460CF05FFC3F49DF
:102C100040460CF05BFC494640460CF057FC3B49F3
:102C200040460CF053FC09A940460CF04FFC3849D3
:102C300040460CF04BFC1FAA364940460DF0D0FD33
:102C40001FA80CF077FA02460B46DDE902010CF0F2
:102C50006BF825A3D3E900230BF03AF906461BA82D
:102C60000F4607F09EFD4046FDF71DFA00220023A7
:102C7000304639460BF074FA00284DD04FF07C51A5
:102C800008980BF03BFC0AF0A1FF32463B46804619
:102C900089460BF083FA00283ED032463B46404638
:102CA00049460AF035FE0BF0CBFA064617A807F0A6
:102CB00078FD13A807F075FD0FA807F072FD9DF9C8
:102CC0001F304FEA8A0A013B082B56D8DFE813F081
:102CD00044008A00A60055009800C200B400D0004D
:102CE000DF0000BFAFF30080000000000020AC4018
:102CF0002C330B0868300B08D0340B0809330B0851
:102D00000F330B0816330B0825330B089D370B08C0
:102D1000D9340B08DD340B08002200233046394635
:102D20000BF03CFAA0B14FF07C5108980BF0E6FB99
:102D30000AF04CFF32463B46804689460BF02EFA9D
:102D400030B132463B46404649460AF0DFFDAAE72D
:102D50002E46ABE72E46B2E72420FDF79EF9074644
:102D600040B1089B0121009609AA01F0CBFC664BFB
:102D70003B603C62236853445F60236829465344A8
:102D80003046D3F804800BF075FD0746002800F0AC
:102D90008D805E49D8F818000BF0B0FB5B490BF052
:102DA000ADFB5B490BF0AAFB0BF06EFD07461C2048
:102DB000FDF773F9064660B1564B39460B93002375
:102DC0000C93012301932368524A00930023FFF7D9
:102DD000BDFD23689A44DAF804309E60049B0133F9
:102DE00004931DE62420FDF758F907460028C1D0BA
:102DF000089B0221009609AA01F084FC464BB7E724
:102E00002420FDF74AF907460028B3D0089B052186
:102E1000009609AA01F076FC404BA9E72420FDF7B3
:102E20003CF907460028A5D0089B0321009609AA73
:102E300001F068FC3A4B9BE72420FDF72EF907468A
:102E4000002897D0089B0721009609AA01F05AFC98
:102E5000344B8DE72420FDF720F90746002889D060
:102E6000089B0621009609AA01F04CFC2E4B7FE737
:102E70002420FDF712F9074600283FF47BAF089B9A
:102E80000821009609AA01F03DFC284B70E7242098
:102E9000FDF703F9074600283FF46CAF089B0921B2
:102EA000009609AA01F02EFC214B61E7D8F8140026
:102EB0000AF08CFE00221F4B0AF0E0FE00221E4B9F
:102EC0000AF0DCFE00221C4B0AF0D8FE00221B4B4D
:102ED0000AF0D4FE0BF06CF980461C20FDF7DDF8FB
:102EE000064600283FF475AF0A4B4146CDE90D3741
:102EF000012301932368074A00933B4667E700F0EC
:102F0000ABFC29B0BDE8F08F40360B0800007042E2
:102F100000007A4485380A08D8350B0868360B0853
:102F20007C350B08A0360B08B4350B083C350B0874
:102F300018360B080000E03F00004E4000408F4074
:102F40002DE9F04F91B01F469DF86C300546039374
:102F500003680E461B789046DDF868900BB1FFF7CA
:102F6000A7F90024039B5FFA84FA9C4200F0408298
:102F700057F824B0002158460BF068FC30B9584689
:102F8000B1490BF077FC002800F08B800AF1FF3A82
:102F9000DFF8DC82DFF8DC925FFA8AF42420FDF7A8
:102FA0007CF8074618B101F09FFBA84B3B602B68EB
:102FB000414603EB84035F600CA8671C07F03BFCF1
:102FC0000A22394608A807F0B6FC08A90CA807F0A1
:102FD000EFFC2B68A60033445B689D4A93F90430EC
:102FE0000168484604F079F908A807F0DAFB0CA854
:102FF00007F0D7FB41460CA807F01DFC0A22394612
:1030000008A807F098FC08A90CA807F0D1FC2B68C9
:10301000904A33445B6801680C33484604F007FA71
:1030200008A807F0BEFB0CA807F0BBFB41460CA8A4
:1030300007F001FC0A22394608A807F07CFC08A921
:103040000CA807F0B5FC2B6801681E44736848465D
:103050005B69814A04F093F908A807F0A2FB0CA869
:1030600007F09FFBD4B941460CA807F0E4FB0A2205
:10307000394608A807F05FFC08A90CA807F098FCDF
:103080002B6801685B6848469B69744A04F077F9CD
:1030900008A807F086FB0CA807F083FB013CE4B20C
:1030A0007CE73357013B082B24D8DFE813F00900F5
:1030B000E5000D012300F9003501210149015D0101
:1030C0002420FCF7EAFF824678B1062259F8243022
:1030D00002FB0482009357F82430315701F012FBB1
:1030E0005F4BCAF80030CAF820502B6803EB84030A
:1030F000C3F804A0D5F800A0002C40F049810021BD
:10310000D9F800000BF0B6FB002800F04181DAF896
:103110000430544998690BF0F1F952490BF0EEF97B
:1031200051490BF0EBF90BF0AFFB83461C20FCF789
:10313000B4FF824658B14D4B5946CDE904340123C2
:1031400001932B68494A00932346FFF7FFFB2B6846
:103150005B684749C3F808A00CA804F1010A07F00E
:103160006AFB0A22514608A807F0E5FB08A90CA84B
:1031700007F01EFC2B68364A03EB84035B6801688A
:1031800093F904303B4804F0A8F808A807F009FBBD
:103190000CA807F006FB36490CA807F04CFB0A22E6
:1031A000514608A807F0C7FB08A90CA807F000FCC7
:1031B0002B684FEA840B5B445B68264A0C3301683A
:1031C0002C4804F034F908A807F0EBFA0CA807F033
:1031D000E8FA27490CA807F02EFB0A22514608A856
:1031E00007F0A9FB08A90CA807F0E2FB2B6801680F
:1031F0005B445B68184A5B691E4804F0C0F808A885
:1032000007F0CFFA0CA807F0CCFAD4B918490CA8EB
:1032100007F011FB0A22514608A807F08CFB08A909
:103220000CA807F0C5FB2B6801685B680B4A9B691B
:10323000104804F0A4F808A807F0B3FA0CA807F0A7
:10324000B0FA54468EE600BF0000C0417C350B0842
:103250000F330B0816330B0825330B0821330B08EB
:1032600040360B080000704200007A4485380A0896
:1032700009330B0868300B082420FCF70EFF824648
:1032800000283FF432AF062259F8243002FB0482B2
:10329000009357F82430315701F034FA5C4B20E7A3
:1032A0002420FCF7FAFE824600283FF41EAF0622D7
:1032B00059F8243002FB0482009357F82430315728
:1032C00001F020FA534B0CE72420FCF7E6FE82467F
:1032D00000283FF40AAF062259F8243002FB04828A
:1032E000009357F82430315701F00CFA4A4BF8E6B6
:1032F0002420FCF7D2FE824600283FF4F6AE0622D8
:1033000059F8243002FB0482009357F824303157D7
:1033100001F0F8F9414BE4E62420FCF7BEFE8246BA
:1033200000283FF4E2AE062259F8243002FB048262
:10333000009357F82430315701F0E4F9384BD0E6C8
:103340002420FCF7AAFE824600283FF4CEAE0622D7
:1033500059F8243002FB0482009357F82430315787
:1033600001F0D0F92F4BBCE62420FCF796FE8246F4
:1033700000283FF4BAAE062259F8243002FB04823A
:10338000009357F82430315701F0BCF9264BA8E6DA
:103390000AEB840ADAF8043058690AF017FC0022B4
:1033A000224B0AF06BFC0022214B0AF067FC002242
:1033B0001F4B0AF063FC00221E4B0AF05FFC0AF070
:1033C000F7FE83461C20FCF768FE824660B11A4B6C
:1033D0005946069300230793012301932B68164A4D
:1033E00000930023FFF7B2FA2B6803EB8403AFE6E8
:1033F0002B6800221C702B6810491B78104803F0C2
:103400001AFF286800F028FA012011B0BDE8F08FFB
:10341000D8350B0868360B087C350B08A0360B082E
:10342000B4350B083C350B0818360B080000E03F9C
:1034300000004E4000408F4085380A082C330B08AE
:1034400068300B087FB5002302938B6804460D4655
:1034500000F1080633B1022268469847EB680393EF
:10346000AB68029331466846FFF75EFA029B226919
:103470002361039B02926269684663610392FCF7D1
:10348000C1FF4FF0FF312046FFF7EAF904B070BDED
:10349000012130B583680177044698688FB038B150
:1034A0006FF000420023CDE900231A4606F040FDEC
:1034B0000023256A0C932B6943B1022205F1080110
:1034C0000AA898476B690D932B690C931F238DF8FD
:1034D00018300C9B0BB909F0FCFF0D9B06A90AA83C
:1034E00098470C9B1BB10AA903220846984794F9F8
:1034F000043000221049114803F0EFFE104902A8E1
:1035000007F099F90F4906A807F095F90E490AA89E
:1035100007F091F90AAB06AA02A9532001F0C8FAF4
:103520000AA807F03EF906A807F03BF902A807F041
:1035300038F90FB030BD00BF22340B086B330B08D5
:10354000EC330B0838330B0804350B0830B5002575
:10355000036A85611B6804465B788DB0002B3DD102
:10356000304908A8039507F066F9236A0A221B6808
:1035700004A85978013107F0DEF904A908A807F07A
:1035800017FA294A016803AB284802F0AFFD04A8E6
:1035900007F007F908A807F004F9294603980BF08B
:1035A00069F9D8B11F4908A807F045F9236A0A222A
:1035B0001B6804A85978013107F0BDF904A908A8CF
:1035C00007F0F6F9A3690168174A184803F0D7FE17
:1035D00004A807F0E6F808A807F0E3F8A3689D68D8
:1035E000F5B160690AF0F2FA0022114B0AF046FBCD
:1035F0000022104B0AF042FB00220E4B0AF03EFB69
:1036000000220D4B0AF03AFB0AF0D2FD6FF00041A8
:1036100000220346CDE900122846032106F088FC6B
:103620000DB030BD09330B0821330B0868300B088F
:103630000000E03F00004E4000408F4070B58368BE
:10364000044698688EB000B3002106F0B1FCE0B1EA
:10365000A568A868C8B100266FF000430221CDE933
:1036600000363246334606F063FC3146A86806F061
:10367000AFFC2B7903F0FF0613B106F031FCF8E73D
:103680003146A86806F044FCAE6000230021A06922
:1036900023770BF0EFF810B12046FFF757FF206AB1
:1036A0004FF0FF31FFF7DCF80E4902A807F0C3F82E
:1036B0000D4906A807F0BFF80C490AA807F0BBF8A7
:1036C0000AAB06AA02A9532001F0F2F90AA807F0F2
:1036D00068F806A807F065F802A807F062F80EB0CF
:1036E00070BD00BF18350B0838330B081F350B08A9
:1036F00000232DE9F0410446DFF82C800380037796
:10370000061D00F11C072420FCF7C7FC054618B174
:1037100000F0EAFFC5F8008046F8045BBE42F2D133
:103720002046BDE8F08100BF7C350B0838B5064C5B
:1037300023683BB92020FCF7B0FC054608B1FFF731
:10374000D7FF2560206838BDF80200202DE9F04140
:103750004378044600EB83035868037F13B1036882
:103760005B6898470027DFF848802378FEB2B342B1
:103770000DD92420FCF791FC054618B100F0B4FFE8
:10378000C5F8008004EB860675600137EDE700257B
:1037900005492B462A460548657003F04CFD207804
:1037A0002570BDE8F08100BFD0340B0868300B08ED
:1037B0007C350B0870B5002504464378057700EB8F
:1037C0008303586803685B689847207801280ED007
:1037D00063782A46591CB1FBF0F300FB1313DBB2EC
:1037E000637003490348BDE8704003F024BD70BD19
:1037F000D0340B0868300B0830B543788BB000EB41
:103800008303596804460C3102A807F014F808F045
:1038100076FB0F4B02460F490093C31706A808F02A
:103820000FFB06A902A807F0F8F8054606A806F05F
:10383000B8FF02A806F0B5FF45B1002360782377F2
:1038400004EB8004606803681B6898470BB030BDC8
:103850008D300B089403002070B54378044600EBCC
:1038600083035D680021A8690BF004F828B12B6878
:103870002846BDE870401B6818472046BDE87040E8
:10388000FFF7BABF10B54378044600EB83035B68CB
:103890009B68986810B90123237710BD002106F0BA
:1038A00087FB0028F7D0F8E730B50025036A85616B
:1038B0001B6804465B788DB0002B3DD1304908A8C9
:1038C000039506F0B8FF236A0A221B6804A85978FA
:1038D000013107F030F804A908A807F069F8294A6F
:1038E000016803AB284802F001FC04A806F059FF68
:1038F00008A806F056FF294603980AF0BBFFD8B186
:103900001F4908A806F097FF236A0A221B6804A82B
:103910005978013107F00FF804A908A807F048F812
:10392000A3690168174A184803F029FD04A806F0A6
:1039300038FF08A806F035FFA3689D68F5B16069F7
:103940000AF044F90022114B0AF098F90022104BBA
:103950000AF094F900220E4B0AF090F900220D4B68
:103960000AF08CF90AF024FC6FF0004100220346B3
:10397000CDE900122846032106F0DAFA0DB030BD79
:1039800009330B0821330B0868300B080000E03FB7
:1039900000004E4000408F4038B5002383608B68A4
:1039A00004460D462BB102229847EB68E360AB68F2
:1039B000A360204638BD0000012110B5836801775F
:1039C000044698688EB038B16FF000420023CDE90C
:1039D00000231A4606F0ACFA216A0AA80831FFF75C
:1039E000DBFF09210AA8FEF758FB0AA8FCF70AFD2D
:1039F00094F9043000221049104803F06EFC10497D
:103A000002A806F018FF0F4906A806F014FF0E4999
:103A10000AA806F010FF0AAB06AA02A9532001F07B
:103A200047F80AA806F0BDFE06A806F0BAFE02A8EE
:103A300006F0B7FE0EB010BD22340B086B330B0836
:103A400044350B0838330B084A350B0870B58368CA
:103A5000044698688EB000B3002106F0A9FAE0B1E0
:103A6000A568A868C8B100266FF000430221CDE91F
:103A700000363246334606F05BFA3146A86806F057
:103A8000A7FA2B7903F0FF0613B106F029FAF8E73D
:103A90003146A86806F03CFAAE6000230021A06918
:103AA00023770AF0E7FE10B12046FFF7FDFE216AFA
:103AB0000AA80831FFF770FF0A210AA8FEF7EDFAFD
:103AC0000AA8FCF79FFC206A4FF0FF31FEF7C8FE02
:103AD0000E4902A806F0AFFE0D4906A806F0ABFE9F
:103AE0000C490AA806F0A7FE0AAB06AA02A95320B1
:103AF00000F0DEFF0AA806F054FE06A806F051FE0C
:103B000002A806F04EFE0EB070BD00BF5B350B087C
:103B100038330B0861350B08012130B58368017714
:103B2000044698688FB038B16FF000420023CDE9A9
:103B300000231A4606F0FCF90023256A0C932B6932
:103B400043B1022205F108010AA898476B690D9359
:103B50002B690C931E238DF818300C9B0BB909F0C0
:103B6000B8FC0D9B06A90AA898470C9B1BB10AA993
:103B700003220846984794F904300022104911485E
:103B800003F0ABFB104902A806F055FE0F4906A84A
:103B900006F051FE0E490AA806F04DFE0AAB06AA31
:103BA00002A9532000F084FF0AA806F0FAFD06A837
:103BB00006F0F7FD02A806F0F4FD0FB030BD00BF1F
:103BC00022340B086B330B08D1330B0838330B0846
:103BD00084350B0830B50025036A85611B680446EF
:103BE0005B788DB0002B3DD1304908A8039506F0D5
:103BF00022FE236A0A221B6804A85978013106F0C4
:103C00009AFE04A908A806F0D3FE294A016803AB6E
:103C1000284802F06BFA04A806F0C3FD08A806F0D5
:103C2000C0FD294603980AF025FED8B11F4908A80F
:103C300006F001FE236A0A221B6804A859780131A4
:103C400006F079FE04A908A806F0B2FEA36901688F
:103C5000174A184803F093FB04A806F0A2FD08A831
:103C600006F09FFDA3689D68F5B1606909F0AEFF9D
:103C70000022114B0AF002F80022104B09F0FEFF5F
:103C800000220E4B09F0FAFF00220D4B09F0F6FF5F
:103C90000AF08EFA6FF0004100220346CDE90012CF
:103CA0002846032106F044F90DB030BD09330B0856
:103CB00021330B0868300B080000E03F00004E4045
:103CC00000408F4070B58368044698688EB000B39A
:103CD000002106F06DF9E0B1A568A868C8B100261A
:103CE0006FF000430221CDE900363246334606F03C
:103CF0001FF93146A86806F06BF92B7903F0FF062F
:103D000013B106F0EDF8F8E73146A86806F000F9BF
:103D1000AE6000230021A06923770AF0ABFD10B14B
:103D20002046FFF757FF206A4FF0FF31FEF798FD5E
:103D30000E4902A806F07FFD0D4906A806F07BFD9E
:103D40000C490AA806F077FD0AAB06AA02A953207F
:103D500000F0AEFE0AA806F024FD06A806F021FD3C
:103D600002A806F01EFD0EB070BD00BF75340B0832
:103D700038330B0898350B08012130B5836801777B
:103D8000044698688FB038B16FF000420023CDE947
:103D900000231A4606F0CCF80023256A0C932B6901
:103DA00043B1022205F108010AA898476B690D93F7
:103DB0002B690C9305238DF818300C9B0BB909F077
:103DC00088FB0D9B06A90AA898470C9B1BB10AA962
:103DD00003220846984794F90430002210491148FC
:103DE00003F07BFA104902A806F025FD0F4906A84A
:103DF00006F021FD0E490AA806F01DFD0AAB06AA31
:103E000002A9532000F054FE0AA806F0CAFC06A836
:103E100006F0C7FC02A806F0C4FC0FB030BD00BF1E
:103E200022340B086B330B088D330B0838330B0827
:103E300093330B0830B50025036A85611B6804467F
:103E40005B788DB0002B3DD1304908A8039506F072
:103E5000F2FC236A0A221B6804A85978013106F093
:103E60006AFD04A908A806F0A3FD294A016803AB6E
:103E7000284802F03BF904A806F093FC08A806F0D5
:103E800090FC294603980AF0F5FCD8B11F4908A810
:103E900006F0D1FC236A0A221B6804A85978013174
:103EA00006F049FD04A908A806F082FDA36901688F
:103EB000174A184803F063FA04A806F072FC08A831
:103EC00006F06FFCA3689D68F5B1606909F07EFE9D
:103ED0000022114B09F0D2FE0022104B09F0CEFE59
:103EE00000220E4B09F0CAFE00220D4B09F0C6FE5F
:103EF0000AF05EF96FF0004100220346CDE900129E
:103F00002846032106F014F80DB030BD09330B0824
:103F100021330B0868300B080000E03F00004E40E2
:103F200000408F4070B58368044698688EB000B337
:103F3000002106F03DF8E0B1A568A868C8B10026E8
:103F40006FF000430221CDE900363246334605F0DA
:103F5000EFFF3146A86806F03BF82B7903F0FF0627
:103F600013B105F0BDFFF8E73146A86805F0D0FFB2
:103F7000AE6000230021A06923770AF07BFC10B11A
:103F80002046FFF757FF206A4FF0FF31FEF768FC2D
:103F90000E4902A806F04FFC0D4906A806F04BFC9E
:103FA0000C490AA806F047FC0AAB06AA02A953204E
:103FB00000F07EFD0AA806F0F4FB06A806F0F1FB6F
:103FC00002A806F0EEFB0EB070BD00BFBC350B08BA
:103FD00038330B08C2350B08012130B583680177EF
:103FE000044698688FB038B16FF000420023CDE9E5
:103FF00000231A4605F09CFF0023256A0C932B69C9
:1040000043B1022205F108010AA898476B690D9394
:104010002B690C9320238DF818300C9B0BB909F0F9
:1040200058FA0D9B06A90AA898470C9B1BB10AA930
:1040300003220846984794F9043000221049114899
:1040400003F04BF9104902A806F0F5FB0F4906A84A
:1040500006F0F1FB0E490AA806F0EDFB0AAB06AA32
:1040600002A9532000F024FD0AA806F09AFB06A836
:1040700006F097FB02A806F094FB0FB030BD00BF1E
:1040800022340B086B330B0807340B0838330B084A
:10409000E0350B0830B50025036A85611B680446CE
:1040A0005B788DB0002B3DD1304908A8039506F010
:1040B000C2FB236A0A221B6804A85978013106F062
:1040C0003AFC04A908A806F073FC294A016803AB6E
:1040D000284802F00BF804A806F063FB08A806F0D5
:1040E00060FB294603980AF0C5FBD8B11F4908A810
:1040F00006F0A1FB236A0A221B6804A85978013143
:1041000006F019FC04A908A806F052FCA36901688E
:10411000174A184803F033F904A806F042FB08A830
:1041200006F03FFBA3689D68F5B1606909F04EFD9C
:104130000022114B09F0A2FD0022104B09F09EFD58
:1041400000220E4B09F09AFD00220D4B09F096FD5E
:104150000AF02EF86FF0004100220346CDE900126C
:104160002846032105F0E4FE0DB030BD09330B08ED
:1041700021330B0868300B080000E03F00004E4080
:1041800000408F4070B58368044698688EB000B3D5
:10419000002105F00DFFE0B1A568A868C8B10026B0
:1041A0006FF000430221CDE900363246334605F078
:1041B000BFFE3146A86805F00BFF2B7903F0FF0620
:1041C00013B105F08DFEF8E73146A86805F0A0FEB2
:1041D000AE6000230021A06923770AF04BFB10B1E9
:1041E0002046FFF757FF206A4FF0FF31FEF738FBFC
:1041F0000E4902A806F01FFB0D4906A806F01BFB9E
:104200000C490AA806F017FB0AAB06AA02A953201C
:1042100000F04EFC0AA806F0C4FA06A806F0C1FA9F
:1042200002A806F0BEFA0EB070BD00BFF4350B0850
:1042300038330B08FB350B08012130B58368017753
:10424000044698688FB038B16FF000420023CDE982
:1042500000231A4605F06CFE0023256A0C932B6997
:1042600043B1022205F108010AA898476B690D9332
:104270002B690C9304238DF818300C9B0BB909F0B3
:1042800028F90D9B06A90AA898470C9B1BB10AA9FF
:1042900003220846984794F9043000221049114837
:1042A00003F01BF8104902A806F0C5FA0F4906A84A
:1042B00006F0C1FA0E490AA806F0BDFA0AAB06AA32
:1042C00002A9532000F0F4FB0AA806F06AFA06A837
:1042D00006F067FA02A806F064FA0FB030BD00BF1E
:1042E00022340B086B330B0877330B0838330B0879
:1042F0007D330B0830B50025036A85611B680446D1
:104300005B788DB0002B3DD1304908A8039506F0AD
:1043100092FA236A0A221B6804A85978013106F030
:104320000AFB04A908A806F043FB294A016803AB6D
:10433000284801F0DBFE04A806F033FA08A806F0CE
:1043400030FA294603980AF095FAD8B11F4908A80F
:1043500006F071FA236A0A221B6804A85978013111
:1043600006F0E9FA04A908A806F022FBA36901688F
:10437000174A184803F003F804A806F012FA08A830
:1043800006F00FFAA3689D68F5B1606909F01EFC9C
:104390000022114B09F072FC0022104B09F06EFC58
:1043A00000220E4B09F06AFC00220D4B09F066FC5E
:1043B00009F0FEFE6FF0004100220346CDE9001235
:1043C0002846032105F0B4FD0DB030BD09330B08BC
:1043D00021330B0868300B080000E03F00004E401E
:1043E00000408F4070B58368044698688EB000B373
:1043F000002105F0DDFDE0B1A568A868C8B1002680
:104400006FF000430221CDE900363246334605F015
:104410008FFD3146A86805F0DBFD2B7903F0FF0620
:1044200013B105F05DFDF8E73146A86805F070FDB1
:10443000AE6000230021A06923770AF01BFA10B1B7
:104440002046FFF757FF206A4FF0FF31FEF708FACA
:104450000E4902A806F0EFF90D4906A806F0EBF99F
:104460000C490AA806F0E7F90AAB06AA02A95320EC
:1044700000F01EFB0AA806F094F906A806F091F9D0
:1044800002A806F08EF90EB070BD00BF20360B08F2
:1044900038330B0826360B0830B50025036A8561D2
:1044A0001B6804465B788DB0002B3DD1304908A8CD
:1044B000039506F0C0F9236A0A221B6804A85978FC
:1044C000013106F038FA04A908A806F071FA294A61
:1044D000016803AB284801F009FE04A806F061F961
:1044E00008A806F05EF9294603980AF0C3F9D8B186
:1044F0001F4908A806F09FF9236A0A221B6804A82E
:104500005978013106F017FA04A908A806F050FA04
:10451000A3690168174A184802F031FF04A806F0A1
:1045200040F908A806F03DF9A3689D68F5B16069F7
:1045300009F04CFB0022114B09F0A0FB0022104BAC
:1045400009F09CFB00220E4B09F098FB00220D4B5A
:1045500009F094FB09F02CFE6FF0004100220346A5
:10456000CDE900122846032105F0E2FC0DB030BD74
:1045700009330B0821330B0868300B080000E03FBB
:1045800000004E4000408F40012110B58368017744
:10459000044698688EB038B16FF000420023CDE930
:1045A00000231A4605F0C4FC216A0AA80831FFF767
:1045B000F3F907210AA8FDF770FD0AA8FBF722FF0F
:1045C00094F9043000221049104802F086FE104988
:1045D00002A806F030F90F4906A806F02CF90E499A
:1045E0000AA806F028F90AAB06AA02A9532000F08F
:1045F0005FFA0AA806F0D5F806A806F0D2F802A8D5
:1046000006F0CFF80EB010BD22340B086B330B0848
:10461000A2330B0838330B08A9330B0870B5836835
:10462000044698688EB000B3002105F0C1FCE0B1EB
:10463000A568A868C8B100266FF000430221CDE943
:1046400000363246334605F073FC3146A86805F063
:10465000BFFC2B7903F0FF0613B105F041FCF8E72E
:104660003146A86805F054FCAE6000230021A06923
:1046700023770AF0FFF810B12046FFF70DFF216AFB
:104680000AA80831FFF788F908210AA8FDF705FDF7
:104690000AA8FBF7B7FE206A4FF0FF31FEF7E0F8FB
:1046A0000E4902A806F0C7F80D4906A806F0C3F89F
:1046B0000C490AA806F0BFF80AAB06AA02A95320C3
:1046C00000F0F6F90AA806F06CF806A806F069F8FA
:1046D00002A806F066F80EB070BD00BF48360B08A1
:1046E00038330B084F360B08054A0260FF2202716F
:1046F000002242618261002202778260704700BF1F
:1047000078360B0838B5044608461D46074B114657
:1047100023602071062204F10C000BF0A7FC049B1F
:104720002046A36100236561237738BD78360B08E6
:10473000012130B583680177044698688FB038B19D
:104740006FF000420023CDE900231A4605F0F0FB8C
:104750000023256A0C932B6943B1022205F108015D
:104760000AA898476B690D932B690C930B238DF85E
:1047700018300C9B0BB908F0ACFE0D9B06A90AA8DB
:1047800098470C9B1BB10AA903220846984794F945
:10479000043000221049114802F09FFD104902A880
:1047A00006F049F80F4906A806F045F80E490AA890
:1047B00006F041F80AAB06AA02A9532000F078F9E6
:1047C0000AA805F0EEFF06A805F0EBFF02A805F029
:1047D000E8FF0FB030BD00BF22340B086B330B086D
:1047E000BB330B0838330B08C2330B0830B5002538
:1047F000036A85611B6804465B788DB0002B3DD150
:10480000304908A8039506F016F8236A0A221B68A7
:1048100004A85978013106F08EF804A908A806F01A
:10482000C7F8294A016803AB284801F05FFC04A8D7
:1048300005F0B7FF08A805F0B4FF294603980AF071
:1048400019F8D8B11F4908A805F0F5FF236A0A2214
:104850001B6804A85978013106F06DF804A908A86E
:1048600006F0A6F8A3690168174A184802F087FD08
:1048700004A805F096FF08A805F093FFA3689D68BB
:10488000F5B1606909F0A2F90022114B09F0F6F9BF
:104890000022104B09F0F2F900220E4B09F0EEF95C
:1048A00000220D4B09F0EAF909F082FC6FF000419B
:1048B00000220346CDE900122846032105F038FB0B
:1048C0000DB030BD09330B0821330B0868300B08DD
:1048D0000000E03F00004E4000408F4070B583680C
:1048E000044698688EB000B3002105F061FBE0B18A
:1048F000A568A868C8B100266FF000430221CDE981
:1049000000363246334605F013FB3146A86805F001
:104910005FFB2B7903F0FF0613B105F0E1FAF8E72E
:104920003146A86805F0F4FAAE6000230021A069C2
:10493000237709F09FFF10B12046FFF757FF206A49
:104940004FF0FF31FDF78CFF0E4902A805F073FF11
:104950000D4906A805F06FFF0C490AA805F06BFF8A
:104960000AAB06AA02A9532000F0A2F80AA805F093
:1049700018FF06A805F015FF02A805F012FF0EB0FB
:1049800070BD00BF80360B0838330B0887360B0824
:1049900010B50446024B036004F0FAFE204610BD39
:1049A00000370B0810B50446FFF7F2FF2046382108
:1049B00008F089FD204610BD37B59DF818500468F1
:1049C0008DF800308DF804503C23E468A04703B014
:1049D00030BD0000014805F055B800BF00030020BD
:1049E000F0B54E288BB00E4615461C46109F13D1CD
:1049F000394606A805F01FFF234B069A1B7823496A
:104A00008DF80030224B23481B78FFF7D5FF06A80E
:104A100005F0C7FE0BB0F0BD5328FBD11E4902A81C
:104A200005F009FF314602A805F0C2FF1B4905F059
:104A3000CBFF294605F0BCFF194905F0C5FF21460B
:104A400005F0B6FF174905F0BFFF0446394606A832
:104A500005F0F1FE06A9204605F0AAFF124905F06F
:104A6000B3FF094B02681B7810498DF80030084BE2
:104A700008481B78FFF7A0FF06A805F092FE02A8E1
:104A800005F08FFEC6E700BFFD020020BA360B0816
:104A9000FC02002000030020C1360B08CB360B08B7
:104AA000D7360B08E3360B08F2360B08A8370B088D
:104AB00070B54E280E4615461C4686B00CD11A4BD2
:104AC00022681B7819498DF80030194B19481B785A
:104AD000FFF772FF06B070BD5328FBD1164902A83C
:104AE00005F0A9FE314602A805F062FF134905F062
:104AF0006BFF294605F05CFF114905F065FF214673
:104B000005F056FF0F4905F05FFF074B02681B7861
:104B10000D498DF80030064B06481B78FFF74CFF17
:104B200002A805F03EFED5E7FD020020BA360B08CC
:104B3000FC02002000030020C1360B08CB360B0816
:104B4000E3360B08F2360B08A8370B08014804F0CF
:104B500051BE00BF0003002001220B4B10B51A709C
:104B600008220A4C0A4B20461A700A494FF4006288
:104B700004F00CFF084B20462360084A0849BDE8B2
:104B8000104008F09BBC00BFFC0200200003002086
:104B9000FD0200200040024000370B0850020020B8
:104BA00091490A081FB50023019303930C23ADF824
:104BB0000430044B0422029301AB05F077FC05B0EE
:104BC0005DF804FBD1000A08022A38B5044607D074
:104BD000032A11D0012A01D10B682360002038BDBF
:104BE0000C200D68FBF759FA03460028F5D095E82C
:104BF000070083E80700F0E700680028EED00C21EA
:104C000008F061FCEAE710B403685A689968541028
:104C100001EB6200D20748BF0A591B6810BC48BFAD
:104C2000D358184710B534220446002104300AF046
:104C3000A1F938232046236010BD002340681A469E
:104C4000194605F0DBBB002340681A46194605F0FB
:104C5000DDBB00224068114605F0E8BB0023406838
:104C60001A46194605F0FABB07B58068002340B123
:104C7000CDE900131A46012105F05AF9B0FA80F087
:104C8000400903B05DF804FB07B58068002338B124
:104C9000CDE90013022105F04BF9B0FA80F040098C
:104CA00003B05DF804FB000010B5002204466FF06D
:104CB00000418069FFF7E8FF0248FFF7BEFF0023CD
:104CC000637710BD40040020F0B589B00446FBF7BF
:104CD000F9FF2060FDF722F86060FCF7E5FAA060BC
:104CE000FDF79AF9E060FBF79FFE2061FDF7D0FA2F
:104CF00000262549606104F1200005F09CFD224951
:104D000004F1300005F097FD1C20A683A677FBF781
:104D1000C4F90546002832D00C200696FBF7BDF9F1
:104D200018B11A4B8460C0E90036194B04902B600F
:104D3000002304AE02AF96E8030087E803002B715E
:104D4000AB6005F10C0292E8030086E8030097E8E7
:104D5000030082E803000F4A06936A61AA690E49BC
:104D600007920E4A05F10800AA61019301230C4A3B
:104D700000932B4605F0C4F83046FBF743FB204672
:104D8000A56109B0F0BD00BFE6370B08A94C0A08C1
:104D9000F8340B08C94B0A08C0D40100074C0A08B4
:104DA00079210A0838B5064C23683BB94020FBF747
:104DB00074F9054608B1FFF787FF2560206838BD04
:104DC0003C03002030B50024CBB004AB18193834B4
:104DD000FFF728FFB4F58C7FF7D105220E4804A910
:104DE00007F06AFFC5B2012D02D000204BB030BDE4
:104DF00005A9684605F01FFD6846084905F01AFE3A
:104E00000446684605F0CDFC24B10348FFF726FFB1
:104E10002846EBE72046E9E74004002020370B084E
:104E200010B5044600F120010448FFF7BBFE04F171
:104E300030010348BDE81040FFF7B4BE2D370B0822
:104E400032370B082DE9FF4700223A4E044611463F
:104E5000706805F0F3FA37460546002863D005F080
:104E60003DFB002005F004F84FF0000A0646002044
:104E700004F0FEFF00234EF65F22B0EB060861EB64
:104E80000A094B4508BF424505D305F02FFB10B971
:104E900005F01CFBEBE705F029FB064648B30022B2
:104EA0006FF00041A069FFF7EFFE0022786811461D
:104EB00005F07CFA00F15D01684605F0BCFC69462E
:104EC00004F1200005F00CFD684605F06AFCFFF7D0
:104ED0003DFE237F4BB1002360694FF0FF31237704
:104EE000FDF7BEFC6069FDF77BFD2068FBF74CFF1A
:104EF00008E0237F53B1024601462077786805F029
:104F00008DFA3546284604B0BDE8F0870948FFF71A
:104F1000A0FE10B90748FFF796FE6FF00041A069A8
:104F2000FFF7A2FEE1E702460146706805F076FA57
:104F3000E8E700BF4004002010B504460B48FFF727
:104F400088FE50B1237F43B901232068237703688B
:104F50001821BDE810401B6818470448FFF779FE88
:104F600010B9237F03B1607710BD00BF400400205B
:104F700030B5437F044685B0A3B9FFF723FF05464C
:104F800080B9012320466377FFF75CFF00B32369F4
:104F90001A783AB14FF47A701D7006F0F9FF606923
:104FA000FDF71EFDA37F83B1002301A8A377CDE900
:104FB00001338DF80C3007F041F90648FFF743FE46
:104FC0006FF00041A069FFF74FFE2046FFF7B4FFE6
:104FD00005B030BD4004002010B504468CB0114827
:104FE000FFF73CFEE0B100230F496377684605F008
:104FF00022FC0E4904A805F01EFC0D4908A805F086
:105000001AFC694608AB04AA5320FFF751FD08A813
:1050100005F0C7FB04A805F0C4FB684605F0C1FB1A
:105020000CB010BD4004002040370B0846370B0879
:1050300054370B08F8B504460D460027A368FEB2A6
:105040009E421BD23146204605F00FFD7E28314698
:10505000204604D005F009FDA8550137EEE705F01C
:1050600004FD7E28F9D10021721C204605F03AFD8E
:105070000146204605F01AFC0023AB550023A16829
:10508000DFB28F4203F1010607D23946204605F010
:10509000ECFC2F4433467876F1E700230D446B7621
:1050A000F8BD00002DE9F043A9B00DF12008054638
:1050B00015A805F00AFC2F4E414615A8FFF7BAFFC8
:1050C00015A805F06EFB3046FFF7B7FD40460AF025
:1050D000B3FF0DF13909074648460AF0ADFF382203
:1050E000044600211AA809F045FF4C23CDE91538E4
:1050F0000323ADF8683000237068194615AA199487
:10510000CDE9177905F0A2F9044668BB1A4968464B
:1051100005F091FB194904A805F08DFB184915A865
:1051200005F089FB694615AB04AA5320FFF7C0FCC4
:1051300015A805F036FB04A805F033FB684605F01A
:1051400030FB15A8CDE915448DF85C4007F076F8E2
:1051500040F2DC5006F01CFF05F0C8F9044618B90F
:105160003046FFF770FD6C77142006F011FF29B070
:10517000BDE8F0834004002075370B0846370B0864
:105180007B370B082DE9F0470025D8B012AC281961
:105190003835FFF747FDB5F58C7FF8D1052221465C
:1051A0002E4807F089FD2E49C7B202A805F043FB3F
:1051B0000025DFF8B8A0DFF8B890EBB2BB4204F1ED
:1051C000380828D201350A22294606A805F0B3FB83
:1051D00006A90AA805F079FB51460AA805F0F4FBD8
:1051E0000646211D0EA805F026FB0EA9304605F047
:1051F000DFFB494605F0E8FB014602A805F0C5FBC8
:105200000EA805F0CEFA0AA805F0CBFA06A805F01C
:10521000C8FA4446D1E7134B029A1B7812498DF81D
:1052200000300EA83C2307F0FDF80F9C7CB16368AA
:10523000013B63605BB9236820469B689847A3687D
:10524000013BA3601BB923682046DB68984702A88E
:1052500005F0A7FA58B0BDE8F08700BF4004002071
:10526000E6370B08380300209F370B089C370B08E4
:105270009D370B081FB50446684600F015FA6946CD
:1052800004F1300005F02CFB684605F08AFA04B002
:1052900010BD00000022014B1A7070473803002037
:1052A00004F0B6BD10B5044601464FF46172022009
:1052B00004F0C6FD204610BD10B5044601464FF46B
:1052C0006172022004F0B4FD204610BD28B1037ABB
:1052D00003F0800311B903720120704743F0040307
:1052E00003720160F8E70346C06810B1182202FBA0
:1052F0000030704770B505460E46046824B120465C
:10530000FFF7F1FF86420CD13046FFF7ECFF64B1A6
:1053100048B1031BDA10064B5343E36000B96C60DD
:1053200070BD0446EAE70346F7E72860F6E700BFEA
:10533000ABAAAAAA884203D020B131B10AF0ECB8D6
:10534000002070474FF0FF3070470120704738B59C
:105350000D46044640B101692846FFF7EBFF18B13E
:105360002046FFF7C0FFF4E7204638BD50B1037A6E
:10537000CAB223F07F0343F0060303720023C0E99F
:1053800000230120704730B514461D4640B1037A12
:10539000C0E9004523F07F0343F00C0303720120B2
:1053A00030BD000030B50346D1E901021830824219
:1053B00003D2012300200B7430BDA2F118008860D5
:1053C000596869B1441AE510064C6C43CC605860CA
:1053D000002342F80C3C02F8103C42F8083CEBE792
:1053E0001860F4E7ABAAAAAA2DE9F04F03780446A7
:1053F0002B2B8B4685B037D02D2B36D10125013490
:105400002378A3F13002092A02D92E2B40F014810F
:10541000002000214FF099394FF00A08DFF828A248
:10542000A6461EF8013BA3F1300C5FFA8CFCBCF1E0
:10543000090F1CD88A4508BF814519D34FF0FF37A3
:105440006FEA0C0608FB01F3A0FB080119448F4228
:1054500008BF86424FF000035FFA8CF208D3801831
:10546000744643EB0101DBE701340025C8E77BB15B
:10547000002300264FF48017B94208BFB04203F161
:1054800001081CD300230A2209F044FA4346F3E73B
:105490009BF8083003F080034DB1CBE9000143F0E5
:1054A0000A038BF80830284605B0BDE8F08FCBE939
:1054B000000143F008038BF808300125F3E71A1BBD
:1054C00002EB040C234614F8016B0FFA8CFCA6F1D6
:1054D0003007092FF4D92E2E1DD1A6464FF099364C
:1054E0004FF00A08554F73461C780EF1010E303C00
:1054F000E4B2092C0FD8B94208BFB042F3D2A0FBE6
:10550000082308FB013310190CF1FF3443F10001AB
:105510000FFA84FCE7E71A7802F0DF02452A70D11F
:105520005A782D2A24D101269A1C00244FF00A0E05
:10553000134612F8017B303F5FFA87F8B8F1090F84
:105540002DD80EFB047404EB0C03B3F59A7FEFDD4A
:1055500000209BF80830AEB18DB9002123F07F0305
:1055600043F00C033546CBE900018BF808309AE78D
:105570002B2A4FF0000614BF5A1C9A1CD5E74FF097
:105580000041EBE74DB92E4923F07F0343F00C03B4
:10559000CBE900018BF808308FE72A49F4E706B120
:1055A00064421F78002F47D1644408F031FB002C7F
:1055B000064628DDDFF894A0E2070ED5FBB25B00BB
:1055C0005A1C5AF822205AF8233000920193304690
:1055D000DDE9002308F052FB0646641007F10107DD
:1055E000EAD10DB101F100419BF80830324623F0B9
:1055F0007F0343F00C038BF808300B46CBE9002304
:105600005BE70024CDE7DFF848A06442002CE8D037
:10561000E3070ED5FBB25B005A1C5AF822205AF859
:105620002330029203933046DDE9022308F026FB83
:10563000064664100137E9E7002534E7999901002F
:105640000000F07F0000F0FF99999919BC380B0811
:1056500074380B0838B500252C4607F0C1FE2846E3
:10566000FFF71EFEFF2818BF013405F1010518BF22
:10567000A4B2B5F5006FF0D1204638BD38B5046846
:1056800005467CB16368013B63605BB923682046D3
:105690009B689847A368013BA3601BB92368204619
:1056A000DB689847284638BD30B5ADF56B7D0446BC
:1056B00007F096FE0120FFF7F3FDFF28174D13D1E9
:1056C0002B781749174A8DF8003009A83C2306F0BB
:1056D000A9FE0AA8FFF7D2FF1349204605F0ABF850
:1056E00020460DF56B7D30BD07F07AFE09A8FFF767
:1056F000E3FD09A905A805F09EF82B780849059A4D
:105700008DF8003003A83C2306F08CFE04A8FFF7B8
:10571000B5FF05A805F045F809A9DEE7400300201C
:105720009F370B08B0370B08D1370B08033138B55A
:1057300021F003050446284604F000FF70B105443B
:105740000023237694F82830C4E9020023F07F0375
:105750002046C4E9045584F8283038BD0546EFE7F3
:1057600008B570B1037A03F07F030C2B08D8DFE88B
:1057700003F01907070707070907090709071000BA
:10578000012008BDD0E90023134314BF01200020ED
:10579000F7E7002203C8002308F0D8FCB0FA80F035
:1057A0004009EEE70020ECE7806808B104F0CEBEC7
:1057B0007047F8B5054608680F46E0B1D5E90034F2
:1057C0009C420ED91A4600F1FF3C92F800E01CF80A
:1057D000016F1146764502F101020FD1002EF4D17E
:1057E000EBB90AF029FCAA68431C234493420646FD
:1057F0000AD901232B7400242046F8BD11F8013B7F
:10580000002BFBD10B46DBE76B60002CF4D002468B
:105810003968204609F086FB0023A355ECE71C46B7
:10582000EAE750B1037ACAB223F07F0343F00803DA
:1058300003720023C0E900230120704730B568B12E
:10584000037A4CB200294FEAE47503F0800306DBCB
:1058500043F008030372C0E90045012030BD43F066
:105860000A036442037265EB4505F4E713B5044689
:1058700080B1019129B9037A23F07F0303720120DB
:1058800008E0104601A9FFF794FF237A23F07F0375
:1058900010B9237202B010BD43F0050323722060DB
:1058A000EDE770B5037A164613F07F0202BF23F0CE
:1058B0007F0343F020030372037A044608BFC0E964
:1058C000002213F020000D460FD0084669B1206871
:1058D000FFF73DFD48B931462046FFF763FD20B193
:1058E000037A056103F07F03037270BD037A0246F9
:1058F00013F0200002D01068FFF729BD704708B5EB
:10590000034610B1FFF7CDFF0346184608BD437CA0
:1059100033B9C3685A1CC2601B78037401234374F3
:10592000007C7047F8B50446012600250D4F20463F
:10593000FFF7EDFF50B1A0F10903DBB2172B0DD833
:1059400006FA03F33B4209D06574F0E7237A002B93
:1059500014BF0223012384F85830F8BD01202072BF
:10596000FBE700BF1300800030B5037A85B003F079
:105970007F03043B082B33D8DFE803F00E0E05321B
:10598000053232321A0003C8002908BFB0F5807F03
:1059900000D30020C0B209E00023694600688DF8FA
:1059A0000830FFF721FD6846FFF7DEFF05B030BD88
:1059B000D0E90045002200232046294608F0E4FBF8
:1059C0000028F3D008A3D3E900232046294608F095
:1059D000D1FB0028EAD02046294608F011FCD9E77F
:1059E0000020E3E7AFF300800000000000E06F401C
:1059F00030B5037A85B003F07F03043B082B39D818
:105A0000DFE803F01515053805380E38200003C807
:105A1000002908BF802800D3002040B205B030BD67
:105A200003C8002908BF812824D24042F5E700239B
:105A3000694600688DF80830FFF7D6FC6846FFF726
:105A4000D7FFEBE7D0E900450022204629460C4B62
:105A500008F09AFB0028E1D007A3D3E900232046F1
:105A6000294608F087FB0028D8D02046294608F0B0
:105A70009FFBD2E70020D1E70000000000C05F409C
:105A8000000060C01FB5037A03F07F03043B082BBE
:105A900021D8DFE803F01111052005200B201C00A0
:105AA00003C808F0E5FC05B05DF804FB03C808F086
:105AB000DFFC00F10040F6E70023694600688DF83E
:105AC0000830FFF791FC6846FFF7DCFFEBE703C8FF
:105AD00008F0B6FBE7E70020E5E700000000000063
:105AE00030B5037A85B003F07F03043B082B39D827
:105AF000DFE803F01515053805380E38200003C817
:105B0000002908BF802800D30020C0B205B030BDF6
:105B100003C8002908BF812824D24042F5E70023AA
:105B2000694600688DF80830FFF75EFC6846FFF7AD
:105B3000D7FFEBE7D0E900450022204629460C4B71
:105B400008F022FB0028E1D007A3D3E90023204678
:105B5000294608F00FFB0028D8D02046294608F037
:105B60004FFBD2E70020D1E70000000000C05F40FB
:105B70000000604038B504460D46FFF7C8FEA84255
:105B80004FF0000004BF6074012038BD2F2807D9F2
:105B9000392803D95E280CD97A2805D80120704706
:105BA0002B28FBD02D28F9D0A0F12E0358425841C4
:105BB00070474028F8D95A28EFE72DE9F3410F46FE
:105BC0009046044600283AD0037A13F07F0202BFC1
:105BD00023F07F0343F020030372037A08BFC0E978
:105BE000002213F0200312D041B306689EB138465C
:105BF0003169FFF79FFB60B13046FFF774FB064643
:105C0000F4E729462046FFF775FB354615E01C46AC
:105C100015E0374612E041462046FFF7C3FB054634
:105C200058B1404601A90197FFF7C3FD0028E8D00D
:105C30002B7A286163F07F032B722F463C46204667
:105C400002B0BDE8F081002313B57F288DF8003045
:105C5000C3B20BD88DF801300DF1020313F8010D1A
:105C6000D0B30A68541C0C601070F7E703F03F03D0
:105C700063F07F038DF80130C0F387128309C0F30E
:105C80008F101F2806D862F03F028DF802200DF118
:105C90000303E3E7981102F03F0262F07F0210F481
:105CA0007C7F8DF80220C3F38912C3F3871305D1DB
:105CB00063F01F038DF8033001ABCFE703F03F0320
:105CC00063F07F038DF80330931163F00F038DF8B9
:105CD00004300DF10503C1E702B010BD2DE9F84312
:105CE00007460024FFF713FE254606467C74384617
:105CF000FFF70DFE864203467D745BD028B9022370
:105D0000002087F85830BDE8F8835C284BD138462E
:105D1000FFF7FDFD0028F2D075283AD14FF00408B6
:105D20004FF000097D743846FFF7F1FD0028E6D0FA
:105D300040288ABF20F02003A0F13003373BDBB2BC
:105D40000F2B01D90323DBE708F1FF3843EA0913DE
:105D500018F0FF081FFA83F97D74E4D109F5205388
:105D60009BB2B3F5806F02D2C9F30904BFE709F50E
:105D700010539BB2B3F5806F3ABFC9F3090949EAE2
:105D800084294846394638BF09F58030FFF75BFF64
:105D9000ADE70B4B1A78002AD4D0904208D15B783B
:105DA000002BCFD07D743A68511C396013709EE788
:105DB0000233EFE73B6801205A1C3A601D70A2E7EE
:105DC000D6370B08F8B5036804464360FFF79FFD1C
:105DD00027281CD022281AD02046FFF798FD064617
:105DE000FFF7D4FE0546C0B10027236867745A1C2C
:105DF000226020461E70FFF78AFD0646FFF7C6FEAA
:105E00000028F2D123685A1C2260187003E0204653
:105E1000FFF764FF05462846F8BD032384F8583091
:105E2000F9E72DE9F84F05460E461F46FFF77AFDC4
:105E3000044608B9002456E02846FFF768FD5B28B1
:105E400035D020D8222878D0272876D02846FFF7CA
:105E50005EFD05F1180B8046D94605F1570AA9EBFE
:105E60000B074046FFB2FFF791FE002878D0CA45E5
:105E700075D04FF0000328466B7409F8018BFFF7CB
:105E800046FD8046EBE77B28E0D1337A4FF00002F5
:105E900023F07F0343F02003337200233146C6E929
:105EA000003328463B4600F0A4FB04461BE0337A4F
:105EB000FCB223F07F0343F0400333720023C6E9B2
:105EC00000331CB9062385F858300CE028466B7463
:105ED000FFF728FD80460028ACD05D212846FFF75B
:105EE00049FE18B144462046BDE8F88F671E69692F
:105EF0003046FFF757FA014618B9042385F85830A1
:105F000098E73B464FF000022846FFF78AFF00283B
:105F100090D02846FFF706FD00288BD05D2128464B
:105F2000FFF728FE0028DDD12C212846FFF722FEAE
:105F300004460028DBD10323C5E72B6828466B60A5
:105F4000FFF7CCFE044600283FF474AF337A6A684A
:105F500023F07F0343F0040333723260C3E73F272B
:105F60000022EB191A762B7E742B0DD1337A012285
:105F700023F07F0343F0060333720023C6E90023B6
:105F8000042FB0D00223B9E7662B0BD1337A00225D
:105F900023F07F0343F0060333720023052FC6E985
:105FA0000023EEE76E2BEBD031465846FFF71CFA84
:105FB000002898D1032385F8583076E770B513464A
:105FC0000D681C4A0446002D08BF1546026898B0AB
:105FD0004260C26804958260002094F820602074BA
:105FE00026F07F0684F820600A68029001928DF8FE
:105FF0000C0002468DF815008DF85C0004F11801C4
:1060000001A80694FFF70DFF9DF85C0068B99DF8A4
:10601000143053B194F8203003F07F020C2A06D0DC
:1060200003F07D03082B08BF032018B070BD0320C8
:10603000FBE700BFE6370B082DE9F041ADF5707DB9
:106040000E4690461D46074607F0CAF90120FFF7A5
:1060500027F9FF2822D00FAC07F0C2F92046FFF73E
:106060002BF94FF000024FF4966102A8FFF75EFB98
:106070004FF0320201A904A80194FFF79FFFC4B2B8
:106080004CB939460AA86EB9FFF730FC10B1FFF7DA
:1060900027FD04462C7002A8FFF786FB0DF5707DE6
:1060A000BDE8F081B8F1000F15D1FFF71FFC78B102
:1060B0003146FFF71BFC58B1037A03F07F03043B22
:1060C000012B05D8016819B10522284609F0CEFF39
:1060D00000236B71DFE7FFF709FC0028F8D0314699
:1060E000FFF704FC0028F3D04146E2E72DE9F04138
:1060F000ADF5707D0D4617461C46064607F070F953
:106100000120FFF7CDF8FF282AD00DF13C0807F059
:1061100067F94046FFF7D0F84FF000024FF4966160
:1061200002A8FFF703FB4FF0320201A904A8CDF843
:106130000480FFF743FF10F0FF0F0ED131460AA88D
:106140002DB9FFF7D3FB30B1FFF79CFC04E06FB92A
:10615000FFF7CCFB40B90020206002A8FFF724FB2A
:106160000DF5707DBDE8F0812946EAE7FFF7BEFB3B
:106170000028F0D02946FFF7B9FB0028EBD03946BC
:10618000DFE72DE9F041ADF5707D0D4617461C4661
:10619000064607F025F90120FFF782F8FF2826D0F0
:1061A0000DF13C0807F01CF94046FFF785F84FF069
:1061B00000024FF4966102A8FFF7B8FA4FF03202DE
:1061C00001A904A8CDF80480FFF7F8FE10F0FF0F36
:1061D0000AD131460AA875B9FFF788FB024610B10B
:1061E000FFF706FC0246227002A8FFF7DDFA0DF564
:1061F000707DBDE8F0816FB9FFF778FB10B9002022
:106200002070F1E72946FFF771FB0028F7D0FFF770
:10621000EFFBF5E7FFF76AFB0028F0D02946FFF710
:1062200065FB0028EBD03946EDE72DE9F041ADF5EF
:10623000707D0D4617469846064607F0D1F80120B6
:10624000FFF72EF8FF2823D00FAC07F0C9F820463F
:10625000FFF732F84FF000024FF4966102A8FFF703
:1062600065FA4FF0320201A904A80194FFF7A6FED7
:10627000C4B254B931460AA875B9FFF737FB10B15B
:10628000FFF772FB044688F8004002A8FFF78CFA7B
:106290000DF5707DBDE8F0812FB9FFF727FB0028D1
:1062A000F1D02946E9E7FFF721FB0028EBD029468A
:1062B000FFF71CFB0028E6D03946DEE72DE9F04168
:1062C000ADF5707D0D4617461C46064607F088F86A
:1062D0000120FEF7E5FFFF282ED00DF13C0807F066
:1062E0007FF84046FEF7E8FF4FF000024FF496615A
:1062F00002A8FFF71BFA4FF0320201A904A8CDF85B
:106300000480FFF75BFE10F0FF0F12D131460AA8A0
:1063100015B9FFF7EBFA09E097B9FFF7E7FA02467C
:1063200018B12946FFF7E2FA02461046FFF718FABD
:10633000207002A8FFF738FA0DF5707DBDE8F081F6
:10634000FFF7D4FA08B90020F0E72946FFF7CEFAA4
:106350000028F8D03946DCE7F0B5ADF5717D0D4683
:106360001446064607F03CF80120FEF799FFFF2887
:1063700021D00FAF07F034F83846FEF79DFF4FF0FD
:1063800000024FF4966102A8FFF7D0F94FF03202F5
:1063900001A904A80197FFF711FE10F0FF0F07D124
:1063A00031460AA855B9FFF7A1FAFFF7D9F92070CD
:1063B00002A8FFF7F9F90DF5717DF0BDFFF796FA28
:1063C000034618B12946FFF791FA03461846ECE751
:1063D0002DE9F04389B0044607F002F80120FEF7EA
:1063E0005FFFFF2800F0BC80234600225E495F4823
:1063F000FFF71BFF2378002B76D05C4800225C4916
:10640000631CFFF712FF0C2025786843F9F747FE5D
:1064100058B10346FF210022013D03F10C0304D3D0
:1064200003F80C1C43F8042CF6E70026DFF878810B
:10643000DFF878914D4F60602378B34254DD0C252E
:1064400001364146684604F0F6F90A22314604A8AE
:1064500004F071FA04A9684604F0AAFA7543636867
:106460000C3D2B444A4601683846FFF78AFE04A8D3
:1064700004F097F9684604F094F94146684604F040
:10648000DAF90A22314604A804F055FA04A968464C
:1064900004F08EFA6368374A2B44013301683846AA
:1064A000FFF7CAFD04A804F07CF9684604F079F906
:1064B0004146684604F0BFF90A22314604A804F0B8
:1064C0003AFA04A9684604F073FA636801682B4439
:1064D0003846294A0833FFF709FE04A804F061F999
:1064E000684604F05EF9A7E700222449244804F135
:1064F0000903FFF746FE00222249214804F1080360
:10650000FFF73FFE04F10B0300221F491C48FFF771
:10651000D5FE1E491E4804F10C02FFF71DFF0022A4
:1065200004F10D0311461B48FFF72BFE1A491B48C7
:1065300004F10E02FFF710FF00221949174804F179
:106540000F03FFF779FD00221649144804F11503E3
:10655000FFF772FD0D49114804F11B02FFF7FCFE25
:1065600009B0BDE8F08300BF2C330B0868300B087E
:10657000D0340B0816330B0825330B0822340B08D4
:106580006B330B0863330B084A340B0872300B086B
:1065900078300B0888390B085C300B0864300B0826
:1065A00083300B0889300B0809330B080F330B08B5
:1065B00010B5044606F014FF40F2FC70FEF770FEC2
:1065C000FF280DD12046FFF703FF06F009FF03F077
:1065D0003FFC06F005FF012140F2FC7003F020FCB7
:1065E00006F0FEFE0120FEF75BFEFF3818BF01201B
:1065F00010BD2DE9F843DEB20446884626B90623CD
:1066000080F85830002521E000234374FFF78AF911
:1066100007460028F6D07D212046FFF7ABFA054655
:1066200098B9013E2046FFF7CDFB0028EAD020466E
:10663000FFF778F90028E5D03A212046FFF79AFACB
:1066400038B9032384F8583000E03D462846BDE8B9
:10665000F883D4F80490D8F800004946FEF777FE96
:10666000014668B961694046FEF79CFE014608B9DB
:106670000423E7E7037AC0F8109003F07F03037266
:1066800033464FF000022046FFF7CBFB0028B9D07D
:106690002046FFF747F90028B4D07D212046FFF7B8
:1066A00069FA0028D1D12C212046FFF763FA00288F
:1066B000C7D02046FFF736F90028B3D1A2E730B59E
:1066C00044680A44D0E90053AB4207D2914205D056
:1066D0005D1C456011F8015B1D70F3E700221A7024
:1066E00043681A1B83681344836030BD38B5054680
:1066F00008460C4609F0A0FC214602462846FFF752
:10670000DEFF38BD2DE9F04786B00DF116060746CD
:1067100015461C46B246284621460A22002308F0A8
:10672000F9F8A1463032A8462846214606F8012D40
:1067300000230A2208F0EEF8B9F1000F08BFB8F103
:106740000A0F05460C46E6D231463846AAEB060249
:10675000FFF7B5FF06B0BDE8F087D0E9002393420C
:106760003FBF5A1C42600022197037BF43680022A5
:106770001A700122836813448360704770B50D4618
:1067800022210446FFF7E9FF013D15F8011F79B109
:106790000A4B9E7846B1DA7802338A42F9D15C21FD
:1067A0002046FFF7DAFF31462046FFF7D6FFECE739
:1067B00022212046FFF7D1FF70BD00BFD6370B085E
:1067C0002DE9F04F194682468FB010469146984603
:1067D00007F0BCFC30B95046A949FFF787FF0FB05E
:1067E000BDE8F08F002200234846414607F0AEFC8A
:1067F00068B94A4643464846414607F089F802468A
:106800000B464846414607F0A1FC0028E3D1002290
:1068100000234846414607F0A3FC28B12D215046ED
:10682000FFF79BFF08F10048484691A3D3E90023F6
:10683000414607F0A9FC044600285FD00825002443
:106840004FF4807B8F4F904E7B6C484600933B6C9F
:1068500041460193DDE9002307F096FC68B1736CB3
:1068600048460293336C41460393DDE9022307F067
:1068700005FA814688465C4424B2013D681C4FEA13
:106880006B0BA7F10807A6F10806DDD10022002353
:106890004846414607F082FC002833D076A3D3E96E
:1068A00000234846414607F065FC58B3774E754FC4
:1068B000290627D4764B484653F835304146049391
:1068C00056F835300593DDE9042307F049FC88B11B
:1068D000704B484653F835304146069357F83530EB
:1068E000A4EB0B040793DDE9062307F0C7F9814603
:1068F000884624B24FEA6B0B013DD9E74FF4807B09
:106900000825C3E74146484607F07AFC09230646B6
:1069100002460A21604F5DB2092A03F1FF33DBB260
:1069200004D9B7FBF1F7B2FBF1F2F4E7304607F018
:106930002BF902460B464846414606F0E7FF8046E3
:106940003846894607F020F902460B46404649463C
:1069500007F094F98046894607F052FC834607F019
:1069600013F902460B464046494606F0CFFF024661
:106970000B4606F0CDFF07F043FC00EB0B08474544
:1069800008D8013694B1092E10D94FF0000801261D
:10699000013424B20A21B8FBF1F301FB138242B99E
:1069A000002D06DD013D98466DB2F4E74FF000087A
:1069B000F0E70A200DF13601B6FBF0F200FB12639E
:1069C000303301F8013D3346092B1646F4D80DF15A
:1069D00036065046721AFFF772FEEDB12B460A20BA
:1069E0000DF12F01013B5BB25A1C09D0B8FBF0F24C
:1069F00000FB128808F1300801F801899046F1E7A0
:106A00002E20EAB20CAB991A01F8010CD143504682
:106A100001321944FFF753FE002C15DA1F49504686
:106A2000FFF764FE31460A226442B4FBF2F302FB34
:106A30001344303401F8014D1C46002BF5D150466B
:106A4000721AFFF73CFECAE63FF4C9AE6521504614
:106A5000FFF783FE31460A2294FBF2F302FB134454
:106A6000303401F8014D1CB2002CF5D1E7E700BF2E
:106A700000000000D0126341F168E388B5F8E43EFD
:106A8000E7370B08BC380B0874380B082C380B0898
:106A900030380B08C0380B0800CA9A3BEC370B089B
:106AA000F8B5027A054602F07F030C2B0C460DD890
:106AB00012F07E0F0ED0023B0A2B0BD8DFE803F05A
:106AC0004F4F4A4A640A610A550A0C00202B23D012
:106AD000402B08D031495DE0D0E900230846FFF79C
:106AE0006FFEA068F8BD5B212046FFF736FE2D68DB
:106AF0006DB121462846FFF7D3FF2846FEF7F3FB8A
:106B0000054620B12C212046FFF727FEF0E75D2146
:106B10002046FFF722FEE4E77B212046FFF71DFE1B
:106B20002D68ADB129692046FFF728FE3A2120469D
:106B3000FFF713FE21462846FFF7B2FF2846FEF76F
:106B4000D2FB054620B12C212046FFF706FEE8E7E0
:106B50007D21DDE701682046FFF710FEC1E7D0E99F
:106B600000122046FFF7ABFDBBE7D0E900672D21FF
:106B70002046FFF7F2FD32463B462046FFF7C2FDB6
:106B8000AFE7D0E90023F8E7D0E90023134314BFAF
:106B9000034904492046FFF7A9FDA2E7E7370B08A0
:106BA000322F0B08EF370B081FB5002301F2833299
:106BB000CDE900210B70203069460293FFF770FF8A
:106BC00005B05DF804FB00002DE9F04F8A4AADF5F1
:106BD000797D00230592012203A8ADF80C30ADF8B1
:106BE00018208DF82720ADF81A308DF82130FFF7E6
:106BF000DFFC0446002840F0AA814FF000024FF469
:106C000096610AA8FEF792FD9DF80C507B490CAAEC
:106C100012A8002D00F09F81FEF743FE0CAA7849D0
:106C2000FEF76DFE9DF80C10FEF7FBFD73490CAAF4
:106C300012A8FEF736FE73490CAAFEF760FE9DF817
:106C40000D10FEF7EEFD00260027DFF8CCA1DFF8DF
:106C5000AC819DF80C305FFA84F94B455BD81C463B
:106C600000260027DFF8B081644DE3B2052B00F267
:106C7000D580B8F80430D8F80000ADF8083000230B
:106C800001340A222146019017A8ADF80A3003F01A
:106C900052FE179901A808F019FC17A803F081FD0E
:106CA00029460CAA12A8FEF7FCFD0CAA01A9FEF7C2
:106CB00084FF0CAA5449FEF722FE4FF0FF31FEF785
:106CC000BDFD29460CAA12A8FEF7EBFD0CAA01A9EE
:106CD000FEF773FF4D490CAAFEF711FE48B1037A87
:106CE000002223F07F0343F0080303720023C0E96E
:106CF000002329460CAA12A8FEF7D3FD0CAA01A96D
:106D0000FEF75BFF0CAA4249FEF7F9FD32463B460F
:106D1000FEF739FBA9E7BAF804300C25ADF80830C6
:106D20000023DAF800000A22019009F1010117A8F6
:106D3000ADF80A3003F0FFFD179901A808F0C6FB73
:106D400005FB09F517A803F02CFD41460CAA12A873
:106D5000DDF810B0FEF7A5FD0CAA01A9FEF72DFF86
:106D60000CAA2949FEF7CBFD1BF90510FEF766FDBD
:106D700004990CAA294401F1010B12A84146FEF71F
:106D800090FD0CAA01A9FEF718FF20490CAAFEF7F6
:106D9000B6FD59460CAAFEF769FD049B41460CAAB4
:106DA00012A81D44FEF77DFD0CAA01A9FEF705FF00
:106DB0000CAA1749FEF7A3FD8346A86806F006FF54
:106DC00002460B465846FEF7DEFAB9F1000F10D125
:106DD00041460CAA12A8FEF764FD0CAA01A9FEF711
:106DE000ECFE0CAA0B49FEF78AFD32463B46FEF745
:106DF000CAFA01342DE700BF0202010068300B0817
:106E00002C330B08D0340B080F330B0816330B0848
:106E100025330B0821330B0804390B08049808B1FB
:106E2000F9F741F98E490CAA12A8FEF73AFD0CAA0F
:106E30008C49FEF764FD9DF91510FEF7FFFC8849AB
:106E40000CAA12A8FEF72DFD0CAA8749FEF757FDE4
:106E50009DF91410FEF7F2FC81490CAA12A8FEF766
:106E600020FD0CAA8149FEF74AFD9DF81710FEF798
:106E70007DFA0CAA7E4912A8FEF713FD1521FEF734
:106E8000D0FC0CAA7B4912A8FEF70BFD1221FEF7DD
:106E9000C8FC79490CAA12A8FEF703FD0CAA774991
:106EA000FEF72DFD9DF81810FEF760FA74490CAA44
:106EB00012A8FEF7F6FC0CAA7249FEF720FD9DF819
:106EC0001A10FEF753FA6E490CAA12A8FEF7E9FC55
:106ED0006D490CAAFEF713FD0CAA0DF11B01FEF77C
:106EE000C5FC67490CAA12A8FEF7DBFC67490CAA8F
:106EF000FEF705FD0CAA0DF12101FEF7B7FC604974
:106F00000CAA12A8FEF7CDFC0CAA5C49FEF7F7FC10
:106F10009DF82710FEF72AFA0CAA5D4912A8FEF781
:106F2000C0FC9DF91910FEF789FC17A90AA8FFF704
:106F30003BFE06F055FA17A8FEF7B4F906F050FA32
:106F40000121084602F06CFF0AA8FEF72DFC0DF5A2
:106F5000797DBDE8F08F4FF000084FF00009FEF793
:106F6000A0FC0CAA4B49FEF7CAFC2946FEF759FCC7
:106F700049490CAA12A8FEF794FC484E48490CAAAD
:106F8000FEF7BDFC2946FEF74CFC2C46B788424D67
:106F9000DFF81CA100233068A34601340A222146F1
:106FA000019017A8ADF80A30ADF8087003F0C3FCE3
:106FB000179901A808F08AFA17A803F0F2FB2946EE
:106FC0000CAA12A8FEF76DFC0CAA01A9FEF7F5FDAC
:106FD0000CAA5146FEF793FC4FF0FF31FEF72EFC52
:106FE00029460CAA12A8FEF75CFC0CAA01A9FEF720
:106FF000E4FD2C490CAAFEF782FC48B1037A00227A
:1070000023F07F0343F0080303720023C0E9002349
:1070100029460CAA12A8FEF744FC0CAA01A9FEF707
:10702000CCFD0CAA2049FEF76AFC42464B46FEF70F
:10703000AAF9BBF1000F10D129460CAA12A8FEF73D
:1070400030FC0CAA01A9FEF7B8FD0CAA1749FEF7FF
:1070500056FC42464B46FEF796F9062C9AD1E1E6DD
:107060006B330B0822340B0863330B084A340B08CC
:10707000E8300B08F8310B0878300B0872300B0839
:1070800064300B085C300B0883300B0889300B0828
:1070900088390B082C330B0868300B0804390B08AF
:1070A000D0340B0816330B0825330B0821330B089B
:1070B0000F330B0800B58DB006F092F902F0C8FE50
:1070C000FFF782FD68460E4903F0B5FB0D4904A8A1
:1070D00003F0B1FB0C4908A803F0ADFB694608AB0F
:1070E00004AA5320FDF7E4FC08A803F05AFB04A807
:1070F00003F057FB684603F054FB0DB05DF804FB4A
:10710000F5370B08FB370B080A380B08F0B5ADF262
:107110003C7D0D461446064606F062F90120FEF756
:10712000BFF8FF282BD00CAF06F05AF93846FEF70F
:10713000C3F84FF000024FF496616846FEF7F6FA86
:107140004FF03202EDA902A8ED97FEF737FF10F0DD
:10715000FF0F11D1314602AA08A89DB9FEF7A1FB85
:107160002146FEF703F9EDA96846FFF71DFD06F07D
:1071700037F9EDA8FEF796F86846FEF715FB0DF215
:107180003C7DF0BDFEF78DFB294602AAFEF7B7FB5A
:10719000E6E72DE9F041ADF5E76D0D4617461C46D3
:1071A000064606F01DF90120FEF77AF8FF282DD0DB
:1071B0000DF1300806F014F94046FEF77DF84FF067
:1071C00000024FF496616846FEF7B0FA4FF03202C3
:1071D000EDA902A8CDF8B483FEF7F0FE10F0FF0F82
:1071E00011D1314602AA08A8A5B9FEF75AFB2146DB
:1071F000FEF7BCF8EDA96846FFF7D6FC06F0F0F8FC
:10720000EDA8FEF74FF86846FEF7CEFA0DF5E76DEC
:10721000BDE8F08137B9FEF744FB294602AAFEF724
:107220006EFBE4E7FEF73DFB294602AAFEF767FB8B
:10723000394602AAF3E72DE9F041ADF5E76D0D46B9
:1072400017461C46064606F0CBF80120FEF728F844
:10725000FF282DD00DF1300806F0C2F84046FEF7A9
:107260002BF84FF000024FF496616846FEF75EFA85
:107270004FF03202EDA902A8CDF8B483FEF79EFECE
:1072800010F0FF0F11D1314602AA08A8A5B9FEF7E8
:1072900008FB2146FEF7C5FAEDA96846FFF784FC16
:1072A00006F09EF8EDA8FDF7FDFF6846FEF77CFAB4
:1072B0000DF5E76DBDE8F08137B9FEF7F2FA294622
:1072C00002AAFEF71CFBE4E7FEF7EBFA294602AA46
:1072D000FEF715FB394602AAF3E72DE9F041ADF5BB
:1072E000E76D0D4617461C46064606F079F8012064
:1072F000FDF7D6FFFF282DD00DF1300806F070F80D
:107300004046FDF7D9FF4FF000024FF49661684602
:10731000FEF70CFA4FF03202EDA902A8CDF8B483C3
:10732000FEF74CFE10F0FF0F11D1314602AA08A85B
:10733000A5B9FEF7B6FA2146FEF780FAEDA9684630
:10734000FFF732FC06F04CF8EDA8FDF7ABFF6846FE
:10735000FEF72AFA0DF5E76DBDE8F08137B9FEF7C3
:10736000A0FA294602AAFEF7CAFAE4E7FEF799FA5C
:10737000294602AAFEF7C3FA394602AAF3E72DE925
:10738000F041ADF5E76D0D4617461C46064606F082
:1073900027F80120FDF784FFFF2833D00DF13008D6
:1073A00006F01EF84046FDF787FF4FF000024FF44D
:1073B00096616846FEF7BAF94FF03202EDA902A8CD
:1073C000CDF8B483FEF7FAFD10F0FF0F17D1314668
:1073D00002AA08A8D5B9FEF764FA0546204606F0C9
:1073E000F5FB02460B462846FDF7CDFFEDA96846A2
:1073F000FFF7DAFB05F0F4FFEDA8FDF753FF684651
:10740000FEF7D2F90DF5E76DBDE8F08137B9FEF76B
:1074100048FA294602AAFEF772FADEE7FEF741FAB9
:10742000294602AAFEF76BFA394602AAF3E72DE9CC
:10743000F041ADF5E76D0D4617461C46064605F0D2
:10744000CFFF0120FDF72CFFFF282DD00DF13008D4
:1074500005F0C6FF4046FDF72FFF4FF000024FF446
:1074600096616846FEF762F94FF03202EDA902A874
:10747000CDF8B483FEF7A2FD10F0FF0F11D1314615
:1074800002AA08A8A5B9FEF70CFA2146FDF71EFFCF
:10749000EDA96846FFF788FB05F0A2FFEDA8FDF710
:1074A00001FF6846FEF780F90DF5E76DBDE8F08154
:1074B00037B9FEF7F6F9294602AAFEF720FAE4E703
:1074C000FEF7EFF9294602AAFEF719FA394602AA91
:1074D000F3E700000122014B1A70704740030020BF
:1074E000006803681B681847022A38B5044607D0AD
:1074F000032A11D0012A01D10B682360002038BD76
:107500000C200D68F8F7C9FD03460028F5D095E872
:10751000070083E80700F0E700680028EED00C21A0
:1075200005F0D1FFEAE730B4036809785A689C682F
:10753000551004EB6200D20748BF62591B6830BC8B
:1075400048BFD3581847000030B587B00446F9F754
:10755000B9FB2060FAF786F86060F9F7A5FEA06035
:10756000FAF7DCFBE060FAF757FD206101F024F93F
:107570006061FAF78DFEA061F9F756FAE061FDF758
:1075800011FC00252062E562D4E90001FAF73CFD18
:10759000E1682068FAF73AFD2068A168FAF736FD3D
:1075A0000C200495F8F779FD18B1114B8460C0E9FF
:1075B00000356D4602AB029093E8030085E80300B6
:1075C00004F1240292E8030083E8030095E8030035
:1075D00082E80300E26A18460492064AE262226BDD
:1075E0000592054A2263F8F70DFF204607B030BD2B
:1075F000E1740A08E9740A0827750A08006AFDF7A9
:107600000FBC10B504460068F9F736FD206AFDF797
:10761000AFFCA069FAF718FF2069FAF74DFD206862
:107620000021F9F76BFC606901F09EFC6068BDE821
:107630001040FAF711B9000030B53C4B9DB00293F1
:1076400007238DF80C303A4B0024049325238DF842
:1076500014304FF001330693012300228DF81C30C3
:1076600005460DF1070333493348FEF78AFD9DF9BE
:10767000072002AB13F9011B0134914251D10523BC
:10768000B4FBF3F303EB8303E41AE4B21CAB1C4436
:1076900014F8582C29492A48FFF738FD14F8601CC3
:1076A0002846FFF71DFF14F9684CA8692146FAF730
:1076B000DBFE1CB903212846FFF712FF02F016FF7C
:1076C00068B3204910A803F0B6F81F4914A803F0C6
:1076D000B2F81E490CA803F0AEF80A22214608A809
:1076E00003F029F908A90CA803F062F9014618A8CB
:1076F00003F0EBF818AB14AA10A95320FDF7D8F942
:1077000018A803F04EF808A803F04BF80CA803F0F3
:1077100048F814A803F045F810A803F042F81DB08B
:1077200030BD052CA6D10024B0E700BF050209003A
:107730002122232422340B086B330B0872300B08F0
:1077400078300B080C390B0812390B0821390B085B
:107750002DE9F04F4FF000080C46924699464746F7
:1077600046468FB0DDF860B0A3685FFA88F5AB429B
:1077700062D92946204603F078F95F2822D10136E4
:10778000F6B2731E032B1DD8DFE803F0021B0C1F9B
:107790002046691C03F069F9302813D100200FB08E
:1077A000BDE8F08F2B4621467A1C09A803F078F932
:1077B00009A800230622514603F059F909A802F04E
:1077C000F0FF2F4608F10108CEE72B4621467A1C30
:1077D00009A803F065F90023142204A909A803F0FD
:1077E00046F909A802F0DDFF04A909A803F023F86F
:1077F00009A803F096F9C9F8000009A802F0D1FF22
:1078000021466846A3686A1C03F04AF90023142243
:1078100009A9684603F02BF9684602F0C2FF09A9DE
:10782000684603F008F8684603F07BF9CBF80000DF
:10783000684602F0B6FFC5E7032E1CD121467A1C2C
:1078400004A803F02DF90023142209A904A803F0C9
:107850000EF904A802F0A5FF09A904A802F0EBFFA5
:1078600004A803F05EF9C9F8000004A802F099FF2B
:107870000023CBF80030012091E708B5006AFDF73E
:10788000F9FC012008BD00001FB502236846002254
:1078900003F006F96846264903F0CCF8002835D1F4
:1078A0006846244903F0C6F890BB6846224903F0B5
:1078B000C1F878BB6846214903F0BCF860BB684654
:1078C0001F4903F0B7F848BB68461E4903F0B2F8F9
:1078D00030BB68461C4903F0ADF818BB68461B492D
:1078E00003F0A8F800BB6846194903F0A3F8E8B90B
:1078F0006846184903F09EF800280CBFFF240A24AC
:10790000684602F04EFF204604B010BD0124F7E7A0
:107910000224F5E70324F3E70424F1E70524EFE765
:107920000624EDE70724EBE70824E9E70924E7E765
:1079300034390B0837390B083A390B083D390B0835
:1079400040390B0843390B0846390B0849390B08F5
:107950004C390B084F390B082DE9F04F0C46054602
:10796000A1B011AFB9490BA802F065FFB84938467C
:1079700002F061FF214617A802F0A7FF3A4617ABB5
:107980000BA95320FDF794F817A802F00AFF384618
:1079900002F007FF0BA802F004FF214617A802F02F
:1079A00094FF17A92846FFF76FFFC6B217A802F089
:1079B000F8FEFF2E00F0CF810A2E4ED103220021C7
:1079C000204603F08FF82046A24903F033F806461C
:1079D00040B31C212846FFF783FD012300229E4966
:1079E0009E48FFF7D6FB9E490BA802F024FF98495A
:1079F000384602F020FF9B4917A802F01CFF3A46C8
:107A000017AB0BA95320FDF753F817A802F0C9FED6
:107A1000384602F0C6FE0BA802F0C3FE012021B0DA
:107A2000BDE8F08F2046904903F004F8002800F0EC
:107A30008E811D212846FFF753FD33463246864985
:107A40008648FFF7A6FB89490BA802F0F4FE80499F
:107A5000384602F0F0FE8649CEE7012E1AD1002109
:107A60000222204603F03EF820467A4902F0E2FF67
:107A700020B13146A869FAF7F7FCD0E720467A49E9
:107A800002F0D8FF002800F064813146A869FAF7B7
:107A900005FFC4E7022E12D100213246204603F032
:107AA00021F820466B4902F0C5FF0028E1D12046AD
:107AB0006D4902F0BFFF0028E7D10920AFE7052E8E
:107AC00012D100210222204603F00CF82046614921
:107AD00002F0B0FF0028CCD12046634902F0AAFF93
:107AE0000028D2D10A209AE7072E12D100210222C3
:107AF000204602F0F7FF2046564902F09BFF00287F
:107B0000B7D12046584902F095FF0028BDD10D207D
:107B100085E7062EEAD0082E12D100210222204647
:107B200002F0E0FF20464B4902F084FF0028A0D17C
:107B300020464D4902F07EFF0028E8D00821A5E745
:107B4000092E13D100210222204602F0CBFF20464D
:107B5000404902F06FFF08B109218BE720464249F6
:107B600002F068FF0028D2D009218FE7032E35D11B
:107B70002046404902F05EFFD0B1002307930B93EB
:107B80000323214617A88DF8143002F09EFE0BAB9C
:107B900000933A46284607AB17A9FFF7D9FD0446DC
:107BA00017A802F0FEFD74B9A869FAF781FB36E761
:107BB000A368082BE1D820462F4902F03BFF00289C
:107BC000DBD106202BE701233A4601930BAB009350
:107BD00007ABA86905A9FBF7B3F920E7042E40F02D
:107BE000BA80A368102B4BD90026B046B1461822A4
:107BF00000210BA807F0BEF918220021384607F033
:107C0000B9F91E4B18689B880590ADF81830A36829
:107C10009E4280F097803146204602F026FF5F2882
:107C200040F08E8009F1010A5FFA8AFABAF1010F79
:107C300006F1010B2CD009F1FF395FFA89F9B9F18E
:107C4000050F2BD90136D146F6B2E0E752390B08C1
:107C500038330B0810310B084A340B086B330B0810
:107C6000D1330B085D340B0824310B0875340B0835
:107C70007C340B0858390B0862390B08EA390B08B9
:107C80002046364902F0D6FE0028ADD10720C6E6D0
:107C90005946204602F0E9FE302885D05946204654
:107CA00002F0E3FE7E28CDD14FF000090236F3B298
:107CB000029320AB5FFA8BF2434402F1010B039372
:107CC000029B204609EB0306F6B2314602F0CDFED8
:107CD0007E2802D0B9F11F0F1BD133465A462146E8
:107CE00007A802F0DDFE062207EB8803009317A920
:107CF0000BAB02FB081203EB880307A92846FFF72A
:107D000027FD08F1010807A802F04BFD5FFA88F88B
:107D100098E7B9F1010F0ED133465A46214607A81C
:107D200002F0BEFE07A802F0F7FE039B03F86C0CFE
:107D300007A802F036FD09F101095FFA89F9BFE7EA
:107D4000CA467FE7CDE900780BAB17AA41E70E20C2
:107D500065E6082063E6002061E600BF66390B088F
:107D600038B50546084602F0D7FEFF28044609D874
:107D70001B212846FFF7B4FB6868E1B2F9F7B2FDB2
:107D8000012038BD40F6B833A0F596729A4208D863
:107D900028461A21FFF7A4FB6868A1B2F9F7C0FDD5
:107DA000EEE740F6E543984202D0B0F5807F04D17B
:107DB00019212846FFF794FBE2E70020E1E708B528
:107DC0004068F9F787FC08BD38B50D4604460949F7
:107DD000284602F02FFE28B110212046FFF780FB35
:107DE000012038BD2846044902F024FE0028F8D0BE
:107DF0001121F2E710310B0824310B0838B50D467C
:107E000004460D49284602F015FE28B113212046EC
:107E1000FFF766FB012038BD2846084902F00AFE3C
:107E200008B11421F3E72846054902F003FE0028B3
:107E3000F1D01221EBE700BF10310B0824310B0801
:107E400039310B0808B5C068F9F7A0FF08BD00007C
:107E500038B50D4604460D49284602F0EBFD28B121
:107E600016212046FFF73CFB012038BD2846084973
:107E700002F0E0FD08B11721F3E72846054902F0BA
:107E8000D9FD0028F1D01521EBE700BF10310B0818
:107E900024310B0839310B0830B50D4695B0284612
:107EA0003B4902F0C7FD044670B100223948114633
:107EB00010ABFEF766F99DF9400018B106F0CAFA5A
:107EC00003F0E8FE012023E0284602F025FE00F141
:107ED0000C03DBB21A2B1DD92F4908A802F0ABFC0A
:107EE0002E490CA802F0A7FC2D4910A802F0A3FC13
:107EF00010AB0CAA08A95320FCF7DAFD10A802F079
:107F000050FC0CA802F04DFC08A802F04AFC2046E8
:107F100015B030BD45B2284606F09CFA03F0BAFE13
:107F20002B46224621461B48FFF7D7F968461D49D4
:107F300002F081FC194904A802F07DFC1A490CA842
:107F400002F079FC0A22294610A802F0F4FC10A9DC
:107F50000CA802F02DFD154902F036FD014608A8D7
:107F600002F0B3FC694608AB04AA5320FCF7A0FD5D
:107F700008A802F016FC10A802F013FC0CA802F0EE
:107F800010FC04A802F00DFC684602F00AFC99E718
:107F90006A390B0888390B087A390B0880390B08C5
:107FA00091390B08A8390B08AE390B08B8390B0802
:107FB00030B50D46044685B028460D4902F03AFD1D
:107FC00048B120461021FFF78BFA206AFDF704F82C
:107FD000012005B030BD246A2946684602F075FCD0
:107FE00020466946FDF75EF8684602F0DAFBEFE7E7
:107FF000E0390B0808B5006AFDF7C4F8012008BD98
:108000007FB5044605F032FA04F0BAFD04F1240508
:10801000FEF7DAFD266929466846FBF7BDFC69468E
:108020003046FAF70DF86846F8F7ECF96669294624
:108030006846FBF7B1FC6946304600F0CFFB684666
:10804000F8F7E0F9A66929466846FBF7A5FC6946FA
:108050003046FBF7F7F96846F8F7D4F92068F8F7E7
:10806000CFFF00212068F8F749FFE068F9F776FEB6
:10807000A068F9F735F9236901225B7869468DF824
:1080800000300E48002302F011FA0D49684602F054
:10809000D2FB69462046FFF7FFFE684602F081FBEF
:1080A000FCF798FCE069F8F76CFDE3691B7813B9FD
:1080B000A069FAF795FC04B070BD00BFFE320B0852
:1080C0006A390B080022C0E9032202800275C0F859
:1080D0000220C0F8062082727047002310B5C21C2F
:1080E00000F10A0112F8014B23448A42DBB2F9D1B4
:1080F000807A5B42DBB2C31A5842584110BD00007F
:108100002DE9F84F037804463BB101F071FEE368B6
:10811000C01AC82884BF002323804FF000080FF244
:10812000301BDBE900AB4FF0000904F095FC03685D
:108130001B699847002800F0888004F08DFC0368D4
:108140005B6998472378C0B24BB9FF28EDD1012570
:10815000A070657001F04CFE2570E060E5E7012B32
:1081600009D1182864D163785A1C2344627098702E
:1081700002232370D9E7022BD7D16278531CDBB2DC
:108180002244082B63709070CFD92046FFF7A5FFDB
:1081900000284DD0A07905F007FD2FA3D3E90023D7
:1081A00005F06CFD064660790F4605F0FDFC0246C1
:1081B0000B463046394605F0ABFB52465B4605F0B0
:1081C00087FE42464B4606460F4605F0DDFF00227D
:1081D000274B80B33046394605F09AFB05F0E8FF9F
:1081E00005F0E2FC05F0E4FF00B2208205F0DCFCC3
:1081F0001BA3D3E9002305F08BFB1BA3D3E90023CA
:1082000005F066FE42464B4606460F4605F0BCFFAB
:108210000022174BA0B13046394605F079FB05F036
:10822000C7FF05F0C1FC05F0C3FF01236082237581
:108230000023238079E73046394605F067FBCDE718
:108240003046394605F062FBE9E7BDE8F88F00BF2C
:108250009A9999999999B93F7B14AE47E17A843FED
:10826000AD69DE718A4E184021B0726891EDE83F29
:108270000000E03F0B4A10B5114631F8024B098867
:10828000048041809188D2888180C2804FF0FF3184
:108290000022C0E90212426101220282032282749A
:1082A00010BD00BF7F3A0B086FEA1123D8B2082334
:1082B00010F0800F03F1FF334FEA400018BF80F049
:1082C000310013F0FF03C0B2F2D108234840C0B21E
:1082D00010F0800F03F1FF334FEA400018BF80F029
:1082E000310013F0FF03C0B2F2D17047F0B50D4674
:1082F0008FB0994904462846174606F0FFF897497B
:108300000646284605F0F2FF0146304606F0AAF977
:1083100005F05EF906469249384606F0A3F9914900
:1083200006F0ECF8314606F0E9F88F490646284693
:1083300005F0DCFF0146304606F094F98B4906F063
:10834000DDF88B4906F0DAF806F0C4FAB0F57A3FAA
:108350001DD9884902A802F06EFA874906A802F0E2
:108360006AFA86490AA802F066FA0AAB06AA02A9C6
:108370005320FCF79DFB0AA802F013FA06A802F0AE
:1083800010FA02A802F00DFA04200FB0F0BD7C4BE9
:10839000A0FB0301030E43EA01231A1299B22046FF
:1083A0008DF804208DF80530FFF77EFF8DF806006C
:1083B00005F05CF8582104F019FC05F057F802228A
:1083C0000368A118DB68984705F050F8036803229A
:1083D000DB6801A9984705F049F804F00EFCE0B10C
:1083E000644902A802F027FA634906A802F023FABA
:1083F00062490AA802F01FFA0AAB06AA02A9532092
:10840000FCF756FB0AA802F0CCF906A802F0C9F95D
:1084100002A802F0C6F90120B7E70C2003F0B8FD6E
:1084200005F024F8582104F0E1FB05F01FF803687B
:108430000222DB68A11D984705F018F804F0DDFB67
:1084400048B1504902A802F0F6F94B4906A802F0DB
:10845000F2F94D49CDE70C2003F09AFD05F006F83E
:108460000622582104F0BBFBC0B206281CD04549A7
:1084700002A802F0E0F9404906A802F0DCF94249FE
:108480000AA802F0D8F90AAB06AA02A95320FCF701
:108490000FFB0AA802F085F906A802F082F902A8EB
:1084A00002F07FF9022070E704F0E0FF03685B69E7
:1084B0009847054604F0DAFF03685B69984740EA8D
:1084C000052005B204F0D2FF03685B699847A9B2A2
:1084D00002462046FFF7E8FED2B290421CD029495E
:1084E00002A802F0A8F9244906A802F0A4F9264936
:1084F0000AA802F0A0F90AAB06AA02A95320FCF7C9
:10850000D7FA0AA802F04DF906A802F04AF902A823
:1085100002F047F9032038E7658104F0A7FF0368FC
:108520005B699847054604F0A1FF03685B699847BB
:1085300040EA052005B204F099FF03685B6998479B
:10854000A9B202462046FFF7AFFED2B29042C6D192
:108550000720258119E700BFC3F58C41B81E73437E
:108560000000C8428195C3403393884333B35843D6
:1085700000007A44F0390B08F6390B08043A0B086E
:1085800000894100273A0B082D3A0B0870B50646C2
:1085900004F06CFF582104F029FB04F067FF036826
:1085A00002223146DB68984704F060FF04F025FBA7
:1085B00068BBFA2003F0ECFC04F058FF03225821BA
:1085C00004F00DFBC4B2032C23D104F04FFF036869
:1085D0005B699847054604F049FF03685B69984763
:1085E00040EA052504F042FF0368ADB25B69984795
:1085F000294602463046FFF757FED2B2824204D1E6
:10860000B5F5544F0CBF07240024204670BD01244B
:10861000FBE70224F9E7000030B58DB00546FFF70F
:10862000B5FF072804461ED01A49684602F003F930
:10863000194904A802F0FFF8184908A802F0FBF84D
:10864000694608AB04AA5320FCF732FA08A802F0E6
:10865000A8F804A802F0A5F8684602F0A2F80024E1
:1086600020460DB030BD04F001FF582104F0BEFAE1
:1086700004F0FCFE03680222DB68291D984704F021
:10868000F5FE04F0BAFA18B90C2003F081FCE7E714
:108690000124E5E7463A0B08F6390B084C3A0B087B
:1086A000F0B5037C04460E4617468DB05BB1837C63
:1086B0004BB1FFF7B1FF072820D14FF4807323821D
:1086C00001F096FBE060637CB3B101F091FBE368DD
:1086D000C01A43F6972398420ED901F089FB3A4617
:1086E00031462046FFF702FE07281CBF4FF0FF333C
:1086F000A36001F07DFB60610DB0F0BDA57C013D84
:10870000EDB2A574002DDED10E49684602F093F853
:108710000D4904A802F08FF80C4908A802F08BF864
:10872000694608AB04AA5320FCF7C2F908A802F076
:1087300038F804A802F035F8684602F032F82574DB
:10874000C1E700BF663A0B08F6390B086C3A0B0814
:1087500010B50446F8F786FF234643F8040B184685
:1087600000F0CAFD04F11400FFF784FD04F12C00B1
:10877000FFF7A8FC04F1440000F0BAFE002300213A
:1087800084F8E630C4F8F83084F8813004F18002CF
:1087900004F1580343F8041B9342FBD1002104F178
:1087A000820304F1E60223F8021B9342FBD10C235F
:1087B000204684F8EC3010BD38B5074C236843B927
:1087C0004FF48070F7F769FC054608B1FFF7C0FF6A
:1087D0002560206838BD00BF44030020002370B529
:1087E00086B004938B6804460E4602AD33B1022274
:1087F00028469847F3680593B36804936A4695E85A
:10880000030004F1F00382E8030093E8030085E825
:10881000030092E8030083E80300049AD4F8F830D8
:10882000D4F8FC10C4F8F820059A04930591C4F814
:10883000FC201BB1032229462846984706B070BD8C
:108840000123002030B531F8134031F810509AB2AE
:108850000133A54238BF1046052BF4D130BD0000CE
:1088600070B5044694F8813008460133DBB20A2B18
:1088700008BF002384F8813094F8816005F0EAFD98
:10888000B50086B9E16F05F031FD4FF07C5105F080
:1088900035FEA0652C44094DA06D294605F0CCFF9E
:1088A00000B1A56570BD6619716D05F01FFD4FF033
:1088B0007C5105F023FEB065ECE700BF00002041CD
:1088C00037B590F881300446163350F823501649D6
:1088D000284605F0B1FFC8B92846144905F0ACFF99
:1088E000B0B92846124905F0A7FF002814BF0E238F
:1088F0000F2394F8EC209A4213D084F8EC308DF8D2
:108900000730D4F8F8302BB904F0E3FD0C23F0E77E
:108910000D23EEE7D4F8FC300DF1070104F1F0006F
:10892000984703B030BD00BF000048420000C84275
:108930000000484300000000B1F5AF7F084608B5CD
:1089400077DB40F21622A1F5AF7399B291420DD8B0
:10895000184605F029F93AA3D3E9002305F0B8FA3F
:1089600004F0BAFD05F04CFC80B208BD40F235536E
:10897000984210DC05F018F933A3D3E9002304F082
:10898000C5FF33A3D3E9002305F0A2FA0022464B2A
:1089900004F0BEFFE4E740F2E56398420DDC05F029
:1089A00003F92DA3D3E9002304F0B0FF00223F4BCD
:1089B00005F08EFA00223E4BEAE740F6F7139842A4
:1089C0000FDC05F0F1F826A3D3E9002304F09EFFA5
:1089D00025A3D3E9002305F07BFA25A3D3E90023DF
:1089E000D6E740F60B7398420FDC05F0DDF822A3C2
:1089F000D3E9002304F08AFF21A3D3E9002305F083
:108A000067FA21A3D3E90023C2E741F287339842F2
:108A100011DC05F0C9F81EA3D3E9002304F076FFAA
:108A20001DA3D3E9002305F053FA1DA3D3E90023C6
:108A3000AEE7002099E74FF4FA7096E7AFF30080B5
:108A40000AD7A3703D0A2540A4703D0AD7A78B40E2
:108A5000F6285C8FC2F521400000000000D694404B
:108A6000D7A3703D0A979B4085EB51B81E852F40D8
:108A70000000000000E062405C8FC2F528EEA340D9
:108A8000295C8FC2F5282A400000000000206940C0
:108A9000D7A3703D8A17AE4014AE47E17A14174051
:108AA0000000000000D072400080494000002140DA
:108AB000004059400000000008B58BB2B3F5967F26
:108AC000084604D2062190FBF1F080B208BDB1F552
:108AD000FA7F10DAA1F5967005F066F80022304BA7
:108AE00005F0CCF800222F4B04F012FF04F0F4FC48
:108AF00005F086FBE9E7B1F57A7F0BDAA1F5FA70AC
:108B000005F052F81EA3D3E9002305F0B7F80022C0
:108B1000254BE9E740F2CD4399420BDCA1F57A7091
:108B200005F042F80022214B05F0D2F916A3D3E953
:108B30000023D9E7B1F57A6F0BDAA1F6B83005F06A
:108B400033F80FA3D3E9002305F098F80022184B5F
:108B5000CAE741F2873399420CDCA1F57A6005F04F
:108B600023F80BA3D3E9002305F088F80AA3D3E97F
:108B70000023B9E74FF4FA70A8E700BFAFF3008015
:108B80009A9999999999B93F0000000000C06240F4
:108B90009A9999999999C93F0000000000C07240C4
:108BA0000000D03F00004940000059400000444010
:108BB000000069400000000008B58BB20C2B08468D
:108BC0000CD804F0F1FF32A3D3E9002305F080F9BB
:108BD00004F082FC05F014FB80B208BD232910DCF0
:108BE00004F0E2FF2CA3D3E9002304F08FFE2CA3B2
:108BF000D3E9002305F06CF900223D4B04F088FE18
:108C0000E6E737290EDC04F0CFFF27A3D3E90023E2
:108C100004F07CFE26A3D3E9002305F059F90022D5
:108C2000344BEBE796290FDC04F0BEFF22A3D3E917
:108C3000002304F06BFE22A3D3E9002305F048F9DA
:108C400021A3D3E90023D9E7FA290ADC04F0ACFF19
:108C50001FA3D3E9002304F059FE1FA3D3E9002387
:108C6000CCE7B1F5FA7F0EDC04F09EFF1CA3D3E93C
:108C7000002304F04BFE00221F4B05F029F91AA334
:108C8000D3E90023BAE74FF4FA70A6E7AFF3008008
:108C9000B81E85EB51B8CE3F3333333333332840DE
:108CA00014AE47E17A14DE3F0000000000C04140EE
:108CB0009A9999999999D93F0000000000C04B40BA
:108CC000666666666666FE3F0000000000E0624081
:108CD0000000000000D06240000000000020694059
:108CE0000000000000506F400000000000D0724003
:108CF00000804940004059400000F43F000000005F
:108D000008B58BB2362B08460BD804F04DFF26A3CE
:108D1000D3E9002305F0DCF804F0DEFB05F070FA7F
:108D200007E09A2907DCA1F1370000EBD070401072
:108D3000333080B208BDFE2904DCA1F19B00401055
:108D40006530F6E7B1F5B17F04DCA1F1FF0040101A
:108D50009730EEE7B1F5D47F0FDC6FF4B1721044B9
:108D600004F022FF12A3D3E9002305F0B1F812A307
:108D7000D3E9002304F0CCFDCEE7B1F5177F0DDA7F
:108D80006FF4D473184404F00FFF0DA3D3E900234C
:108D900005F09EF80CA3D3E90023EBE74FF4FA703B
:108DA000C8E700BFAFF3008048E17A14AE47F13F57
:108DB000666666666666E63F000000000020694061
:108DC000CDCCCCCCCCCCEC3F0000000000D072402D
:108DD00070B508460E4604F0F9FE04460D463046CE
:108DE000002105F03DFD88B13046534905F024FDD2
:108DF00060B141A3D3E900232046294605F068F875
:108E000004F06AFB05F0FCF980B270BD30464B49B6
:108E100005F012FD78B10022494B2046294604F0A6
:108E200075FD37A3D3E9002305F052F80022454B26
:108E300004F06EFDE4E73046434905F0FDFC68B1FF
:108E40000022424B2046294604F060FD2EA3D3E9C0
:108E5000002305F03DF800223D4BE9E730463D494F
:108E600005F0EAFC70B100223B4B2046294604F095
:108E70004DFD25A3D3E9002305F02AF824A3D3E967
:108E80000023D5E73046354905F0D6FC70B1002205
:108E9000334B2046294604F039FD1FA3D3E90023B4
:108EA00005F016F81EA3D3E90023C1E720461EA350
:108EB000D3E90023294605F053F970B10022294B6C
:108EC0002046294604F022FD0DA3D3E9002304F037
:108ED000FFFF17A3D3E90023AAE7204612A3D3E993
:108EE0000023294605F050F9002814BF4FF4FA700A
:108EF00000208AE7AFF300800AD7A3703D0AB73F8E
:108F00009A9999999999B93FB81E85EB51B8AE3F96
:108F10000000000000E06240333333333333C33F9B
:108F200000000000002069403333333333334940BD
:108F30000000000000D07240000090400000184186
:108F400000001240008049400000484100002340DA
:108F50000040594000007841000029400000F441E1
:108F600000002F4000803E402DE9F04F044641F2C2
:108F7000883541F28937ADF5657D043000F048FA57
:108F80006268A16804F11400FFF78AFB04F12C0069
:108F9000FFF7B6F804F1440000F0CEFAB4F91E1061
:108FA00020464B1C9BB2BB4288BF2946FFF7C4FC3E
:108FB000B4F91C10ADF82C014B1C9BB2BB4288BF0E
:108FC00029462046FFF778FD94F840504BAE70805C
:108FD000002D00F06D812046B4F93C10FFF7ECFD48
:108FE000B0802DB12046B4F93E10FFF789FE05464A
:108FF000F580656CBA49284605F03CFC00B1B84DD7
:1090000029462046FFF7E4FE314630812046FFF72F
:1090100017FC762384F85430002840F04B8133232A
:1090200084F8553036F810102046FFF719FC20461A
:10903000FFF746FC00F0DCFED4F8E830C01A42F23C
:109040001073984240F2308141F2893841F28837FA
:1090500000F0CEFEB4F91E5094F8E6306A1C92B2CD
:10906000424588BF3D4604EB4302C4F8E8000133A3
:10907000A2F88250A06884F8E63004F0A7FDCDE99C
:109080004201606804F0A2FDB4F91C60CDE944011E
:10909000731C9BB2434588BF3E4694F84030002B7A
:1090A00000F01981B4F93C70B4F93E9094F8543052
:1090B00094F855B0479394F88130163354F8230050
:1090C00004F084FD0022874B04F002FFD4F844A092
:1090D000CDE948015046824905F0CCFB08B1DFF8E4
:1090E00000A2B4F9E4200DF5B4784092B4F9E2207E
:1090F0003F92B4F9E0203E92B4F9DE203D92B4F9FB
:10910000DC203C92B4F9DA203B92B4F9D8203A92B0
:10911000B4F9D6203992B4F9D4203892B4F9D220D7
:109120003792B4F9D0203692B4F9CE203592B4F902
:10913000CC203492B4F9CA203392B4F9C8203292C8
:10914000B4F9C6203192B4F9C4203092B4F9C220E7
:109150002F92B4F9C0202E92B4F9BE202D92B4F90A
:10916000BC202C92B4F9BA202B92B4F9B8202A92E0
:10917000B4F9B6202992B4F9B4202892B4F9B220F7
:109180002792B4F9B0202692B4F9AE202592B4F912
:10919000AC202492B4F9AA202392B4F9A8202292F8
:1091A000B4F9A6202192B4F9A4202092B4F9A22007
:1091B0001F92B4F9A0201E92B4F99E201D92B4F91A
:1091C0009C201C92B4F99A201B92B4F998201A9210
:1091D000B4F996201992B4F994201892B4F9922017
:1091E0001792B4F990201692B4F98E201592B4F922
:1091F0008C201492B4F98A201392B4F98820129228
:10920000B4F986201192B4F984201092B4F9822026
:109210000F922268D2E9020104F0F2FF80B20E90B0
:10922000504604F0D3FCDDE94823CDE90A23479BEF
:10923000CDE90C01CDE90793DDE9442340F2262175
:10924000CDE90223DDE942234046CDE90023CDE903
:109250000567254ACDF824B0049501F097F994F8F4
:10926000E6302249322B08BF00234EA808BF84F8FD
:10927000E63001F0E0FA1D4952A801F0DCFA1B4982
:1092800056A801F0D8FA56AB52AA4EA94E20CDF8F6
:109290000080FBF7A5FB56A801F083FA52A801F065
:1092A00080FA4EA801F07DFA0DF5657DBDE8F08FDE
:1092B000284695E6012801D13423B1E6022801D1E0
:1092C0003523ADE6032801D13623A9E604287FF42F
:1092D000A9AE3923A4E64FF0FF37B946E6E600BF52
:1092E0000000484200002440873A0B08E6370B088C
:1092F0000368C9B29B681847044A026042600122B1
:109300000281032282720022C2607047000080BF87
:1093100038B5044604F0AAF8402103F067FC04F0D5
:10932000A5F80021FFF7E4FF04F0A0F803F065FCC6
:10933000002840D1192002F02BFE04F097F80422F7
:10934000402103F04CFCC0B2042836D104F08EF862
:1093500003685B699847054604F088F803685B6911
:10936000984740EA052080B205F070F84FF05E5152
:1093700005F0C4F8124905F0C1F8124904F0B4FF31
:10938000606004F073F803685B699847054604F071
:109390006DF803685B69984740EA052080B205F0E4
:1093A00055F84FF05E5105F0A9F8074905F0A6F809
:1093B0002060072038BD0120FCE70220FAE700BF4B
:1093C00000002543000020420000C84208B504F018
:1093D0004DF8402103F00AFC04F048F80221FFF7A1
:1093E00087FF04F043F81021FFF782FF04F03EF8F6
:1093F0000021FFF77DFF04F039F803F0FEFB20B9F0
:10940000192002F0C5FD072008BD0120FCE700007F
:1094100010B5037A04468CB0002B53D0837A002B0E
:1094200050D0FFF7D3FF07282BD14FF4807323814F
:1094300000F0DEFC2046FFF76BFF072847D0264BE5
:109440006360236000F0D4FC2449E060684601F0CA
:10945000F2F9234904A801F0EEF9224908A801F025
:10946000EAF9694608AB04AA5320FBF721FB08A8D8
:1094700001F097F904A801F094F9684601F091F918
:1094800023E0A37A013BDBB2A372DBB92372164956
:10949000684601F0D0F9124904A801F0CCF913494B
:1094A00008A801F0C8F9694608AB04AA5320FBF7E5
:1094B000FFFA08A801F075F904A801F072F96846EE
:1094C00001F06FF9637A002BB2D10CB010BD00F03F
:1094D0008FFCE060F9E700BF000080BFEC3B0B08A9
:1094E000C73B0B08F23B0B08C13B0B08D73B0B08F3
:1094F000044A026001228280032282710022C0E9B4
:1095000002227047000080BF10B504460A2003F015
:10951000E8FE04F049FB06A3D3E9002304F0AEFB08
:1095200004F08EFE2060072010BD00BFAFF3008066
:109530000000000000C8E93F10B5037904465BB1A4
:1095400083794BB100210A2003F08EFE4FF4807323
:10955000A38000F04DFCE0606379CBB100F048FCE3
:10956000E368C01A0B4B984212D900F041FC41F25B
:109570008732A368C01A904200D84BB92046FFF743
:10958000C3FF07281CBF044B236000F031FCA06020
:1095900010BD00BF1FBF0200000080BF012A0346AC
:1095A00002D1016000207047022A04BFD1E9000106
:1095B000C3E90001F6E7012310B50374836804468C
:1095C00043B1C0689847012300206374BDE8104090
:1095D00000F0F6BC00680028F5D083680BB903F0F2
:1095E00078FFC368EEE7034610B442681B68541066
:1095F00001EB6200D20748BF0A5910BC48BFD358DC
:1096000018470EB410B50023016820208DB00FAAB2
:1096100052F8044BCDE90403CDE900420392012046
:1096200004AA00F019FE0DB0BDE8104003B0704769
:109630000EB410B50023016820208DB00FAA52F897
:10964000044BCDE90403CDE9004203921E2004AA95
:1096500000F002FE0DB0BDE8104003B070470EB43C
:1096600010B50023016820208DB00FAA52F8044BDA
:10967000CDE90403CDE900420392322004AA00F0B0
:10968000EBFD0DB0BDE8104003B07047F7B50546DF
:10969000002000F043FE012805D023492348FFF7AE
:1096A000DEFF03B0F0BD85F8290005F1080000F0E9
:1096B00047FC0420F6F7F1FC044698B314201C493B
:1096C00003F003FF30B10023C0E90033C0E90233E7
:1096D000037443742060A0B1164B0222C0E9023526
:1096E0004FF400631449CDE90003144B043000F03B
:1096F000EFFB30B923681B7CA3B9012000F068FBA5
:10970000F8E700232668236066B1376837B138462A
:10971000F6F778FE1021384603F0D5FE14213046C6
:1097200003F0D1FE6C60BCE70D3C0B084803002041
:109730009D400B0887990A08303C0B08B7950A082A
:1097400047F23051084AC160026000220749C0E96F
:109750000822C0E9041206494260C1610549028538
:10976000816180F82A207047143E0B08719B0A081B
:10977000E7950A089D950A0810B50446034B40F882
:10978000103BF6F73FFE204610BD00BF143E0B080D
:1097900010B50446024B0360FFF7EEFF204610BDF4
:1097A0003C3E0B0810B50446FFF7F2FF2046382177
:1097B00003F089FE204610BD806800F0C9BB8068B8
:1097C00000F0CEBB10B504460068FFF7F8FF204656
:1097D00010BD13B504460190FFF7EEFFE36ADC8885
:1097E000A4B20CB103F1080401A8FFF7EBFF204677
:1097F00002B010BD13B504460190FFF7DDFF002352
:10980000E26A0948D380E16A84F82830083161634C
:10981000636293880549D288FFF7F3FE01A8FFF73A
:10982000D1FF012002B010BD48030020423C0B08CC
:1098300013B504460190FFF7BFFFE36A01A8DC8877
:10984000FFF7C0FF204602B010BD00002DE9F04731
:10985000994690F8293086B004460F4616469DF882
:1098600038A09DF83C8013B903689B689847394B32
:109870003846002E08BF1E4606F0DEFB0546304681
:1098800006F0DAFB05440A35AB071CBF25F00305DB
:10989000043533463A46CDE90285CDE9009A2E4992
:1098A0002E48FFF7C5FE238E083BAB4212D20024A0
:1098B000204606B0BDE8F087DB88012B47D005A81D
:1098C000FFF780FF236820469B6994F8281098478B
:1098D0000028ECD020460594FFF76EFFE36A218E46
:1098E000626B1944891AA942E6D3D21A1C491B4853
:1098F000FFF787FE636B48EA0A0883F80480DD807F
:10990000C3F80090636B394603F10808404605F040
:109910000DFE404606F090FB01303146404405F014
:1099200005FE636B1D44E36A6563DA88013292B217
:10993000DA80616BE36A208ECB1A009009490748F0
:10994000FFF75FFE012405A8FFF73CFFB0E7002406
:10995000F9E700BFE6370B08633C0B08480300201B
:10996000A43C0B08C03C0B08044608B500F11005E8
:10997000A3690BB903F0ADFD21462846E36998477A
:1099800000F0AEFAF4E708B5FFF7EEFF38B503468E
:1099900014460D46FFF7D4FE034A18461A6000220B
:1099A000DD621C865A6338BD3C3E0B0838B501F1B8
:1099B00008040546204606F03FFB013004442046DB
:1099C00006F03AFBEB6A01302044C31A13F003039C
:1099D0001CBFC3F10403C01838BD00002DE9FF47C8
:1099E00004460F460390FFF7E7FEE56AEB8805F1B2
:1099F0000806002F34D0012B3BD931462046FFF713
:109A0000D5FF064631462046FFF7D0FF8046636B00
:109A1000B4F830905B1B0193431B3A460093164900
:109A2000A0EB060A731B1548FFF7EBFD05EB0902D7
:109A3000B2EB080203D04146304605F081FA636B71
:109A40000E48A3EB0A036363EA880127013A92B246
:109A5000EA80616BE36ACB1A0949FFF7D2FD01E0A6
:109A6000002BCFD103A8FFF7ADFE384604B0BDE808
:109A7000F0870027F6E700BFED3C0B084803002005
:109A80002C3D0B082DE9F041C56A1D4F2B6804469B
:109A9000BB421FD1AB88028E9BB293421AD14FF0CA
:109AA0000008EA881749184892B2EE18FFF7A9FD96
:109AB000E36A08336363EB881FFA88F29BB2934230
:109AC000616B0FD92046FFF771FFB042606308F168
:109AD0000108F0D92F60238EAB800023EB80E36A6E
:109AE00008336363616BEA88E36A0748CB1A92B272
:109AF0000649FFF786FD2046BDE8F041FFF7C6BDE9
:109B000061AB9CD15E3D0B0848030020743D0B08FF
:109B100010B5D1E90023002186B0044604910AB9AA
:109B2000D90705D5CDE902230F4B05930F4B0493BD
:109B30006A4602AB93E8030082E8030094E803005E
:109B400083E8030092E80300049A84E80300A16814
:109B5000A260059A0491E1681846E2600591F6F763
:109B600051FC204606B010BDE7950A089D950A08ED
:109B700007B5054B69460093002310300193FFF7AA
:109B8000C7FF03B05DF804FBB99B0A0813B5044690
:109B900000F02EF9636AC01AE368984208D3054BB7
:109BA00069460093002304F110000193FFF7B0FF12
:109BB00002B010BDB99B0A082DE9F04190F82A3097
:109BC000044686B0002B40D100F090FC00283CD029
:109BD00000F00EF9636AC01A40F2F133984234D9AA
:109BE000236820465B699847054670B3012300F15E
:109BF000080784F82830384606F01EFA95F80480E5
:109C0000461CCDF804802B683E443A462649274836
:109C100000933346FFF70CFD2B68324639468DF82A
:109C2000008002A802F0FEFB029D6B7883B9012040
:109C300002F0AEF994F82830002BF5D11C491B48EE
:109C4000FFF7F6FC03A8FBF719FD06B0BDE8F081AD
:109C5000002000F053FB20B16B7813B900F036FC04
:109C6000FAE72B78012B0FD112491048FFF7E0FCDF
:109C70002368002120469B699847002384F82830F8
:109C800000F0B6F86062DDE7E2680B490748FFF7CD
:109C9000CFFC0A4B04A90493002304F110000593A0
:109CA000FFF736FFE9E700BF953D0B0848030020AA
:109CB000B63D0B08C73D0B08DE3D0B088D9B0A081F
:109CC000014B024A1A60704748030020033E0B080C
:109CD00008B5024B1B685B68019308BDB00106081C
:109CE00008B5024B1B689B68019308BDB0010608CC
:109CF00008B5024B1B68DB68019308BDB00106087C
:109D000008B5024B1B681B69019308BDB00106082A
:109D100008B5024B1B685B69019308BDB0010608DA
:109D200008B5024B1B689B69019308BDB00106088A
:109D300008B5024B1B68DB69019308BDB00106083A
:109D400008B5024B1B689B6A019308BDB001060869
:109D500008B5024B1B681B6B019308BDB0010608D8
:109D600008B5024B1B685B6E019308BDB001060885
:109D700008B5024B1B689B6E019308BDB001060835
:109D800008B5024B1B681B6F019308BDB0010608A4
:109D900008B5024B1B685B6F019308BDB001060854
:109DA00008B5024B1B689B6F019308BDB001060804
:109DB00008B5024B1B68DB6F019308BDB0010608B4
:109DC00008B5024B1B685B68019308BD9C0106083F
:109DD00008B5024B1B689B68019308BD9C010608EF
:109DE00008B5024B1B68DB68019308BD9C0106089F
:109DF00008B5024B1B685B69019308BD9C0106080E
:109E000008B5024B1B689B6A019308BD9C010608BC
:109E100008B5024B1B68DB6A019308BD9C0106086C
:109E200008B5024B1B681B6B019308BD9C0106081B
:109E300008B5024B1B685B6C019308BD9C010608CA
:109E400008B5024B1B689B6C019308BD9C0106087A
:109E500008B5024B1B68DB6C019308BD9C0106082A
:109E600008B5024B1B689B6D019308BD9C01060859
:109E700008B5024B1B68DB6D019308BD9C01060809
:109E800008B5024B1B685B6E019308BD9C01060878
:109E900008B5024B1B689B6E019308BD9C01060828
:109EA00008B5024B1B689B6D019308BDB8010608FD
:109EB00008B5024B1B685B6E019308BDB80106082C
:109EC00008B5024B1B68DB6E019308BDB80106089C
:109ED00008B5024B1B685B68019308BDD0010608FA
:109EE00008B5024B1B68DB68019308BDD00106086A
:109EF00008B5024B1B68DB69019308BDD001060859
:109F000008B5024B1B681B6A019308BDD001060807
:109F100008B5024B1B685B6A019308BDD0010608B7
:109F200008B5024B1B689B6A019308BDD001060867
:109F300008B5024B1B68DB6A019308BDD001060817
:109F400008B5024B1B681B6B019308BDD0010608C6
:109F500008B5024B1B689B6B019308BDD001060836
:109F600008B5024B1B681B6C019308BDD0010608A5
:109F700008B5024B1B685B6C019308BDD001060855
:109F800008B5024B1B689B6C019308BDD001060805
:109F900008B5024B1B68DB6C019308BDD0010608B5
:109FA00008B5024B1B685B6D019308BDD001060824
:109FB00008B5024B1B689B6D019308BDD0010608D4
:109FC00008B5024B1B68DB6E019308BDD001060883
:109FD00008B5024B1B681B6F019308BDD001060832
:109FE00008B5024B1B689B69019308BDC4010608B4
:109FF00008B5024B1B681B6A019308BDC401060823
:10A0000008B5024B1B685B6A019308BDC4010608D2
:10A0100008B5024B1B689B6A019308BDC401060882
:10A0200008B5024B1B68DB6A019308BDC401060832
:10A0300008B5024B1B681B6B019308BDC4010608E1
:10A0400008B5024B1B685B6B019308BDC401060891
:10A0500008B5024B1B689B6B019308BDC401060841
:10A0600008B5024B1B681B6C019308BDC4010608B0
:10A0700008B5024B1B68DB6C019308BDC4010608E0
:10A0800008B5024B1B68DB6C019308BDAC010608E8
:10A0900008B5024B1B689B6D019308BDAC01060817
:10A0A00008B5024B1B68DB6D019308BDAC010608C7
:10A0B00008B5024B1B681B6E019308BDAC01060876
:10A0C00008B5024B1B685B6E019308BDAC01060826
:10A0D00008B5024B1B689B6E019308BDAC010608D6
:10A0E00008B5024B1B68DB6E019308BDAC01060886
:10A0F00008B5024B1B681B6F019308BDAC01060835
:10A1000008B5024B1B685B6F019308BDAC010608E4
:10A1100008B5034B1B68D3F88030019308BD0000DD
:10A12000AC01060808B5034B1B68D3F890300193C7
:10A1300008BD0000AC01060808B5024B1B68DB69CE
:10A14000019308BDB401060808B5024B1B681B6AE1
:10A15000019308BDB401060808B5024B1B681B68D3
:10A16000019308BDD801060808B5024B1B685B685F
:10A17000019308BDD801060808B5024B1B689B680F
:10A18000019308BDD801060808B5024B1B681B697E
:10A19000019308BDD801060808B5024B1B685B692E
:10A1A000019308BDD801060808B5024B1B689B69DE
:10A1B000019308BDD801060808B5024B1B68DB698E
:10A1C000019308BDD801060808B5024B1B681B6A3D
:10A1D000019308BDD801060808B5024B1B689B6CAB
:10A1E000019308BDC001060808B5024B1B681B6E31
:10A1F000019308BDC001060808B5024B1B685B68E7
:10A20000019308BDA801020808B5024B1B689B68B2
:10A21000019308BDA801020808B5024B1B68DB6862
:10A22000019308BDA801020808B5024B1B689B6991
:10A23000019308BDA801020808B5024B1B68DB6941
:10A24000019308BDA801020808B5024B1B685B6BAF
:10A25000019308BDA801020808B5024B1B685B6D9D
:10A26000019308BDA801020808B5024B1B68DB6E0C
:10A27000019308BDA801020808B5024B1B681B6FBB
:10A28000019308BDA801020808B5034B1B68D3F869
:10A290008030019308BD0000A801020808B5024BF8
:10A2A0001B681B68019308BDA401060808B5024B92
:10A2B0001B685B68019308BDA401060808B5024B42
:10A2C0001B685B69019308BDA401060808B5024B31
:10A2D0001B681B6A019308BDA401060808B5024B60
:10A2E0001B68DB6A019308BDA401060808B5024B90
:10A2F0001B689B6B019308BDA401060808B5024BBF
:10A300001B68DB6C019308BDA401060808B5024B6D
:10A310001B685B6D019308BDA401060808B5024BDC
:10A320001B689B6D019308BDA401060808B5024B8C
:10A330001B68DB6D019308BDA401060808B5024B3C
:10A340001B689B6F019308BDA401060808B5024B6A
:10A350001B68DB6F019308BDA401060808B5034B19
:10A360001B68D3F88430019308BD0000A4010608DF
:10A3700008B5034B1B68D3F89030019308BD00006B
:10A38000A401060808B5034B1B68D3F89C30019361
:10A3900008BD0000A401060808B5034B1B68D3F8EC
:10A3A000B430019308BD0000A401060808B5024BB3
:10A3B0001B681B68019308BDC801060808B5024B5D
:10A3C0001B685B68019308BDC801060808B5024B0D
:10A3D0001B689B68019308BDC801060808B5024BBD
:10A3E0001B68DB68019308BDC801060808B5024B6D
:10A3F0001B681B69019308BDC801060808B5024B1C
:10A400001B685B69019308BDC801060808B5024BCB
:10A410001B689B69019308BDC801060808B5024B7B
:10A420001B68DB69019308BDC801060808B5024B2B
:10A430001B681B6A019308BDC801060808B5024BDA
:10A440001B685B6A019308BDC801060808B5024B8A
:10A450001B689B6A019308BDC801060808B5024B3A
:10A460001B68DB6A019308BDC801060808B5024BEA
:10A470001B681B6B019308BDC801060808B5024B99
:10A480001B685B6B019308BDC801060808B5024B49
:10A490001B681B6C019308BDC801060808B5024B78
:10A4A0001B685B6C019308BDC801060808B5024B28
:10A4B0001B681B68019308BDCC01060808B5024B58
:10A4C0001B685B68019308BDCC01060808B5024B08
:10A4D0001B689B68019308BDCC01060808B5024BB8
:10A4E0001B68DB68019308BDCC01060808B5024B68
:10A4F0001B685B69019308BDCC01060808B5024BD7
:10A500001B681B6A019308BDCC01060808B5024B05
:10A510001B681B6B019308BDCC01060808B5024BF4
:10A520001B68DB6B019308BDCC01060808B5024B24
:10A530001B685B6C019308BDCC01060808B5024B93
:10A540001B681B68019308BDA001060808B5024BF3
:10A550001B685B68019308BDA001060808B5024BA3
:10A560001B689B68019308BDA001060808B5024B53
:10A570001B681B69019308BDA001060808B5024BC2
:10A580001B689B69019308BDA001060808B5024B32
:10A590001B68DB69019308BDA001060808B5024BE2
:10A5A0001B681B6A019308BDA001060808B5024B91
:10A5B0001B685B6A019308BDA001060808B5024B41
:10A5C0001B68DB6A019308BDA001060808B5024BB1
:10A5D0001B681B6B019308BDA001060808B5024B60
:10A5E0001B68DB6B019308BDA001060808B5024B90
:10A5F0001B685B6C019308BDA001060802460B684E
:10A6000008469B681146184770B50E4C002504603B
:10A610001C24C0E901459DF814409DF8106004F029
:10A62000030444EA8604E4B204744274857441610C
:10A63000427CC5600F2A0ABF034B0383C0E9063082
:10A6400070BD00BFD0300B08FDA50A080F2B08BF56
:10A65000012300EBC1018B72BDF800304A600B8111
:10A66000704770B5002604460D4640F8086FFFF7A6
:10A670007FFC28462570FFF75FFD2046666070BDB1
:10A6800007B50B4600210246009101208C21FFF7FF
:10A6900083FE03B05DF804FB01460020FFF7F0BF26
:10A6A0000020FFF7F9BF07B50022034611460092CC
:10A6B0000320FFF771FE03B05DF804FB02220020C7
:10A6C00010B5084B084C1A60084B2060A080A071A0
:10A6D000A360FFF7EBFD2046BDE81040044A0549A2
:10A6E00002F0ECBE580300204C0300200000FFFFE6
:10A6F0005002002089030A0810B5044605F09CFCAE
:10A70000431E20462344834206D90278197800F874
:10A71000011B03F80129F6E710BD70B50C46911E28
:10A72000222922D8254668B1B0FBF2F602FB1600BA
:10A73000C1B2092894BF30315731C9B2304605F84B
:10A74000011BF0E72A4630212344934202D902F844
:10A75000011BFAE75A1BAB4238BF002200232046F8
:10A76000AB54FFF7C9FF204670BD0020FCE738B5A9
:10A77000031E0C4615460DDA2D22B3F1004F0CBF17
:10A780001846584201230A702A461944FFF7C5FFAC
:10A79000204638BD0123F9E708B50123FFF7BDFFC7
:10A7A00008BD10B504460068FFF7D0FE204610BD76
:10A7B00010B50446006808B1FFF7C8FE0023C4E9DD
:10A7C0000133236010BD38B504460D4600680131E1
:10A7D000FFF7C4FE10B1C4E90005012038BD10B573
:10A7E0000368044623B143688B4201D3012010BDA6
:10A7F0002046FFF7E8FF0028F9D0A368002BF5D129
:10A8000022681370F2E770B50E46114604461546ED
:10A81000FFF7E5FF20B92046FFF7CAFF204670BDCD
:10A820002A4631462068A56004F07CFB002122689E
:10A83000A368D154F2E738B5002304460D46C0E9B9
:10A8400000338360037339B1084605F0F5FB2946F0
:10A8500002462046FFF7D7FF204638BD38B50546EB
:10A8600000680C4668B16A688B689A4207D3096829
:10A8700004F05CFEA368AB600023A36038BDFFF763
:10A8800065FE23682B6063686B60A368AB60002380
:10A89000C4E90033F1E7002310B50446C0E90033F2
:10A8A00083600373FFF7DAFF204610BD884210B5BE
:10A8B0000B46044604D0096821B19A68FFF7A3FF4C
:10A8C000204610BDFFF774FFFAE7002310B50446D9
:10A8D000C0E9003383600373FFF7E8FF204610BD33
:10A8E000884210B5044601D0FFF7B8FF204610BDDE
:10A8F00038B505460C4649B1084605F09DFB214692
:10A9000002462846FFF77FFF284638BDFFF750FF75
:10A91000FAE71FB5044600230846C4E90033A360E4
:10A92000237301A9FFF738FF204601A9FFF7E0FFD5
:10A93000204604B010BD10B5002304468AB0C4E917
:10A940000033A3602373084601A9FFF710FF2046D8
:10A9500001A9FFF7CDFF20460AB010BD70B505462E
:10A960000E4609B9002070BD6AB1846814442146BE
:10A97000FFF735FF0028F5D02868AB68314618444A
:10A9800004F0D4FDAC600120EDE78A680968FFF7A8
:10A99000E5BF38B505460C46084641B105F04CFB0D
:10A9A000214602462846BDE83840FFF7D7BF38BDEC
:10A9B00010B58A6809680446FFF7D0FF10B9204631
:10A9C000FFF7F6FE204610BD38B504460D4621B906
:10A9D0002046FFF7EDFE204638BD084605F02CFB6B
:10A9E000294602462046FFF7B9FF0028F0D0F2E7DB
:10A9F000024600680B46096858B141B9916851B1E7
:10AA000000787047986838B109784842704704F078
:10AA100083BD0029F6D10846704708B582688B6867
:10AA20009A4205D1FFF7E4FFB0FA80F0400908BD73
:10AA30000020FCE708B582683AB921B10878B0FA7D
:10AA400080F0400900E0012008BD006809B90078E5
:10AA5000F5E704F061FDF2E783688B4203D90068F3
:10AA600010B1405C704700207047FFF7F5BF58B544
:10AA70000E462AB121B18468A34202D300230B7091
:10AA800058BDE41A013A944228BF14460168224690
:10AA90001944304605F0EAFA00233355F0E7000088
:10AAA000F8B51D469A4288BF13460F46144688BF24
:10AAB0002C460B4988BF1D460646FFF7BCFEBA6808
:10AAC000A2420AD33968AA4294BFC4EB0202C4EB83
:10AAD000050230462144FFF796FE3046F8BD00BF20
:10AAE000E6370B0838B50446A36808468B4211D9EF
:10AAF00082B111448B4238BF1A1A2568991A13186B
:10AB0000A1600A1AE918284404F01AFA0021226800
:10AB1000A368D154204638BD006808B104F0F1B8EC
:10AB2000704708B5006820B104F0E8F803F088FB2E
:10AB300008BD0020FCE7F8B506460D4600248F1836
:10AB4000BD420CD0336830469B6815F8011B98470E
:10AB5000031E01DB1C44F3E7002C08BF1C46204603
:10AB6000F8BD70B505460C46084649B105F064FAD3
:10AB70002B68024621462846BDE87040DB6818472E
:10AB800070BD03689B68184738B50D210546FFF76F
:10AB9000F8FF0A2104462846FFF7F3FF204438BD9A
:10ABA0000023012A98BF0A2230B58BB00C468DF8DD
:10ABB000243009A92546B4FBF2F404FB1253DBB29E
:10ABC000092B94BF30333733DBB2AA4201F8013D81
:10ABD000F0D9FFF7C6FF0BB030BD2DE9F04186B0CC
:10ABE00000AF05460E46381D142114463B60FFF7A2
:10ABF000DDFC13280ED82846391DFFF7B2FF0446A6
:10AC00001EB12846FFF7C0FF044420461837BD4652
:10AC1000BDE8F08100F1080323F00703E846ADEB3F
:10AC2000030D2246411C3B686846FFF7BFFC69469E
:10AC30002846FFF796FF0446C546E1E780680368AB
:10AC4000DB6818477047084611B10B685B68184706
:10AC5000704770477047704738B504460D46006826
:10AC60002E2104F04FFC23680246C01A286020B150
:10AC7000137803B101322068226038BD10B5044654
:10AC80000C2102F020FC204610BD10B50446042122
:10AC900002F019FC204610BD10B50446042102F054
:10ACA00012FC204610BD08B504F036FCB0FA80F066
:10ACB000400908BD10B50C4601F0EEFD844205D1F7
:10ACC00001F0EAFDBDE8104001F0DABD01F014FE2C
:10ACD000844202D101F010FEF4E701F0BDFE84428F
:10ACE00005D101F0B9FEBDE8104001F0B2BE2CB1B3
:10ACF00023682046BDE810405B68184710BD38B592
:10AD0000054608460C4605F097F9214602462846B6
:10AD1000BDE8384002F033BA70B5044608460D4627
:10AD200005F08AF92368024629462046BDE87040AE
:10AD3000DB68184707B503688DF807100122DB6848
:10AD40000DF10701984703B05DF804FB0EB403B59D
:10AD500003AB53F8042B0021006A0193FFF73DFF7A
:10AD600002B05DF804EB03B0704700002DE9F74F27
:10AD70004FF01408D0E9009517464C4608FB05F53E
:10AD80000093AB10174D5D43002D23DD6E1008FBC3
:10AD900006F004EB000ABAF804B03A465F4528BF53
:10ADA0005A462058019105F04FF90123019978B9CD
:10ADB0005F4503D1009A13703546E5E78CBF01204B
:10ADC00000200028F8D0AE1B0AF11404013EF3E77E
:10ADD000C00FF6E7A4EB09040248A410604303B0D7
:10ADE000BDE8F08FCDCCCCCC7FB50369067E019158
:10ADF00003B3F9B1002500F10C04039503A901A8E0
:10AE0000FFF72AFF0146A8B10DF10B032046039A74
:10AE10008DF80B50FFF7AAFF9DF80B3053B11423A8
:10AE2000246803FB0044B4F906300834002BA8BFA3
:10AE3000DEB2E3E7304604B070BD000010B50A4C46
:10AE40002378BFF35B8FDB070BD42046F5F738F987
:10AE500038B12046F5F739F9044A0549054802F0AA
:10AE60002DFB044810BD00BF6003002050020020ED
:10AE700055AC0A080000002010B50A4C2378BFF337
:10AE80005B8FDB070BD42046F5F71AF938B1204663
:10AE9000F5F71BF9044A0549054802F00FFB044881
:10AEA00010BD00BF640300205002002053AC0A080C
:10AEB0000400002038B500250446C0E90055C0E96B
:10AEC00004558560856140F8245FFFF751F8FFF76E
:10AED000B5FFE061FFF7D0FF25732062204638BD43
:10AEE00010B50B4C2378BFF35B8FDB070ED42046E5
:10AEF000F5F7E6F850B10748FFF7DCFF2046F5F715
:10AF0000E4F8054A0549034802F0D8FA014810BDA3
:10AF10005C0300206C03002050020020A3B30A0849
:10AF20000023024A02490348FFF7A6B981B20A0882
:10AF30000DB20A088DB10A0800231A4619461846B0
:10AF4000FFF79AB90B68036013B15A6801325A606F
:10AF5000704737B504460D6951F8043B01A80093CA
:10AF6000FFF7F0FF6A462946204601F0B3FF01A82B
:10AF7000FAF784FB204603B030BD37B504468D6830
:10AF800051F8043B01A80093FFF7DCFF6A4629460D
:10AF9000204602F01BF801A8FAF770FB204603B028
:10AFA00030BD37B50446CD6851F8043B01A8009385
:10AFB000FFF7C8FF6A462946204601F0E3FF01A8D3
:10AFC000FAF75CFB204603B030BD000070B58AB0D4
:10AFD0000D46014604A8FFF7D0FF144E04A802F066
:10AFE0000DF8E8B1684604A9FFF7DBFF3146029887
:10AFF000FFF759FE044610B12C1E18BF012401A80A
:10B00000FAF73CFB002CE9D0684604A9FFF7A1FF42
:10B01000684601F096FF286001A8FAF72FFBDDE7EC
:10B0200005A8FAF72BFB0AB070BD00BF5C3E0B0809
:10B0300037B50C4619492046154604F06DFA48B953
:10B0400001F02AFC4FF4165101F016FC01F024FC2B
:10B0500003B030BD2046124904F05EFA40B901F059
:10B060004BFC4FF4165101F007FC01F045FCEFE7F3
:10B0700020460C4904F050FA70B94FF4165301A958
:10B0800028460193FFF7A2FF01F0E6FC019901F0C9
:10B09000DDFC01F0E1FCDBE70020D9E7613E0B08B5
:10B0A000683E0B086B3E0B0870B51426D0E90053C0
:10B0B000044606FB0356AE4205D005F10800FFF733
:10B0C000F3FF1435F7E72068FFF740FA204670BD1C
:10B0D00070B50446D0E9005305EB0316AE4204D028
:10B0E0002846FFF75EFB1035F8E72068FFF72EFAD9
:10B0F000204670BD10B504460C30FFF7D5FF204642
:10B10000FFF7E6FF204610BD10B50446034B40F89C
:10B11000043BFFF7EFFF204610BD00BF34300B08A3
:10B1200010B50446FFF7F0FF2046242102F0CBF9CA
:10B13000204610BD10B50446024B0360FFF7E4FF44
:10B14000204610BDFC3E0B0810B50446FFF7F2FF89
:10B150002046242102F0B7F9204610BD0022C0E9A4
:10B160000022826010B50C680A6004604C684A6076
:10B1700044608C688A60846010BD10B50446036822
:10B180001868FEF70DFF204610BD00002DE9F04FB6
:10B1900087B003931C4B80465B688946C3F3080362
:10B1A00016466BB9FFF79CFE044600F12403406A83
:10B1B0000593FEF7EDFE237B2BB105A8FFF7DDFF1E
:10B1C00007B0BDE8F08F01235FFA89F92373D4E952
:10B1D000005305EB830AAA4512D055F8047B31468B
:10B1E000381DFFF701FE8145F5D3039A3B680092B5
:10B1F000D3F808B04A46334641463846D847EAE7CE
:10B2000000232373D9E700BF00ED00E02DE9F74FDD
:10B210009B461A4B80465B688946C3F30803164673
:10B220006BB9FFF75DFE044600F12403406A019309
:10B23000FEF7AEFE237B2BB101A8FFF79EFF03B004
:10B24000BDE8F08F0123F6B22373D4E9005305EB78
:10B25000830A55450ED055F8047B5946381DFFF733
:10B26000C3FD8642F5D33B684A4641463846DB6813
:10B270009847EEE700232373DEE700BF00ED00E010
:10B280002DE9F341164B05465B680F46C3F30803EF
:10B290001BBBFFF725FE044600F12403406A01931F
:10B2A000FEF776FED4E90063462406EB8308B0453A
:10B2B00009D101A8FFF761FFA542B4BF002001201A
:10B2C00002B0BDE8F08156F8040B39460430FFF7B0
:10B2D0008BFD8442A8BF0446E9E70020F0E700BFE9
:10B2E00000ED00E00B4670B5044605C800EB820295
:10B2F000824207D001461D6851F8046BAE4203D06C
:10B300000846F5E7002070BD521A03F019FE636885
:10B310000120013B6360F6E71FB5044600F12403FA
:10B32000406A01910393FEF733FE204601A9FFF71F
:10B33000D9FF18B163680BB9FFF7FEFD03A8FFF74B
:10B340001CFF04B010BD182370B50446D0E90456A4
:10B3500003FB0656AE4215D0204605F11001FFF75B
:10B36000C1FF63680BB9FFF7E7FDE069296903686E
:10B37000DB689847696919B1206A0368DB689847F8
:10B380001835E7E71826D4E9045306FB0356AE4206
:10B3900004D02846FFF705FA1835F8E70023636163
:10B3A00070BD73B50446FFF7C7FD04F12403606A5E
:10B3B0000193FEF7EDFD2046FFF7C5FF01A8FFF75B
:10B3C000DCFE606A08B1FEF7DBFDD4E90453182601
:10B3D00006FB0356AE4204D02846FFF7E2F91835C3
:10B3E000F8E72069FFF7B2F82068FFF7AFF82046CA
:10B3F00002B070BD8842F8B506460C46154627D9FE
:10B40000904226D20026A2F114056C1AA1F114076D
:10B410000444AF423DD0A4B12B682360AB88A38025
:10B42000B5F90630C4E902662661E380AB68A36023
:10B43000AE60E368EA68E260EB6023692A69226132
:10B440002B6105F10800FFF72FFE143D143CE0E7E7
:10B450001FD00027AC421CD0A6B123683360A3885C
:10B46000B380B4F90630C6E902773761F380A36888
:10B47000B360A760F368E268F260E3603369226951
:10B480003261236104F10800FFF70EFE1434143614
:10B49000E0E7F8BDF8B5D0E901539D4204460E46F9
:10B4A00017460DDB0135002D006804DDA900FFF70C
:10B4B00055F818B9F8BDFFF749F800202060A560DD
:10B4C0002568626805EB86019200A2EB8602081DE2
:10B4D00003F036FD45F82670636801200133636090
:10B4E000E8E737B5044600F12403406A0D460193AE
:10B4F000FEF74EFDD4E9003103EB810083421A468A
:10B500000AD012680433AA42F8D101A8FFF735FE29
:10B510000025284603B030BD2A462046FFF7BAFF73
:10B5200005460028F1D06368012B01D1FFF7F8FC34
:10B5300001A8FFF722FEECE78842F8B504460D4665
:10B54000164614D9904213D2A2F11006751AA1F131
:10B5500010072C44B74218D01CB131462046FFF7E3
:10B560009AF93046FFF71DF9103E103CF2E70CD077
:10B57000B5420AD01CB129462046FFF78CF928466F
:10B58000FFF70FF910351034F2E7F8BD70B50E1E55
:10B59000054611DD3001FEF7D1FF044658B1D5E96B
:10B5A000001201EB0212FFF7C7FF2868FEF7CEFF7B
:10B5B00001202C60AE6070BD0024F6E72DE9F04F4D
:10B5C00091460023462297B00391D9F8041004460F
:10B5D0009942C0E90033C0E90233C0E90433CDE940
:10B5E0000A3302760C9323DCD9E90057142303FBBA
:10B5F0000757AF423BD029460DA8FFF74CF90DA9DC
:10B6000011A80B9EFFF747F9DDE90B1399421BDAEE
:10B610000A9B0B9A03EB0616314603EB021206F166
:10B620001000FFF789FFEEB90B9B01330B9311E07C
:10B630000AA8FFF7ABFF0028D6D10AA8FFF748FDFC
:10B64000204617B0BDE8F08F01310AA8FFF79EFF32
:10B650000028DDD111A8FFF7A4F80DA8FFF7A1F885
:10B660001435C6E7304611A9FFF715F9DCE70026C7
:10B670004FF0140A3746CDE90D660F96DDE90A232F
:10B680009E4280F297803301D35808930BB901365C
:10B69000F4E70AFB06F3099702930DAD09A908A880
:10B6A000FFF7DAFA83460028F1D00146099A2846C6
:10B6B0000DF11F038DF81F70FFF758FB9DF81F80D9
:10B6C0000190B8F1000F66D1BDF82430CDE91388A0
:10B6D000ADF848304FF6FF73CDF844B0ADF84A30BE
:10B6E000CDF85480D5E9013293421ADB03F1010B06
:10B6F000BBF1000F4ADD0AFB0BF0FEF71FFF0490C1
:10B70000002845D0D5E900120AFB0212FFF772FEAD
:10B71000049B28680493FEF719FF049BC5F808B042
:10B720002B60019BD5F800B00AFB03F36A680BEBB2
:10B73000030101F114000AFB02B204910593FFF723
:10B7400059FE0499A9B1119A059B4BF80320BDF845
:10B7500048308B80BDF94A30C1E902770F61CB8058
:10B76000139B8B60149B1397CB60159B14970B61F5
:10B7700015976B6801336B6013A8FFF795FCB8F160
:10B78000000F08D00DA8FFF78FFC56E74346C0E72F
:10B790004FF00108F0E7019B2D680AFB0355089B59
:10B7A0001B782BB9D9F80030029A13441B7CEB802C
:10B7B000083573E72168226062686360A3680B92B2
:10B7C0000C9A0C93E368A2600D9A0D932369E260D2
:10B7D0000E9A0E93636922610F9A0F93039B0A914D
:10B7E00062612376CEE700007FB505460E4604462B
:10B7F000084B114645F8043B01A8F5F71CF8314603
:10B8000001AA2846FFF7DAFE01A8F4F7BBFF20469D
:10B8100004B070BD34300B08F0B50F4687B0384621
:10B82000254916461D460C9C03F076FE00BBE4B18C
:10B8300029466846FFF792FC2420204901F045FE86
:10B84000054670B1694603A8F4F7F5FF314603AA2F
:10B850002846FFF7C9FF03A8F4F794FF184B2C62A2
:10B860002B606846F4F78EFF2C46204607B0F0BDEB
:10B870003846144903F050FEE0B9002CF5D02946B3
:10B880006846FFF76BFC24200C4901F01EFE0546BC
:10B890000028E6D0694603A8F4F7CDFF314603AA95
:10B8A0002846FFF7A1FF03A8F4F76CFF064B2C62B4
:10B8B0002B60D6E70024D8E7733E0B089D400B08A9
:10B8C000FC3E0B08773E0B08E43E0B08014B024A96
:10B8D0001A6070476803002019300B082DE9F04703
:10B8E000089DD0F8209004460E461746984600F072
:10B8F000D3FF81454DD02B79190704D520466A69BD
:10B900005449FFF723FAB8F1000F0DD05B21204610
:10B91000FFF710FA41462046FFF7FEF9236802229E
:10B920002046DB684C4998472B79DA0724D5D5F8AF
:10B9300008802F21404604F059FF08B100F10108AA
:10B9400041462046FFF7E8F92B799B0708D53A21B5
:10B950002046FFF7EFF92046EA684049FFF7F6F97D
:10B960002A79236812F0040F20464FF00202DB68A8
:10B9700014BF3B493B4998472B7958071DD5296986
:10B980000B461A4613F8010B60B1202808D119465E
:10B99000F7E7354801F0E3F90028ACD0BDE8F087BF
:10B9A0002828EED12368521A2046DB68984723687E
:10B9B00004222046DB682D49984700213846FEF7CF
:10B9C00053FC01462046FFF7A7F9236802222046D0
:10B9D000DB68244998471EB131462046FFF79CF9A1
:10B9E0002B7913F0300F2CD023682149DB68022219
:10B9F000204698472B79D9060AD523680722204686
:10BA00001C49DB6898472046AA691B49FFF79EF945
:10BA10002B799A0611D5DB0605D52368022220462C
:10BA2000DB680F4998472368204614490A22DB68DF
:10BA300098472046E969FFF76FF95D212046FFF737
:10BA400079F923682046BDE8F0470222DB680C49FB
:10BA5000184700BF883E0B088F3E0B083C420B087E
:10BA6000923E0B08973E0B0848040020953E0B08B9
:10BA70009A3E0B089D3E0B08A53E0B08A83E0B08FE
:10BA8000B33E0B082DE9F04385B0D0F82090054671
:10BA90000F4690461E460C9C00F0FEFE814505D1E7
:10BAA000494801F05CF9002840F08A804FF0000915
:10BAB0002B6A464A01A8019203938DF8089001F081
:10BAC000C6FA49464046FEF7CFFB80464049012270
:10BAD00001A801F045FB4146FFF711F93FB13D498F
:10BAE000012201A801F03CFB3946FFF708F93EB1FD
:10BAF0003949012201A801F033FB3146FFF7FFF875
:10BB00002379DF070ED5A6682F21304604F06EFE9C
:10BB100000B1461C3149012201A801F021FB314648
:10BB2000FFF7EDF823799E0707D52D49022201A8DA
:10BB300001F016FBE16801F097FA2379580714D554
:10BB4000266933461F4613F8012B2AB1202A01D15A
:10BB50001E46F7E7282AF5D10222224901A801F062
:10BB6000FFFA3146BA1B01F00AFB2379190707D502
:10BB70001D49012201A801F0F3FA616901F086FA7A
:10BB80002379DA0608D5042218490DEB020001F0EA
:10BB9000E7FAA16901F068FA23799B0607D51449F1
:10BBA000062201A801F0DCFAE169FFF7A8F801A874
:10BBB00001F037FA286A022203680E49DB689847C9
:10BBC00005B0BDE8F08300BF48040020CC3E0B0860
:10BBD000663E0B0808380B08FE420B0826310B089E
:10BBE000B63E0B08B93E0B086C430B08A8360B0891
:10BBF000BC3E0B08B33E0B082DE9F041154ADFF8B7
:10BC00006080D2E90032C01842EB0101124A8CB0C8
:10BC1000D2E90032C61841EB0207D8E90023BB4243
:10BC200008BFB24213D003A96846CDE9006703F00C
:10BC300083F8089B094D03F26C7303AC08930FCC97
:10BC40000FC50FCC0FC5C8E9006723682B600CB087
:10BC5000BDE8F081C8030020C00300209C03002041
:10BC6000D003002008B50020FEF750FC28B1FEF7F5
:10BC70003DFC80F00100C0B208BD0120FCE70000DF
:10BC800008B5FFF7B9FF024B1869013008BD00BFC6
:10BC90009C03002010B50A49044602F0CDFD68B9A6
:10BCA0002046084902F0E6FD40B90749204602F067
:10BCB00025FC02F047FE054BC3E9000110BD00BFA3
:10BCC000000040C10000604100006145C803002041
:10BCD0001FB502460B4600216846CDE90023CDE999
:10BCE0000211FEF7D5F8024610B90146FEF71EFB19
:10BCF00005B05DF804FB000030B50446184893B069
:10BD0000D0E90010521840EB030316480025D0E993
:10BD10000010521840EB0303CDE900232422002138
:10BD20000DEB020003F026F909A9684603F004F8B8
:10BD30001622294603A8029503F01CF902A909A8B6
:10BD400002F0B6FF02A804F077F912AB184400F82D
:10BD5000415C02A92046FEF76EFD204613B030BDBF
:10BD6000C8030020C00300202DE9F04FA5B007460E
:10BD7000884614A811463F221D4604F077F9002397
:10BD800014A88DF88F3004F057F904465DBB2A499A
:10BD900003A803F0CBFB002514AE04F1FF3BAB4539
:10BDA00036D9B14619F8013B05F1010A252B17D107
:10BDB00073787A2B14D103A804F03EF9044614AB2F
:10BDC00028181844ABEB0502B11C03F0ABF822466F
:10BDD00003A9304603F0A6F814A804F02DF9044690
:10BDE0004E465546D9E73C2195FBF1F3002BB8BFF1
:10BDF0005B42B3FBF1F201FB123300934FF461633A
:10BE0000102195FBF3F30D4A03A8FEF7BFFBC2E731
:10BE100000212E2208A8079103F0ACF8434614AA8B
:10BE2000322107A804F0FEF8384607A9FEF703FD03
:10BE3000384625B0BDE8F08FE5440B083C3F0B08C1
:10BE4000F0B58DB0129D0446CDE9002315B9194B0C
:10BE50001D682DB1184B2846196803F05DFB38B9F1
:10BE6000DDE900232046FFF747FF20460DB0F0BD77
:10BE70000099124E124FD6E900325B18019941EB3E
:10BE80000202D7E900011B1841EB0202CDE90032A2
:10BE90000021242203A803F06DF803A9684602F0EC
:10BEA0004BFF32683B682046134403A92A46FFF73C
:10BEB0005BFFDAE79803002008000020C803002099
:10BEC000C003002010B50020FDF7CAFF0446A0B94A
:10BED000FEF7E4F9012810D12046FEF71FFA60B9F9
:10BEE000FFF7C0FE10B9FEF7F1FAF9E7FFF7BAFE67
:10BEF000BDE810400020FDF7B3BF204610BD1FB5C0
:10BF0000FFF7E0FF10220021684603F033F800211C
:10BF10006846FDF7B5FF009805B05DF804FB00002A
:10BF200008B5FFF7ECFFC117FFF766FE014BD868B5
:10BF300008BD00BF9C03002008B5FFF7E0FFBDE887
:10BF40000840C117FFF79CBE08B5FFF7D8FFC1171F
:10BF5000FFF752FE014B586908BD00BF9C0300204B
:10BF600008B5FFF7CCFF034B034A1B681268134464
:10BF7000184408BDC8030020C0030020024B1A6803
:10BF8000024B1A60704700BF080000209803002091
:10BF90000021FEF793B910B50446F4F733FA2046B2
:10BFA00010BDFEF741B910B50446FEF73DF98442D5
:10BFB00008D01CB1BDE81040FEF726B9BDE810401E
:10BFC000FEF72AB910BD70B505460E461446FEF7B9
:10BFD0002BF950B144EA062444EA0540FEF70CF977
:10BFE000BDE87040E720FEF727B970BDC2B2C0F3CC
:10BFF0000721C0F30740FFF7E6BF00000023034816
:10C00000034A0449836001F059BA00BFD8030020F5
:10C010005002002097BF0A08014B1860704700BF0C
:10C020001000002008B5134B43B100F035FC036845
:10C030001B699847002801DDAFF300800E4B43B128
:10C0400000F00AFD03681B699847002801DDAFF383
:10C0500000800A4B0BB1AFF30080094B43B100F0F5
:10C060004BFC03681B699847002801DDAFF3008093
:10C0700008BD00BF0000000000000000000000003C
:10C080000000000008B5FFF7CDFFFDF7B1FE014B42
:10C09000186008BD600400200248034A0349121AD0
:10C0A00002F040BF004002400448024078470B08BD
:10C0B000002307B51A466FF077010093FEF762F987
:10C0C00003B05DF804FB000007B543880A2B08D0D5
:10C0D000502B0BD1094B1B684BB103B05DF804EB3F
:10C0E0001847FFF7E5FF03B05DF804FB00231A468D
:10C0F0006FF077010093FEF745F9F4E7EC030020B9
:10C1000038B5124C00211248FEF770FA114D236821
:10C11000AB420CBF012200220F4B1A7002D0FFF776
:10C12000BBFF2560FDF74CFE044603F0ABF90B4B5B
:10C1300013B12046AFF3008000210848FEF7EEF966
:10C14000BDE8384000210648FEF712B90048024019
:10C1500019C00A081E1C279AE803002000000000EE
:10C16000C9C00A0870470020704710B50446102166
:10C1700001F0A9F9204610BD08B5FFF7F6FF08BD8C
:10C18000002230B54FF69C74026084808D888C80CC
:10C190000C68858004600A6030BD10B504460068F4
:10C1A000FEF7D4F9204610BD38B5C468F4B1237841
:10C1B000022B03D104F10C00FFF7EFFF656835B1E6
:10C1C0002846F4F71FF91021284601F07CF9A568EC
:10C1D00035B12846F4F716F91021284601F073F915
:10C1E0002046BDE83840142101F06DB938BD10B5C6
:10C1F00088B004466846FEF71EFB694604A8FEF7B1
:10C2000064FB04A8A047044604A8FEF7CAFA6846DF
:10C21000FEF7C7FA204608B010BD1FB50023102452
:10C22000CDE90201019269461A461846ADF802307E
:10C23000ADF80040FEF742F904B010BD082307B581
:10C24000ADF80030036800218DF80230037A8DF8D4
:10C250000330436868460193FEF768F903B05DF860
:10C2600004FB73B50E46044656F8043B0D4601A880
:10C2700031460093FEF766FE009B019A236000237F
:10C28000626001A801930093F9F7F8F93046F9F7D5
:10C29000F5F92846082101F016F9204602B070BDD4
:10C2A000826810B50AB901F014F9C368BDE81040FE
:10C2B000184708B5006800F11001FFF7F1FF08BD4D
:10C2C000826810B50AB901F004F9C368BDE81040EE
:10C2D000184708B5006800F11001FFF7F1FF08BD2D
:10C2E00038B500230446036010200D46F3F7D5FE51
:10C2F00028B10123C0E90133024BC560036020600F
:10C30000204638BD6C3F0B0838B5002383608B682E
:10C3100004460D462BB102229847EB68E360AB68F8
:10C32000A360204638BD0000F0B589B004686846B7
:10C33000FFF726FF4FF00203D4E84F2F002A03D166
:10C34000C4E8413F0029F7D125D104F10C05694625
:10C350002846FFF715FF0123BFF35B8F63700020B2
:10C36000BFF35B8F04F1080353E8006F43E800025A
:10C37000002AF9D1BFF35B8F6EB1FDF7BFFF78B133
:10C3800029463046FFF78CFF3046F4F73BF8102182
:10C39000304601F098F86846FFF7FFFE09B0F0BD9F
:10C3A000314602A8FFF7B0FFE068B4F9105008B1B9
:10C3B00003F0C4F806901020ADF81C50F3F76DFEA2
:10C3C0000546E8B1002787601820F3F766FE0446AB
:10C3D00088B10146876002A8F6F7A6FA049BA26816
:10C3E000A360059B0492E26806A9E36004F11000D3
:10C3F0000592FFF7C5FE084B2C60EB60074BAB6066
:10C4000006A8FFF7CAFE02A8F3F7FCFF00222946A0
:10C410000348FDF77BFFB7E7B3C20A0849C50A081E
:10C42000DDCA0A082DE9F0478AB005460C461746D2
:10C4300098469DF84890FEF759F807AE824638BBFB
:10C440004FF62E73059005A93046ADF81830FFF76A
:10C4500097FE1420F3F721FE044648B1022303702F
:10C460000123C0E901AA437031460C30FFF788FE72
:10C470002846214640F8044BFFF732FF3046FFF7CD
:10C480008CFE05A8FFF789FE28460AB0BDE8F087B4
:10C490000C234FF0000A1420CDE908AA0793F3F704
:10C4A000FCFD014628B1C0E901AA80F800A080F88F
:10C4B00001A004A80391FFF713FF224B0820089363
:10C4C000F3F7EBFD824628B1039B04A940F8043B37
:10C4D000FEF738FD42463946204600965FFA89F35A
:10C4E000CDF824A0FEF70AF8B8B9039B5B7803F0F7
:10C4F000FF0293B94FF69C7305A903A80592ADF806
:10C500001830FFF711FF05A8FFF747FE05A80999A6
:10C51000FFF7A7FE06A8F9F7B1F8039B04A906A840
:10C520000593FEF70FFD059B069A2B6000236A60BA
:10C5300006A806930593F9F7A1F804A8F9F79EF861
:10C54000A2E700BF0DC60A08022AF8B5054607D0C3
:10C55000032A18D0012A01D10B6803600020F8BD1E
:10C5600018200E68F3F799FD044650B13146FFF7E5
:10C57000CBFE3069B6F9147008B102F0DFFF20611C
:10C58000A7822C60EAE70468002CE7D004F11000D1
:10C59000FFF703FE2046F3F735FF1821204600F091
:10C5A00092FFDBE738B5002383608B6804460D46B5
:10C5B0002BB102229847EB68E360AB68A36020468A
:10C5C00038BD022A70B5044607D0032A12D0012ACA
:10C5D00001D10B680360002070BD14200E68F3F7D2
:10C5E0005CFD054620B13146FFF7DCFF337C2B7440
:10C5F0002560F0E70468002CEDD02046F3F702FF39
:10C600001421204600F05FFFE5E70000F0B5044686
:10C6100089B00D4601A81146FFF723FEA4B124B24C
:10C620001DB1284602F08AFF054601A803A903951B
:10C63000ADF81040FFF778FE03A8FFF7AEFD02A8A3
:10C64000F9F71CF809B0F0BD0123019DD5E84F2F83
:10C65000002A03D1C5E8413F0029F7D1EFD12B7360
:10C66000BFF35B8F6B70BFF35B8F2B1D53E8006FC5
:10C6700043E80042002AF9D1BFF35B8F002EDED0E1
:10C680002046FDF73BFE074660B1304605F10C0140
:10C69000FFF716FE3046F3F7B5FE1021304600F0E6
:10C6A00012FFCCE7314603A8FFF77CFF2B7B10205D
:10C6B0008DF81C30F3F7F1FC0546D0B187601420EB
:10C6C000F3F7EBFC044678B10146876003A8F6F760
:10C6D0002BF9059BA268A360069B0592E268E360C4
:10C6E0009DF81C3006922374064B2C60EB60064BC1
:10C6F000AB6003A8F3F786FE002229460348FDF746
:10C7000005FEC7E7D3C20A08C3C50A08DDCA0A087E
:10C710007047F8B50E46002400F10807051D17F80C
:10C72000011D0A223046FEF73BFAAF42044401D114
:10C730002046F8BD002CF2D02E213046FEF721FA1B
:10C740000444ECE710B50446182100F0BCFE204676
:10C7500010BD000010B50446044B1122002140F822
:10C76000043B02F007FC204610BD00BF883F0B08C9
:10C770000346074A10B543F8042B01F1100251F8A3
:10C78000044B914243F8044BF9D10A781A7010BD5A
:10C79000883F0B08024AC0E9002104220275704755
:10C7A000883F0B0810B59DF8084044EA0324042391
:10C7B00044EA024444EA01644460037510BD000089
:10C7C00037B5044D05609DF818500095FFF7EAFF56
:10C7D00003B030BD883F0B0841747047704708B5FF
:10C7E0000021007CFDF7E0FC40EAE07008BD08B5E0
:10C7F0000121007CFDF7D8FC40EAE07008BD08B5D7
:10C80000007CFDF7C9FC20EAE07008BD08B5007C9B
:10C81000FDF7BAFC20EAE07008BD38B50446007C9C
:10C820000D46FDF7B9FC002801DC607C28B12946E3
:10C83000207CFDF7C1FC20EAE07038BD007CFDF7EC
:10C84000C3BC10B50446142100F03DFE204610BDC7
:10C8500010B54FF47A73044608460021C4E9011369
:10C86000044B20742360012311466374FDF774FCAC
:10C87000204610BD9C3F0B080022007CFDF774BCD5
:10C88000007CFDF779BC10B504461422002102F0AB
:10C8900071FB204610BD000030B50F4D87B001A8D8
:10C8A000FFF7F1FF2978BFF35B8F11F0010410D17E
:10C8B0002846F3F705FC60B1214601AA0748FFF7B7
:10C8C000C7FF2846F3F701FC054A0649034800F074
:10C8D000F5FD024807B030BDF0030020F80300204A
:10C8E00050020020DDC70A0810B5044614220021BA
:10C8F00002F040FB204610BD10B50F4C86B001A8D9
:10C90000FFF7F2FF2378BFF35B8FDB0710D42046DD
:10C91000F3F7D6FB60B1012101AA0848FFF798FFA1
:10C920002046F3F7D2FB064A0649044800F0C6FD4C
:10C93000024806B010BD00BFF40300200C04002024
:10C9400050020020DDC70A08004700002DE9FF4122
:10C9500000241D460F4690460646FDF7E9F90423DC
:10C96000A5428DF80C30A8BF9DF82830ADF80D40D9
:10C970008DF80F40A4BF03AC8DF80E303A46434605
:10C98000304606490094A8BF8DF80D50FDF7C8F950
:10C99000B0FA80F0400904B0BDE8F08149C90A0846
:10C9A00070474174704708B5007CFDF759FB20EAD9
:10C9B000E07008BD08B5007CFDF72AFB20EAE070B6
:10C9C00008BD08B5007CFDF733FB40EAE07008BD08
:10C9D00008B5007CFDF724FB40EAE07008BD007C50
:10C9E000FDF72EBB70B5467C04460D462EB1294698
:10C9F000207CBDE87040FDF703BB007CFDF730FBF9
:10CA00000028F4DC304670BD10B50446142100F057
:10CA10005AFD204610BD00004FF0000C10B5044632
:10CA2000084611464FF47A72C4E901C2044A2074E0
:10CA30002260012262741A46FDF7D2FA204610BD28
:10CA4000CC3F0B080023007CFDF712BB0022FFF750
:10CA5000F9BF007CFDF7CCBAF8B51A4C26684EB980
:10CA60008420F3F71AFB054618B18422314602F000
:10CA700081FA2560144D2F684FB98420F3F70DFB20
:10CA8000064618B18422394602F074FA2E600F4F20
:10CA90003978BFF35B8F11F0010611D13846F3F7F7
:10CAA0000FFB68B1314622682B680948FFF7B4FFD5
:10CAB0003846F3F70AFB074A0749054800F0FEFC31
:10CAC0000348F8BD2404002028040020200400208E
:10CAD0002C04002050020020A1C90A0810B5836868
:10CAE00004460BB900F0F5FCC3689847A3681BB176
:10CAF00003222146204698472046BDE810401021D9
:10CB000000F0E1BC7047F8B5064615460C468F1894
:10CB1000BC4206D0336830469B6814F8011B984726
:10CB2000F6E72846F8BD0022007CFDF7C1BA0021D7
:10CB3000007CFDF7C5BA0021007CFDF7C9BA0021D1
:10CB4000007CFDF7CDBA0021007CFDF7D1BA10B50D
:10CB50000446142100F0B7FC204610BD10B54FF478
:10CB60007A73044608460021C4E90113034B1146B9
:10CB700023602074FDF7CCFA204610BDFC3F0B0863
:10CB80000023007C1A461946FDF77ABA7FB50022C9
:10CB90001423CDE90122ADF804300B78007C8DF828
:10CBA00008304B680393CB6804930B7A01A9059373
:10CBB000FDF7B8FA07B05DF804FB1FB5003B8DF830
:10CBC00000104FF0640118BF0123039169460192E0
:10CBD0008DF80830FFF7DAFF05B05DF804FB01239C
:10CBE000FFF7EBBF0022007CFDF752BAC9B2FFF796
:10CBF000F9BF0022007CFDF753BA0121FFF7F9BF0E
:10CC000030B5D1E901439C4205460FDA621C4A6007
:10CC100038220B6802FB04340FCD0FC40FCD0FC4B4
:10CC20000FCD0FC495E8030084E8030030BD002257
:10CC300040681146FDF7DABBF0B5154689B0112200
:10CC40000E460446002103A802F094F9284603F09A
:10CC5000F3F9002781B273682846009703AAFDF70D
:10CC6000BBFA30B139462046FFF794FD204609B0A3
:10CC7000F0BD204603A9FFF77BFDF7E700224068DF
:10CC80001146FDF7FBBB00224068FDF7EFBB002219
:10CC9000406881F00101FDF7C1BB002240681146E8
:10CCA000FDF794BB002202214068FDF797BB0023EB
:10CCB00040681A46FDF782BB1FB500230191064864
:10CCC00001A902930392FDF78FFA039B9842A8BF34
:10CCD000184605B05DF804FB01CC0A080422024B9B
:10CCE0005A60024A1A6070474004002024400B0832
:10CCF000002340681A46FDF761BB0022022140680C
:10CD0000FDF76CBB002240681146FDF75FBB0022B7
:10CD100040681146FDF76ABB002340681A46194671
:10CD2000FDF76CBB002340681A461946FDF76EBB41
:10CD300000214068FDF7AABB00214068FDF7AEBBAB
:10CD40000022406881F00101FDF768BB00224068C5
:10CD5000FDF78CBB002240681146FDF78FBB002217
:10CD600040681146FDF762BB70B515468EB00446AB
:10CD700008A8FFF7EFFC1122002103A802F0FAF83F
:10CD80000026284603F058F90A4B009681B25B68EA
:10CD9000284603AAFDF720FA30B131462046FFF7B6
:10CDA000F9FC20460EB070BD204603A9FFF7E0FC59
:10CDB000F7E700BF40040020024B034A1A6000223C
:10CDC0005A6070474804002060400B08012200F1BF
:10CDD000100313F8101C1846012908D153F8041C3D
:10CDE00002EB4102013A03F11003F2D1704702292C
:10CDF00004BF53F8041C5218F4E70EB42DE9F041B7
:10CE000087B000AF07F1340555F8048B04462B4674
:10CE10004246102107F108007D60FDF7C7FB0F288F
:10CE20001BD900F1080323F007036E46ADEB030D99
:10CE30004246411C2B4668467D60FDF7B7FB021E4B
:10CE400004DD2368694620469B689847B5461C3731
:10CE5000BD46BDE8F04103B070470028F7D0236815
:10CE600002469B68204607F108019847EFE710B596
:10CE7000044603689B689847A368013BA3602BB9ED
:10CE800023682046BDE81040DB68184710BD07B591
:10CE900003688DF8071001229B680DF10701984780
:10CEA00003B05DF804FB38B50B68044603604D68B9
:10CEB00043689D420CD015B16B6801336B606068AC
:10CEC00028B14368013B43600BB9FFF7D0FF6560B1
:10CED000204638BD0B461146002210B50446C0E975
:10CEE000002283600BB9204610BDFFF7DCFFFAE794
:10CEF0000346806820B30278032A1AD8DFE802F0DC
:10CF00000417021B052070471B685A684368D05CF1
:10CF10002D2812D0A0F13003092B0ED974280ED081
:10CF200066280CD0A0F16E03584258417047062085
:10CF3000704700207047042070470320704702208C
:10CF4000704710B50446FFF7D3FF02280ED0C31E6A
:10CF5000DBB2012B14D82268A36850685B680A22F0
:10CF6000BDE810400021184404F0FABA2268A36812
:10CF700052685B68D05CA0F174035842584110BD00
:10CF80000020FCE70B461146002210B50446C0E91C
:10CF900000220D48C4E90202A3B11A78032A06D080
:10CFA00082B90A6850685A68825C6E2A07D00A689B
:10CFB000586852689B6802441B1AA260E3602046CE
:10CFC000FFF771FF204610BDE6370B0838B5002586
:10CFD0000B4604461146C0E90055C0E90255C0E9B8
:10CFE00004554BB11A78012A06D103F11002DB680F
:10CFF00082604361FFF757FF204638BD10B5436993
:10D00000044663B18068013BE0601030A06020619D
:10D01000636113B1FFF7DAFEA060012000E018465B
:10D0200010BD10B57D210446FFF731FF01232046D6
:10D03000237110BD08B50379012B02D0022B04D057
:10D0400008BD2C21FFF723FFFAE73A21FAE710B5D4
:10D050000446FFF7EFFF20467B21FFF718FF002370
:10D060002046237110BD000038B504460D46FFF779
:10D07000E1FF236820462A46DB68034998470123DD
:10D080002046237138BD00BF3C420B0838B504462A
:10D090000D46FFF7CFFF236820462A46DB68034989
:10D0A000984701232046237138BD00BF94400B08E8
:10D0B0002DE9F0410D46174622210446FFF7E7FE11
:10D0C0002946DFF898802F44BD422A4638D015F80B
:10D0D000016B222E03D05C2E01D01F2EF4D82368C2
:10D0E000521A20469B6898475C212046FFF7CFFEE6
:10D0F0000D2E0AD8072E1CD9A6F10803052B18D827
:10D10000DFE803F00D0F11171315222E01D05C2E4E
:10D110000FD131462046FFF7BAFE2946D4E76221F7
:10D12000F8E77421F6E76E21F4E76621F2E7722151
:10D13000F0E72368324641462046DB689847ECE733
:10D140008D4204D0236820469B686A1A98472221A2
:10D150002046FFF79CFEBDE8F08100BF97400B081A
:10D1600070B504460D461646FFF764FF204632466A
:10D170002946FFF79DFF02232046237170BD70B53D
:10D1800004460D461646FFF755FF2046324629460F
:10D19000FFF78EFF01232046237170BD08B5024BB7
:10D1A0001B681B68019308BD9C01020808B5024B6F
:10D1B0001B685B68019308BD9C01020808B5024B1F
:10D1C0001B689B68019308BD9C01020810B50446CA
:10D1D000806808B1FCF7D4FE204610BD1E2870B54B
:10D1E000044601D9002070BDA0F10D03022B0BD91C
:10D1F000012826D800F03AF90021007CFCF780FFD6
:10D2000080F00100C0B2EEE7134E3178BFF35B8FC0
:10D2100011F001050FD13046F2F752FF58B12946FF
:10D220000E48FDF71EFA3046F2F74FFF0C4A0D4943
:10D230000A4800F043F9094B1878FCF785FF0028ED
:10D24000D0D1123C012C05D8FFF706FC007CFCF77E
:10D25000FFFED5E70120C6E750040020540400205B
:10D2600050020020CDD10A081E2838B504460D46CC
:10D270000AD8FF2908D0FFF7B1FF28B12946204678
:10D28000BDE83840FCF72CBD38BD38B504460D4626
:10D29000FCF72EFDFF2810D0062804D84D2323FAD2
:10D2A00000F0C30709D42046FFF798FF28B12946AC
:10D2B0002046BDE83840FCF723BD38BD10B5044614
:10D2C000FCF716FD031FDBB2012B08D92046FFF740
:10D2D00085FF20B12046BDE81040FCF719BD0020B5
:10D2E00010BD10B5044609289CBF0A34A4B22046DC
:10D2F000FFF774FF50B103212046FCF7E9FC032837
:10D3000004D12046BDE81040FCF722BD002010BD2E
:10D3100038B504460D46FFF761FFF0B10421204601
:10D32000FCF7D6FC042805D12046A9B2BDE8384058
:10D33000FCF706BD02212046FCF7CAFC02280CD1EE
:10D340002046FCF7D5FC012801D0042805D1294648
:10D350002046BDE83840FCF723BD38BD70B5044613
:10D360000D461646FFF73AFF98B102212046FCF71A
:10D37000AFFC02280DD12046FCF7BAFC012801D0F1
:10D38000042806D1324629462046BDE87040FCF705
:10D390000FBD70BD38B504460D46FFF71FFFE8B15D
:10D3A00004212046FCF794FC042808D12046294695
:10D3B000FCF7DEFC2046BDE83840FCF7D1BC02217A
:10D3C0002046FCF785FC022808D120462946FCF7B8
:10D3D000DFFC2046BDE83840FCF7D2BC002038BD59
:10D3E00010B5084C2378BFF35B8FDB0708D42046C9
:10D3F000F2F766FE20B1FCF703FD2046F2F765FE6A
:10D40000014810BD6404002068040020002313B507
:10D41000074C1A46194620460093FFF7D1F92046DB
:10D42000044A054902B0BDE8104000F047B800BF0B
:10D430006C0400205002002011C70A08002370B5B8
:10D44000202543801423084E04460380314685601E
:10D450000561284600F03BF831466060284600F040
:10D4600036F8E060204670BD9D400B0830B50F4D8A
:10D4700087B02978BFF35B8F11F0010413D12846E0
:10D48000F2F71EFE78B101A8FFF7D8FF214601AAE6
:10D490000748FFF763FB2846F2F717FE054A0649DF
:10D4A000034800F00BF8024807B030BD84040020A8
:10D4B000880400205002002005CB0A080B460146D4
:10D4C000184601F023BCF2F7ECBDF2F7E6BDF2F727
:10D4D000E6BD08B5FDF772F8F8B5C1F30A57A7F233
:10D4E000FF35132D0B460C460246064620DC002D68
:10D4F00040DB354F2F4101EA070C5CEA000C14D0E9
:10D500002FA3D3E9002300F003FA0022002300F048
:10D5100045FE40B1002C03DA4FF480132B411C442C
:10D52000002624EA07043246234610461946F8BD71
:10D53000332D07DDB5F5806FF7D100F0E9F902462C
:10D540000B46F2E74FF0FF3CA7F213472CFA07F720
:10D550000742EAD01AA3D3E9002300F0D9F9002248
:10D56000002300F01BFE0028DDD0002C1BDB26EA88
:10D570000706D8E712A3D3E9002300F0C9F9002277
:10D58000002300F00BFE0028CDD0002C02DB00268B
:10D590003446C8E724F000430C4A1E43002E18BF4F
:10D5A00014460026BFE7142D08D00122C5F134032C
:10D5B00002FA03F39E1928BFA418D8E70134D6E76E
:10D5C0009C7500883CE4377EFFFF0F000000F0BF31
:10D5D000F0B58BB0054600F06FF8314E044696F971
:10D5E000003001330FD0284600F084F958B12846A6
:10D5F0002C4901F03FF90746002835D128462A4931
:10D6000001F01AF910B920460BB0F0BD0422274BE7
:10D610002846CDE9002300240025089700F0D6FA1B
:10D6200096F90030CDE90401022BCDE90201CDE9E4
:10D63000064514D0684600F05BF980B1089B002BCA
:10D6400029D1DDE9060100F0FBFD044620460BB0C0
:10D65000F0BD00201649022BCDE90601EAD1FCF706
:10D66000BDFF22230360E9E7032100220F4B284678
:10D6700001930091089200F0A9FA96F90030CDE9E3
:10D680000401CDE90201002BE3D14FF06042094BC8
:10D69000CDE90623CEE7FCF7A1FF089B0360D0E7A6
:10D6A0000C0000208071B142B5F1CFC2A0400B0840
:10D6B0000000F07FFFFFEF4720F00042B2F1FF4F84
:10D6C0002DE9F04704466AD84FEAD07500F0C280D1
:10D6D0007749884268DC0028C0F2B580754B9A42D1
:10D6E00068D9754B9A4200F2C080744B204653F8BB
:10D6F000251000F0F9FD8046714BC5F1010753F884
:10D7000025907F1B4946404600F0EEFD0146054648
:10D7100000F0F4FE06466B4900F0F0FE6A4900F0A6
:10D72000E3FD314600F0EAFE684900F0DFFD3146D6
:10D7300000F0E4FE664900F0D7FD314600F0DEFE61
:10D74000644900F0D3FD314600F0D8FE014628467A
:10D7500000F0CAFD2C4606468246002F5CD03146BA
:10D76000284600F0CBFE314604464FF0804000F0E2
:10D77000BBFD0146204600F075FF0146484600F01B
:10D78000B3FD414600F0B0FD01464FF07E5000F081
:10D79000ABFD17F17D0F60DB00EBC75002E00146E7
:10D7A00000F0A4FDBDE8F0874B49084600F0A6FE56
:10D7B000BDE8F087B2F1465F09D24749204600F044
:10D7C00095FD4FF07E5101F055F800286AD12146B1
:10D7D000204600F093FE05463A4900F08FFE3A4994
:10D7E00000F082FD294600F089FE384900F07EFDF8
:10D7F000294600F083FE364900F076FD294600F008
:10D800007DFE344900F072FD294600F077FE0146A6
:10D81000204600F069FD82465146204600F06EFE2B
:10D820004FF080410546504600F05EFD0146284617
:10D8300000F018FF214600F057FD01464FF07E50E2
:10D8400000F052FDAEE7254B9A427FF647AF00202D
:10D85000BDE8F087002DFAD1A4E764374FF0586196
:10D8600000EBC75000F04AFE9CE71D49204600F03F
:10D8700045FE1C4B53F8251000F038FD01F004F86C
:10D88000074600F0E7FD1849054600F037FE01465F
:10D89000204600F029FD15498046284600F02EFE5E
:10D8A00081462FE720464FF07E5100F01FFD79E7BB
:10D8B0001772B1421872B13E9115853FB0400B0806
:10D8C000B8400B084CBB31330EEADD3555B38A380E
:10D8D000610B363BABAA2A3ECAF24971B5F1CF4281
:10D8E0003BAAB83FA8400B088071313FD1F71737EA
:10D8F0000020704720F00040B0F1FF4FACBF002087
:10D900000120704781F0004102E000BF83F0004336
:10D9100030B54FEA41044FEA430594EA050F08BFCA
:10D9200090EA020F1FBF54EA000C55EA020C7FEA8E
:10D93000645C7FEA655C00F0E2804FEA5454D4EB0B
:10D940005555B8BF6D420CDD2C4480EA020281EAD5
:10D95000030382EA000083EA010180EA020281EA0D
:10D960000303362D88BF30BD11F0004F4FEA01315F
:10D970004FF4801C4CEA113102D0404261EB41016E
:10D9800013F0004F4FEA03334CEA133302D05242F4
:10D9900063EB430394EA050F00F0A780A4F10104B0
:10D9A000D5F1200E0DDB02FA0EFC22FA05F28018EA
:10D9B00041F1000103FA0EF2801843FA05F35941D0
:10D9C0000EE0A5F120050EF1200E012A03FA0EFC4F
:10D9D00028BF4CF0020C43FA05F3C01851EBE37179
:10D9E00001F0004507D54FF0000EDCF1000C7EEB96
:10D9F00000006EEB0101B1F5801F1BD3B1F5001FD4
:10DA00000CD349085FEA30004FEA3C0C04F10104F2
:10DA10004FEA445212F5800F80F09A80BCF1004F1B
:10DA200008BF5FEA500C50F1000041EB045141EA9D
:10DA3000050130BD5FEA4C0C404141EB0101013C66
:10DA400028BFB1F5801FE9D291F0000F04BF014655
:10DA50000020B1FA81F308BF2033A3F10B03B3F127
:10DA600020020CDA0C3208DD02F1140CC2F10C02B7
:10DA700001FA0CF021FA02F10CE002F11402D8BF15
:10DA8000C2F1200C01FA02F120FA0CFCDCBF41EAE1
:10DA90000C019040E41AA2BF01EB0451294330BDB0
:10DAA0006FEA04041F3C1CDA0C340EDC04F114048D
:10DAB000C4F1200220FA04F001FA02F340EA030064
:10DAC00021FA04F345EA030130BDC4F10C04C4F1AA
:10DAD000200220FA02F001FA04F340EA030029468A
:10DAE00030BD21FA04F0294630BD94F0000F83F4D4
:10DAF000801306BF81F480110134013D4EE77FEAB7
:10DB0000645C18BF7FEA655C29D094EA050F08BF02
:10DB100090EA020F05D054EA000C04BF19461046E3
:10DB200030BD91EA030F1EBF0021002030BD5FEA27
:10DB3000545C05D14000494128BF41F0004130BD4F
:10DB400014F580043CBF01F5801130BD01F00045A3
:10DB500045F0FE4141F470014FF0000030BD7FEA16
:10DB6000645C1ABF194610467FEA655C1CBF0B4611
:10DB7000024650EA013406BF52EA033591EA030F28
:10DB800041F4002130BD00BF90F0000F04BF002120
:10DB9000704730B54FF4806404F132044FF0000553
:10DBA0004FF0000150E700BF90F0000F04BF0021CC
:10DBB000704730B54FF4806404F1320410F0004532
:10DBC00048BF40424FF000013EE700BF42004FEA2D
:10DBD000E2014FEA31014FEA02701FBF12F07F43AA
:10DBE00093F07F4F81F06051704732F07F4208BF61
:10DBF000704793F07F4F04BF41F40021704730B568
:10DC00004FF4607401F0004521F000411CE700BFB3
:10DC100050EA010208BF704730B54FF000050AE036
:10DC200050EA010208BF704730B511F0004502D537
:10DC3000404261EB41014FF4806404F132045FEA39
:10DC4000915C3FF4D8AE4FF003025FEADC0C18BFE2
:10DC500003325FEADC0C18BF033202EBDC02C2F1D4
:10DC6000200300FA03FC20FA02F001FA03FE40EA66
:10DC70000E0021FA02F11444BDE600BF70B54FF06A
:10DC8000FF0C4CF4E06C1CEA11541DBF1CEA135548
:10DC900094EA0C0F95EA0C0F00F0DEF82C4481EAB0
:10DCA000030621EA4C5123EA4C5350EA013518BFD0
:10DCB00052EA033541F4801143F4801338D0A0FBBD
:10DCC00002CE4FF00005E1FB02E506F00042E0FB6A
:10DCD00003E54FF00006E1FB03569CF0000F18BF70
:10DCE0004EF0010EA4F1FF04B6F5007F64F5407418
:10DCF00004D25FEA4E0E6D4146EB060642EAC621AB
:10DD000041EA55514FEAC52040EA5E504FEACE2E17
:10DD1000B4F1FD0C88BFBCF5E06F1ED8BEF1004F1A
:10DD200008BF5FEA500E50F1000041EB045170BD96
:10DD300006F0004646EA010140EA020081EA0301DA
:10DD4000B4EB5C04C2BFD4EB0C0541EA045170BDD6
:10DD500041F480114FF0000E013C00F3AB8014F150
:10DD6000360FDEBF002001F0004170BDC4F1000499
:10DD7000203C35DA0C341BDC04F11404C4F120051A
:10DD800000FA05F320FA04F001FA05F240EA020075
:10DD900001F0004221F0004110EBD37021FA04F6AB
:10DDA00042EB06015EEA430E08BF20EAD37070BD65
:10DDB000C4F10C04C4F1200500FA04F320FA05F0C4
:10DDC00001FA04F240EA020001F0004110EBD370C6
:10DDD00041F100015EEA430E08BF20EAD37070BD36
:10DDE000C4F1200500FA05F24EEA020E20FA04F30F
:10DDF00001FA05F243EA020321FA04F001F00041BE
:10DE000021FA04F220EA020000EBD3705EEA430E2E
:10DE100008BF20EAD37070BD94F0000F0FD101F05D
:10DE20000046400041EB010111F4801F08BF013C96
:10DE3000F7D041EA060195F0000F18BF704703F0D4
:10DE40000046520043EB030313F4801F08BF013D5B
:10DE5000F7D043EA0603704794EA0C0F0CEA135517
:10DE600018BF95EA0C0F0CD050EA410618BF52EAD1
:10DE70004306D1D181EA030101F000414FF00000D7
:10DE800070BD50EA410606BF1046194652EA4306E5
:10DE900019D094EA0C0F02D150EA013613D195EA59
:10DEA0000C0F05D152EA03361CBF104619460AD1A1
:10DEB00081EA030101F0004141F0FE4141F47001AB
:10DEC0004FF0000070BD41F0FE4141F4780170BD9B
:10DED00070B54FF0FF0C4CF4E06C1CEA11541DBF00
:10DEE0001CEA135594EA0C0F95EA0C0F00F0A7F802
:10DEF000A4EB050481EA030E52EA03354FEA01312F
:10DF000000F088804FEA03334FF0805545EA131341
:10DF100043EA12634FEA022245EA111545EA106509
:10DF20004FEA00260EF000419D4208BF964244F1A0
:10DF3000FD0404F5407402D25B084FEA3202B61ABF
:10DF400065EB03055B084FEA32024FF480104FF493
:10DF5000002CB6EB020E75EB030E22BFB61A754607
:10DF600040EA0C005B084FEA3202B6EB020E75EB9A
:10DF7000030E22BFB61A754640EA5C005B084FEA02
:10DF80003202B6EB020E75EB030E22BFB61A7546CF
:10DF900040EA9C005B084FEA3202B6EB020E75EBDA
:10DFA000030E22BFB61A754640EADC0055EA060E9B
:10DFB00018D04FEA051545EA16754FEA06164FEADE
:10DFC000C30343EA52734FEAC2025FEA1C1CC0D18A
:10DFD00011F4801F0BD141EA00014FF000004FF017
:10DFE000004CB6E711F4801F04BF01430020B4F1D8
:10DFF000FD0C88BFBCF5E06F3FF6AFAEB5EB030C90
:10E0000004BFB6EB020C5FEA500C50F1000041EB8C
:10E01000045170BD0EF0004E4EEA113114EB5C0459
:10E02000C2BFD4EB0C0541EA045170BD41F480112C
:10E030004FF0000E013C90E645EA060E8DE60CEA34
:10E04000135594EA0C0F08BF95EA0C0F3FF43BAF51
:10E0500094EA0C0F0AD150EA01347FF434AF95EA08
:10E060000C0F7FF425AF104619462CE795EA0C0FEC
:10E0700006D152EA03353FF4FDAE1046194622E7B9
:10E0800050EA410618BF52EA43067FF4C5AE50EA93
:10E0900041047FF40DAF52EA43057FF4EBAE12E783
:10E0A0004FF0FF3C06E000BF4FF0010C02E000BF64
:10E0B0004FF0010C4DF804CD4FEA410C7FEA6C5C47
:10E0C0004FEA430C18BF7FEA6C5C1BD001B050EAEA
:10E0D000410C0CBF52EA430C91EA030F02BF90EAD5
:10E0E000020F0020704710F1000F91EA030F58BF94
:10E0F000994208BF90422CBFD8176FEAE37040F0F6
:10E10000010070474FEA410C7FEA6C5C02D150EA93
:10E11000013C07D14FEA430C7FEA6C5CD6D152EA4E
:10E12000033CD3D05DF8040B704700BF8446104613
:10E1300062468C461946634600E000BF01B5FFF712
:10E14000B7FF002848BF10F1000F01BD4DF808EDE2
:10E15000FFF7F4FF0CBF012000205DF808FB00BFB3
:10E160004DF808EDFFF7EAFF34BF012000205DF80D
:10E1700008FB00BF4DF808EDFFF7E0FF94BF01205A
:10E1800000205DF808FB00BF4DF808EDFFF7CEFF5B
:10E1900094BF012000205DF808FB00BF4DF808ED9A
:10E1A000FFF7C4FF34BF012000205DF808FB00BF6B
:10E1B0004FEA410212F5001215D211D56FF47873AF
:10E1C000B3EB625212D94FEAC12343F0004343EA52
:10E1D000505311F0004F23FA02F018BF404270472D
:10E1E0004FF00000704750EA013005D111F00040B7
:10E1F00008BF6FF0004070474FF00000704700BF4D
:10E200004A0011D212F5001211D20DD56FF47873B5
:10E21000B3EB62520ED44FEAC12343F0004343EA0A
:10E22000505323FA02F070474FF00000704750EA55
:10E23000013002D14FF0FF3070474FF000007047BF
:10E240004FEA4102B2F1E04324BFB3F5001CDCF118
:10E25000FE5C0DD901F0004C4FEAC0024CEA507050
:10E26000B2F1004F40EB830008BF20F0010070477F
:10E2700011F0804F21D113F13872BCBF01F0004082
:10E28000704741F480114FEA5252C2F11802C2F1B4
:10E29000200C10FA0CF320FA02F018BF40F0010035
:10E2A0004FEAC1234FEAD32303FA0CFC40EA0C00E7
:10E2B00023FA02F34FEA4303CCE77FEA625307D124
:10E2C00050EA01331EBF4FF0FE4040F4400070475B
:10E2D00001F0004040F0FE4040F40000704700BFF5
:10E2E00080F0004002E000BF81F0004142001FBF0B
:10E2F0005FEA410392EA030F7FEA226C7FEA236C14
:10E300006AD04FEA1262D2EB1363C1BFD218414008
:10E3100048404140B8BF5B42192B88BF704710F09E
:10E32000004F40F4000020F07F4018BF404211F041
:10E33000004F41F4000121F07F4118BF494292EAA9
:10E34000030F3FD0A2F1010241FA03FC10EB0C00D5
:10E35000C3F1200301FA03F100F0004302D5494262
:10E3600060EB4000B0F5000F13D3B0F1807F06D30F
:10E3700040084FEA310102F10102FE2A51D2B1F107
:10E38000004F40EBC25008BF20F0010040EA0300FC
:10E390007047490040EB0000013A28BFB0F5000F7C
:10E3A000EDD2B0FA80FCACF1080CB2EB0C0200FA32
:10E3B0000CF0AABF00EBC25052421843BCBFD04081
:10E3C0001843704792F0000F81F4000106BF80F4FB
:10E3D00000000132013BB5E74FEA41037FEA226CBE
:10E3E00018BF7FEA236C21D092EA030F04D092F089
:10E3F000000F08BF0846704790EA010F1CBF0020BD
:10E40000704712F07F4F04D1400028BF40F0004019
:10E41000704712F100723CBF00F50000704700F039
:10E42000004343F0FE4040F4000070477FEA226260
:10E4300016BF08467FEA23630146420206BF5FEA31
:10E44000412390EA010F40F4800070474FF0000331
:10E4500004E000BF10F0004348BF40425FEA000CF8
:10E4600008BF704743F0964301464FF000001CE0A0
:10E4700050EA010208BF70474FF000030AE000BFF6
:10E4800050EA010208BF704711F0004302D5404234
:10E4900061EB41015FEA010C02BF844601460020A6
:10E4A00043F0B64308BFA3F18053A3F50003BCFAC1
:10E4B0008CF2083AA3EBC25310DB01FA02FC63446E
:10E4C00000FA02FCC2F12002BCF1004F20FA02F275
:10E4D00043EB020008BF20F00100704702F1200268
:10E4E00001FA02FCC2F1200250EA4C0021FA02F2C9
:10E4F00043EB020008BF20EADC7070474FF0FF0CCE
:10E500001CEAD0521EBF1CEAD15392EA0C0F93EAC8
:10E510000C0F6FD01A4480EA010C400218BF5FEA6A
:10E5200041211ED04FF0006343EA501043EA5111DD
:10E53000A0FB01310CF00040B1F5000F3EBF4900D7
:10E5400041EAD3715B0040EA010062F17F02FD2ADB
:10E550001DD8B3F1004F40EBC25008BF20F00100BE
:10E56000704790F0000F0CF0004C08BF49024CEAD5
:10E57000502040EA51207F3AC2BFD2F1FF0340EA67
:10E58000C250704740F400004FF00003013A5DDCD8
:10E5900012F1190FDCBF00F000407047C2F1000219
:10E5A000410021FA02F1C2F1200200FA02FC5FEA06
:10E5B000310040F1000053EA4C0308BF20EADC7050
:10E5C000704792F0000F00F0004C02BF400010F4C2
:10E5D000000F013AF9D040EA0C0093F0000F01F06F
:10E5E000004C02BF490011F4000F013BF9D041EA91
:10E5F0000C018FE70CEAD15392EA0C0F18BF93EA93
:10E600000C0F0AD030F0004C18BF31F0004CD8D1BC
:10E6100080EA010000F00040704790F0000F17BF43
:10E6200090F0004F084691F0000F91F0004F14D089
:10E6300092EA0C0F01D142020FD193EA0C0F03D1E1
:10E640004B0218BF084608D180EA010000F00040E4
:10E6500040F0FE4040F40000704740F0FE4040F4BF
:10E66000400070474FF0FF0C1CEAD0521EBF1CEA5E
:10E67000D15392EA0C0F93EA0C0F69D0A2EB03027C
:10E6800080EA010C49024FEA402037D04FF0805316
:10E6900043EA111143EA10130CF000408B4238BFDB
:10E6A0005B0042F17D024FF4000C8B4224BF5B1AE9
:10E6B00040EA0C00B3EB510F24BFA3EB510340EA37
:10E6C0005C00B3EB910F24BFA3EB910340EA9C00E5
:10E6D000B3EBD10F24BFA3EBD10340EADC001B0155
:10E6E00018BF5FEA1C1CE0D1FD2A3FF650AF8B42F9
:10E6F00040EBC25008BF20F0010070470CF0004C06
:10E700004CEA50207F32C2BFD2F1FF0340EAC25030
:10E71000704740F400004FF00003013A37E792F0F1
:10E72000000F00F0004C02BF400010F4000F013A4F
:10E73000F9D040EA0C0093F0000F01F0004C02BF4A
:10E74000490011F4000F013BF9D041EA0C0195E7B3
:10E750000CEAD15392EA0C0F08D142027FF47DAF4C
:10E7600093EA0C0F7FF470AF084676E793EA0C0F3C
:10E7700004D14B023FF44CAF08466EE730F0004C3A
:10E7800018BF31F0004CCAD130F000427FF45CAFCA
:10E7900031F000437FF43CAF5FE700BF4FF0FF3C38
:10E7A00006E000BF4FF0010C02E000BF4FF0010C8B
:10E7B0004DF804CD4FEA40024FEA41037FEA226C54
:10E7C00018BF7FEA236C11D001B052EA530C18BF76
:10E7D00090EA010F58BFB2EB030088BFC81738BFDB
:10E7E0006FEAE17018BF40F0010070477FEA226CC9
:10E7F00002D15FEA402C05D17FEA236CE4D15FEAC5
:10E80000412CE1D05DF8040B704700BF84460846F8
:10E810006146FFE70FB5FFF7C9FF002848BF10F1B9
:10E82000000F0FBD4DF808EDFFF7F4FF0CBF0120FE
:10E8300000205DF808FB00BF4DF808EDFFF7EAFF88
:10E8400034BF012000205DF808FB00BF4DF808ED43
:10E85000FFF7E0FF94BF012000205DF808FB00BF38
:10E860004DF808EDFFF7D2FF94BF012000205DF8BE
:10E8700008FB00BF4DF808EDFFF7C8FF34BF0120CB
:10E8800000205DF808FB00BF4FEA4002B2F1FE4FE6
:10E890000FD34FF09E03B3EB12620DD94FEA002362
:10E8A00043F0004310F0004F23FA02F018BF40423B
:10E8B00070474FF00000704712F1610F01D1420222
:10E8C00005D110F0004008BF6FF0004070474FF0D6
:10E8D0000000704742000ED2B2F1FE4F0BD34FF052
:10E8E0009E03B3EB126209D44FEA002343F00043C6
:10E8F00023FA02F070474FF00000704712F1610FE9
:10E9000001D1420202D14FF0FF3070474FF00000BA
:10E91000704700BF53B94AB9002908BF00281CBF7F
:10E920004FF0FF314FF0FF3000F0C0B9ADF1080CEF
:10E930006DE904CE00F058F8DDF804E0DDE90223CB
:10E9400004B0704710B500210446FFF775FF20B9E9
:10E950002046BDE8104000F009B804F1004000F086
:10E9600005F8404261EB410110BD00BFD0B5FFF793
:10E970002DF900220B4B06460F46FFF77FF9FFF7F4
:10E980003FFC0446FFF700F90022074BFFF776F93A
:10E9900002460B4630463946FEF7B8FFFFF730FC1B
:10E9A0002146D0BD0000F03D0000F041D0B500226E
:10E9B0000B4B06460F46FFF761F9FFF721FC0446B3
:10E9C000FFF7E2F80022074BFFF758F902460B4623
:10E9D00030463946FEF79AFFFFF712FC2146D0BDBC
:10E9E0000000F03D0000F0412DE9F047089E0D4683
:10E9F00004468E46002B40F083808A42174647D952
:10EA0000B2FA82F34BB1C3F1200105FA03FE20FAFA
:10EA100001F19F4041EA0E0E9C404FEA1748BEFBB1
:10EA2000F8FC1FFA87F908FB1CE20CFB09F0210C2B
:10EA300041EA024290420AD9BA180CF1FF3180F043
:10EA40001881904240F21581ACF1020C3A44121A3E
:10EA5000B2FBF8F008FB102200FB09F1A4B244EA73
:10EA60000244A14209D93C1900F1FF3280F0038130
:10EA7000A14240F2008102383C44641A002140EA7D
:10EA80000C401EB10022DC40C6E90042BDE8F08720
:10EA900002B9FFDEB2FA82F3002B4FD18D1A0121A9
:10EAA0004FEA124E1FFA82F8B5FBFEFC0EFB1C5516
:10EAB00008FB0CF0220C42EA0545A84207D97D1953
:10EAC0000CF1FF3202D2A84200F2E98094462D1ADE
:10EAD000B5FBFEF00EFB105508FB00F8A4B244EAAB
:10EAE0000544A04507D93C1900F1FF3202D2A045E8
:10EAF00000F2D9801046A4EB080440EA0C40C0E7BD
:10EB00008B4208D9002E00F0B1800021C6E9000533
:10EB10000846BDE8F087B3FA83F100294BD1AB4238
:10EB200002D3824200F2B980841A65EB030301200C
:10EB30009E46002EAAD0C6E9004EA7E79F40C3F12B
:10EB40002002D1404FEA174EB1FBFEF01FFA87F8C2
:10EB50000EFB101124FA02F29D4000FB08FC2A4330
:10EB6000150C45EA0145AC4504FA03F409D97D19B1
:10EB700000F1FF3180F08F80AC4540F28C8002388C
:10EB80003D44A5EB0C05B5FBFEF10EFB115C01FB52
:10EB900008F995B245EA0C45A94507D97D1901F157
:10EBA000FF3274D2A94572D902393D44A5EB09055B
:10EBB00041EA004178E7C1F120078B4022FA07FCC7
:10EBC0004CEA030C25FA07F44FEA1C4EB4FBFEF99D
:10EBD0001FFA8CF80EFB194420FA07F309FB08FA18
:10EBE0008D401D432B0C43EA0444A24502FA01F276
:10EBF00000FA01F309D91CEB040409F1FF3048D2F3
:10EC0000A24546D9A9F102096444A4EB0A04B4FB65
:10EC1000FEF00EFB104400FB08FAADB245EA0444D6
:10EC2000A24508D91CEB040400F1FF352DD2A24502
:10EC30002BD90238644440EA0940A0FB0289A4EBC6
:10EC40000A044C45C6464D4619D316D05EB1B3EB07
:10EC50000E0264EB050404FA07F722FA01F31F43DE
:10EC6000CC40C6E900740021BDE8F087314630464B
:10EC70000CE78C46EBE61046FFE64345E6D2B8EBE0
:10EC8000020E69EB0C050138E0E72846D3E7114690
:10EC90008CE78146B9E7084673E7084649E7ACF1D7
:10ECA000020C3D4413E702383C4424E7704700BFA0
:10ECB00010B50C46416986B001F26C710369826936
:10ECC0000491016803EB43030391416802EB4202A4
:10ECD000029181680191C1682046009104490B446A
:10ECE00004490A440449FBF741FC204606B010BD24
:10ECF000F5400B08E0400B08C0400B08002102F073
:10ED00009FBB0A22002102F02BBC000010B5044674
:10ED10000448134620B10A4602202146AFF3008082
:10ED200010BD00BF0000000008B5801A61EB0301B0
:10ED3000FEF776FF08BD00002DE9F0410C460746BE
:10ED400003F026FB21468046384603F025FB436945
:10ED500004469A0703F26C7605D1642296FBF2F31F
:10ED600002FB13637BBB4FF4C87396FBF3F503FB05
:10ED70001565B5FA85F56D093022684B02FB05353E
:10ED800002F0C6FD02F0D0FD654B1B6853B3D8F806
:10ED90000430B34219D1D7E90067D8E90823D8F87D
:10EDA0000010D1B9964277EB030323DAD8E9122396
:10EDB000964277EB0303B4BF0123002323621BDBDE
:10EDC000D8F828101AE00125D6E7304602F0F8FC02
:10EDD0000028E0D14FF0FF3304E0964277EB0303C5
:10EDE00002DA00232362EBE7D8E91223964277EB9D
:10EDF0000303F6DA01232362D8F850104FF461635D
:10EE000091FBF3F63C2003FB161393FBF0F200FB9F
:10EE1000123061682368891AA2681B1A921B3B2B67
:10EE200023606160A26034DD013161603C3B23609E
:10EE300063683B2B33DD0132A2603C3B6360A36817
:10EE4000172B32DDE269183B0132E261A269A3604F
:10EE50000132062AC8BF0022A261E268236901329A
:10EE6000E26055F823108A420EDD0B2BA2EB010263
:10EE7000E26003F1010205BF0022636922610133F0
:10EE800002BF22616361E26102F048FD2046BDE8F5
:10EE9000F081002BCCDA013961603C33C7E7002BED
:10EEA000CDDA013AA2603C33C8E7002BECDAE26924
:10EEB0001833013AE261A269A360013A48BF062211
:10EEC000A261E268013AE260002ADDD12369013BD8
:10EED00005D42361236955F82330E360D4E70B237D
:10EEE000236163695A1E626103F26B72930705D155
:10EEF000642192FBF1F301FB132363B94FF4C87152
:10EF000092FBF1F301FB1323B3FA83F35B0903F5DF
:10EF1000B673E361DEE70123F9E700BF7C410B082C
:10EF2000B80400200A44914200F1FF3300D1704739
:10EF300010B511F8014B914203F8014FF9D110BD02
:10EF4000884210B501EB020402D98442234607D857
:10EF5000431EA14208D011F8012B03F8012FF8E756
:10EF6000014602448A4200D110BD13F8014D02F857
:10EF7000014DF7E703460244934200D1704703F87E
:10EF8000011BF9E7F7B5016804463B2911D93C227A
:10EF9000684602F053FE019A63680099002A0B4408
:10EFA0006360BBBF3C3203F1FF3322602260B8BF15
:10EFB000636061683B2911D93C22684602F03EFE3D
:10EFC000019AA3680099002A0B44A360BBBF3C329E
:10EFD00003F1FF3362606260B8BFA360A1681729C4
:10EFE00011D91822684602F029FE019AE3680099B7
:10EFF000002A0B44E360BBBF183203F1FF33A26069
:10F00000A260B8BFE36021690B2911D90C226846C0
:10F0100002F014FE019A63690099002A0B446361AF
:10F02000BBBF0C3203F1FF3322612261B8BF6361C1
:10F030006369990720D1642193FBF1F201FB12323D
:10F04000E2B94FF4C87103F26C7393FBF1F201FB68
:10F050001233002B14BF1C231D23E268002A0FDC8F
:10F060000B2664204FF4C875314FD4F80CC0BCF1A6
:10F07000000F31DD03B0F0BD1C23EEE71D23ECE7EC
:10F080004FF0000C64254FF4C876294FD4E90312E1
:10F09000012A0CBF184657F822008142EADD0132EE
:10F0A000091A0C2AE1602261F0D163695A1C9107A8
:10F0B000C4E904C237D192FBF5F105FB1122002A05
:10F0C00033D103F26D7393FBF6F206FB1233002B80
:10F0D00014BF1C231D23D9E72169013921610131A6
:10F0E00014D16369591E8A07C4E9046117D191FBE1
:10F0F000F0F200FB1211A1B903F26B7393FBF5F26E
:10F1000005FB1233002B14BF1C231D232269012A87
:10F110000CBF1A4657F822206244E260A5E71C2380
:10F12000F4E71D23F2E71C23B0E71D23AEE700BF81
:10F130001C410B082DE9F04F8BB0054603F028F970
:10F140004FF03C0A07462846FFF71CFFD5E900238D
:10F150000AFB03234FF4616AA868B44A0AFB003A29
:10F16000D5E9034352F82320013C012B6E69144476
:10F1700011DDB1070FD1642296FBF2F302FB13639A
:10F1800043B94FF4C87206F26C7191FBF2F302FBC3
:10F19000131303B9013444F6206206F51C531033EF
:10F1A0009342EC6100F26881462E77DD462340F2FF
:10F1B0006D1E64214FF4C8709A0769D193FBF1F278
:10F1C00001FB1232002A66D103F26C7C9CFBF0F248
:10F1D00000FB12C2002A14BF72464FF4B77201330B
:10F1E0009E421444E8D1924B4FEAEA7BC3FB04AB46
:10F1F00002F08EFB02F098FB8E4BD3F80090B9F131
:10F20000000F3FD0D5F8209068697B68B9F1010FF5
:10F2100000F26C70C846A8BF4FF0010883427FD14E
:10F220003B6D1946DA17CDE90012D7E91212CDE984
:10F230000212DDE90201BA6A801A61EBE2718245CD
:10F24000CDE906017BEB010171DA0098396A091AF0
:10F2500004910198796A61EB0001059139680029F0
:10F2600075D0DDE9040182457BEB010105DBDDE9B9
:10F27000060182457BEB01016FDBB9F1000F4FF016
:10F2800000096FDABB6A1AEB030A4BEBE37BAEE0D3
:10F2900040F26D12A3E74FF4B772A0E7A3D0452365
:10F2A00040F26D1E64214FF4C87012E062BB93FB04
:10F2B000F1F201FB123252BB03F26C7C9CFBF0F2C8
:10F2C00000FB12C2002A14BF72464FF4B772A41A90
:10F2D000013B9E4203F00302E8DBDAB9642296FBAD
:10F2E000F2F302FB1363C3B94FF4C87206F26C71F8
:10F2F00091FBF2F302FB1313002B40F26D1308BFD6
:10F300004FF4B773E41A6EE740F26D12DFE74FF483
:10F31000B772DCE740F26D13F4E74FF4B773F1E72F
:10F3200002F04EFA00287FF47BAFC14654E000980B
:10F330000299091A08910198039961EB000109915A
:10F34000DDE9080182457BEB0101EEDB7DE7DDE9CC
:10F35000040182457BEB010189DBB9F1000F3FDB42
:10F360004FF0010988EA0908B8F1010F34D1B9F169
:10F37000000F4FD0D31A2A681AEB030A1A442A60E6
:10F380002846D5F80C804BEBE37BFFF7FBFDEA68E2
:10F39000B2EB080220D0012A3EDC901CD8BF01222B
:10F3A000EB691444D31847D5721E910737D16421F5
:10F3B00092FBF1F301FB1323A3BB4FF4C87206F2D7
:10F3C0006B7696FBF2F302FB1366002E40F26D1390
:10F3D00018BF4FF4B673EB61B9F1010F7FF452AF70
:10F3E0004FF001093B6D1AEB030A4BEBE37B02F094
:10F3F00095FA0723043494FBF3F3C3EBC303E41A35
:10F4000048BF0734C5F82090AC61504659460BB050
:10F41000BDE8F08F9B1AAEE74FF0FF32C0E74FF424
:10F42000B673D8E740F26D13D5E700BF4C410B0827
:10F4300080510100B8040020B20717D1642196FB67
:10F44000F1F201FB1262A2B94FF4C87106F26C76B8
:10F4500096FBF1F201FB1266002E40F26D1208BF1E
:10F460004FF4B7729342A8BF9B1AB4E740F26D12F3
:10F47000F8E74FF4B772F5E74FF0FF3A4FF0FF3B74
:10F48000C3E700BF38B50D4B04461D68AB6B7BB9B5
:10F490001820FBF753F80A4A0A4BA863C0E9002377
:10F4A000094B012283600B2383810023C0E90423DD
:10F4B0000022AB6B1C615A6138BD00BF10000020F8
:10F4C0000E33CDAB34126DE6ECDE0500024610B50E
:10F4D000147813460132002CFAD1013B11F8012BAC
:10F4E00003F8012F002AF9D110BD0346C9B218460E
:10F4F00013F8012B12B18A42F9D17047002918BFC5
:10F500000020704710B50446FFF7EFFF18B92046FA
:10F5100000F092FD204410BD10F8012B11F8013BC2
:10F52000012A28BF9A42F7D0D01A7047034611F833
:10F53000012B03F8012B002AF9D17047024B014639
:10F54000186800F003B800BF1000002070B5044632
:10F5500008460D4600F070FD461C31462046FBF77C
:10F5600035F8044618B132462946FFF7DBFC204641
:10F5700070BD0000416940F26C730029A8BF6FF0B4
:10F580006303CA188B0705D1642192FBF1F301FBD9
:10F590001323DBB94FF4C87192FBF1F301FB132382
:10F5A000B3FA83F35B09D0E90602400000EB0210D6
:10F5B000184441F2A26398423AD021DC01281ADCB7
:10F5C0000028B4BF00204FF0FF3070470123EAE766
:10F5D000172813D8DFE800F00C0C0C0C12120C0CDE
:10F5E000121212121212121212120C0C12120C0C13
:10F5F0004FF0FF3070470A381728E9D900207047CC
:10F6000041F2B463984206DC41F2B1639842D4BF40
:10F61000002001207047A0F5B65002381528EDD81B
:10F620000123834003481840003818BF0120704769
:10F63000012070471F002A002DE9F04F1E460023CD
:10F6400007460D461C4691B004931378002B00F03A
:10F65000DA84252B1FD192F80190B9F1300F24D014
:10F66000B9F12B0F21D04FF0000902F1010A9AF8ED
:10F670000030313B082B1BD850460A2208A902F063
:10F6800095F88046DDF820A09AF80030452B12D17D
:10F690000AF1010A11E0691EA14202D8002400F01B
:10F6A000B5BC3B5501320134CFE702F1020ADEE777
:10F6B0004FF00008E8E74F2BEAD09AF80000A0F1DD
:10F6C0002503552BEAD801A252F823F0FBFF0A08C4
:10F6D0009DF60A089DF60A089DF60A089DF60A0896
:10F6E0009DF60A089DF60A089DF60A089DF60A0886
:10F6F0009DF60A089DF60A089DF60A089DF60A0876
:10F700009DF60A089DF60A089DF60A089DF60A0865
:10F710009DF60A089DF60A089DF60A089DF60A0855
:10F720009DF60A089DF60A089DF60A089DF60A0845
:10F730009DF60A089DF60A089DF60A0861F80A086F
:10F74000B9F80A082BF90A08C3F90A089DF60A084D
:10F750000DFA0A0801FB0A080BFC0A0819FC0A0842
:10F760009DF60A089DF60A089DF60A0849FC0A0853
:10F770009DF60A089DF60A085DFC0A089DF60A082F
:10F78000ADFC0A08C3FD0A08D3FD0A0827FE0A08D3
:10F7900037FE0A08A9FE0A0823F90A08DDFE0A084E
:10F7A000A9FF0A089DF60A089DF60A089DF60A08B0
:10F7B0009DF60A089DF60A089DF60A0825F80A082B
:10F7C0008FF80A08E5F80A089FF90A089FF90A085D
:10F7D0009DF60A0863FA0A088FF80A089DF60A08D7
:10F7E0003BFC0A080BFC0A0819FC0A0843FC0A083F
:10F7F0004DFC0A089DF60A085DFC0A089DF60A08F9
:10F8000013F90A08BFFC0A08C7FD0A080DFE0A081A
:10F810009DF60A089BFE0A081BF90A08C1FE0A08A1
:10F8200039FF0A08B369A94A183352F823804046C1
:10F8300000F002FC08F1FF3820446B1EA04207D103
:10F840009AF80030002B00F0DE830AF10102FCE69A
:10F85000A3427FF623AF18F8012F3A550134EDE7A4
:10F86000B2699A4B03EB8203D3F87C80404600F0E8
:10F87000E3FB08F1FF3820446B1EA042E0D0A34216
:10F880007FF60CAF18F8012F3A550134F5E78F4B8E
:10F89000326953F82280404600F0CEFB08F1FF3871
:10F8A00020446B1EA042CBD0A3427FF6F7AE18F8DF
:10F8B000012F3A550134F5E73369844A0C3352F885
:10F8C0002380404600F0B8FB08F1FF3820446B1E4F
:10F8D000A042B5D0A3427FF6E1AE18F8012F3A5509
:10F8E0000134F5E7794BD3F8A080404600F0A4FB43
:10F8F00098F80030002BA3D01A9B42460093334661
:10F90000291B3819FFF798FE00287FF7C7AE04447B
:10F9100096E76E4BD3F8E480E7E76C4BD3F89C8016
:10F92000E3E76A4BD3F89880DFE76949D6F814B06B
:10F930008B45ACBF00210121BBF1000F10DB64201F
:10F940009BFBF0F01330B9F1000F13D0632824DDD6
:10F95000604A614BB9F12B0F18BF13465F4A0BE0A9
:10F960000BF26C70059102F065F96423059990FB28
:10F97000F3F0E8E7574B5A4AB8F1020F2CBFC1EB3E
:10F980000801C1F102010190009151485549834598
:10F99000B8BF0B46291B381929E04E4BDEE7524908
:10F9A000524AF368642808BF0A46291B3819FAF737
:10F9B000F5FD0028FFF672AE0444A5423FF640AFC5
:10F9C0006CE670693369002803F1010B07EB04084A
:10F9D000F368A5EB04090DDB642190FBF1F201FB58
:10F9E0001202CDE9003249465B464046404AFAF7EA
:10F9F000D5FDDEE700F26C70059302F01BF964227E
:10FA000090FBF2F1059B01FB1202EAE725238DF83A
:10FA10002030B9F1000F13D0B8F1060F38BF4FF006
:10FA20000608B8F106038DF821900ED10DF12200E1
:10FA30003049FFF77BFD1A9B08AA009333465FE726
:10FA40004FF02B094FF00A08EBE71E212A4A0DF16F
:10FA50002200FAF7A3FD0028E8DD0DF12203184487
:10FA6000E6E73046FFF786FD80467069002811DB27
:10FA7000642290FBF2F302FB13039844642398FB87
:10FA8000F3F003FB10889844B8FBF3F203FB1283F6
:10FA9000154A8AE700F26C7002F0CCF8642390FB00
:10FAA000F3F2B8F1000F02FB130306DA7169134A8F
:10FAB0009142B8BF4FF00108DFE7DED07169044A18
:10FAC0009142B8BF4FF0FF38D7E700BFE8430B08BB
:10FAD00094F8FFFFE6370B08EB410B08E3410B08F6
:10FAE000DC410B08ED370B08FB410B08ED410B081F
:10FAF000F1410B0837420B0800420B0895F8FFFF55
:10FB0000B74B716930469942ACBF00230123CDE960
:10FB10000531FFF72FFD0699834600292ADB642271
:10FB200091FBF2F21332706900282DDB4FF0640C68
:10FB300090FBFCFE0CFB1E00BBF1000F33DA716979
:10FB4000A84B994239DB0BEB0003591C3AD16323D4
:10FB5000013A642000FB0232059B002B37D02D2395
:10FB60008DF82030B8F1000F01D008F1FF380DF109
:10FB7000210337E001F26C70069102F05BF8642219
:10FB8000069990FBF2F2CEE700F26C70CDE9061216
:10FB900002F050F8DDE906124FF0640C90FBFCFE19
:10FBA0000EFB1C00C8E7CED08D4B9942B6BF012397
:10FBB00000234FF0FF3B0593C5E74FF0010BCDF855
:10FBC00014B0C0E7642B04BF00230132C1E7B9F1D0
:10FBD0002B0F06D142F20F739A4202D98DF8209072
:10FBE000C0E708AB25211970B9F1000F09D1581CE5
:10FBF0007D490592FFF79AFC059A0092434608AAB0
:10FC000058E03021981C5970F2E77849784AB36877
:10FC10006B2808BF0A46C8E6B36863B10C2B04D052
:10FC20000C2193FBF1F201FB123371496F4A492811
:10FC300008BF0A46B9E60C23F7E7F3696D4A0133BA
:10FC4000B3E63369013323E7736821E76B1EA342F0
:10FC50007FF624AD0A233B550134F1E5B3680B2B45
:10FC6000CCBFA422A022644B1344D3F804804046A6
:10FC700000F0E2F908F1FF32204405F1FF3CA04218
:10FC80003FF4DEADA4457FF609AD9AF8001012F8F6
:10FC9000013F502907D15949C95C01F003010129ED
:10FCA00008BF2033DBB23B550134E8E77368544AA0
:10FCB0000093B368291B3819FAF770FC79E6336AA8
:10FCC000002B7BDB01F024FE049B0BB901F02CFE22
:10FCD00002F05EFB336A002BCCBF50232823C358AD
:10FCE000C3F1000901F01AFE01230493D6F814C0F1
:10FCF000A5EB040E6246BCF145014FEAE2730291A6
:10FD000043F1FF310391DDE90201002871F10001A7
:10FD100007EB040805DABCF1420143F1FF3302911D
:10FD20000393029B0CF1FF329808039B40EA837017
:10FD30009910642392FBF3F3C01A61EBE3714FF463
:10FD4000C8730CF22B1292FBF3F3C01841EBE37172
:10FD500040F26D13ACF1460C03FB0CFC10EB0C00F5
:10FD600041EBEC714FF0180CF369C01841EBE371F3
:10FD7000A0FB0C230CFB01334FF03C0CB168521874
:10FD800043EBE173A2FB0C010CFB03117368C01879
:10FD900041EBE371A0FB0C230CFB013331684046BF
:10FDA000521843EBE173B2EB090263EBE973CDE95F
:10FDB00000237146134AFAF7F1FBFAE54FF0000908
:10FDC00094E7336864E66B1EA3427FF667AC0923B1
:10FDD00041E733680C4A019373680093B368D9E52F
:10FDE00094F8FFFF95F8FFFF04420B08ED410B0864
:10FDF000FB410B0808420B08E8430B0821450B08A0
:10FE000017420B080D420B0812420B086B1EA3424F
:10FE10007FF644ACB3693A19013413B93723137030
:10FE20000EE53033FBE7F369B26907339B1A07220B
:10FE300093FBF2F32CE63046FFF79CFBB26932B13C
:10FE4000013A002827DCF36903D10A33EEE70622E2
:10FE5000F7E77069D31A002840F26B72A8BF6FF001
:10FE600064021044820705D1642290FBF2F102FB88
:10FE7000110171B94FF4C87190FBF1F201FB12024C
:10FE8000B2FA82F252099A1A052AB4BF35233423F2
:10FE9000FEE50122F7E70123FAE56B1EA3427FF698
:10FEA000FDABB3693033D6E6B3693BB1013BF269D0
:10FEB0000732D21A072392FBF3F3E9E50623F6E7AC
:10FEC0007069002805DB642290FBF2F303FB120348
:10FED000DEE500F26C7001F0ADFEF4E773694D4AA7
:10FEE00093420CDA2D21A2EB030B8DF82010B8F110
:10FEF000000F01D008F1FF380DF121030CE0B9F13A
:10FF00002B0F03F26C7B06D142F20F739B4502D993
:10FF10008DF82090EBE708AB25221A70B9F1000F9D
:10FF200006D1581C3C49FFF701FBCDF800B065E64F
:10FF30003022981C5A70F5E7336A002BFFF680AC2C
:10FF400001F0E6FC049B0BB901F0EEFC02F020FA94
:10FF5000336A07EB0409002BCCBF50232823C35876
:10FF6000A5EB040BC3F1000801F0D8FC3C2398FB7F
:10FF7000F3F002F0C1FA3C2390FBF3F202FB130012
:10FF80004FF46163009098FBF3F359464846234AC7
:10FF9000FAF704FB0028FFF681AB0444A5427FF684
:10FFA0007DAB012304934BE4336A002BFFF648AC8E
:10FFB00001F0AEFC049B0BB901F0B6FC336A184AA1
:10FFC000002BD4BF0023012352F82380404600F0C9
:10FFD00033F808F1FF3820446B1EA04202D101F033
:10FFE0009DFCDEE7A34204D918F8012F3A550134ED
:10FFF000F3E701F093FCFFF751BB6B1EA3427FF6C2
:02000004080BE7
:100000004DAB252327E60DB100233B55204611B00B
:10001000BDE8F08F94F8FFFF04420B0821420B0863
:100020007400002013B5034C0094FFF705FB02B0E9
:1000300010BD00BFDC000020034613F8012B002A8E
:10004000FBD1181A0138704710B56AB1013984180C
:1000500010F8013B11F8012F934203D1A04201D0C7
:10006000002BF5D1981A10BD1046FCE7034610B5D9
:10007000013932B111F8014F013A03F8014B002C5C
:10008000F7D100211A44934200D110BD03F8011B9F
:10009000F9E783070FD1642290FBF2F302FB13030D
:1000A0005BB94FF4C87290FBF2F302FB1300B0FA95
:1000B00080F040097047002070470120704770B5FC
:1000C0000421044640F2B1750726013CAC4201DC34
:1000D000084670BD2046FFF7DCFF01F26D110144B8
:1000E00091FBF6F0C0EBC000091AEEE72DE9F041F4
:1000F00005460E469046002456F8240010B94FF0ED
:10010000FF340DE0FFF798FF43460746024656F8D6
:100110002410286802F058FE28B92868384428605E
:100120002046BDE8F0810134E6E700002DE9F04FFC
:100130000F4614461E46002587B0DFF84893DFF8C7
:10014000488301903A786ABB05F00703072B40F01B
:100150000983EA0612D4C54B2669606953F8261054
:10016000E36800F26C701944E161FFF792FF08B197
:10017000012E01DC0139E16145F0100505F01C0597
:10018000142D0DD1606900F26C70FFF798FFE369E0
:100190001844072390FBF3F3C3EBC303C01AA06119
:1001A000019821E212F8093018070AD5019B1A7844
:1001B00019F80220110701D40137C3E70133019375
:1001C000F4E7252A40F0CA827B78002B00F0C68233
:1001D000452B00F0BB804F2B00F0B8800137A3F116
:1001E0002502D1B2542900F2AC82542A00F2A9822D
:1001F00001A151F822F000BF3B070B0843070B0891
:1002000043070B0843070B0843070B0843070B087A
:1002100043070B0843070B0843070B0843070B086A
:1002200043070B0843070B0843070B0843070B085A
:1002300043070B0843070B0843070B0843070B084A
:1002400043070B0843070B0843070B0843070B083A
:1002500043070B0843070B0843070B0843070B082A
:1002600043070B0843070B085B030B0879030B08D4
:1002700097030B08DD030B0843070B080F040B085B
:1002800043070B0833040B084F040B0843070B0804
:1002900043070B0843070B08CD040B0843070B0863
:1002A00043070B0843070B0843070B082D050B08F2
:1002B0008F050B08AF050B08EF050B082D060B0883
:1002C0007F060B08F1060B081D070B08B9010B0888
:1002D00043070B0843070B0843070B0843070B08AA
:1002E00043070B0843070B0873030B0891030B0824
:1002F000BF030B08EF030B08EF030B0843070B08C2
:1003000043070B0891030B0843070B088D040B08E8
:1003100033040B084F040B08AF040B08E7040B0869
:1003200043070B08F3040B0843070B0815050B08DC
:1003300035050B08A7050B08B7050B0843070B0885
:10034000D3050B08E7060B08FB060B08BB78BA1CA5
:10035000002B00F0F181174641E73246444901A8DD
:10036000FFF7C4FE0028C0F23E81A06145F00805F9
:1003700022E732463F49F2E732463F4901A8FFF7FC
:10038000B5FE0028C0F22F81206145F0020513E779
:1003900032464146F2E733460A22019803A901F0AA
:1003A000D5F8039A019B9A4200F01D8164235843BB
:1003B000A0F26C706061019245F00405FCE63346E2
:1003C0002246D8F8A0100198FFF7B0FE039000284D
:1003D00000F00981019045F00F05EDE63346224615
:1003E00026490198FFF7A2FE0390F0B9FBE03346DF
:1003F0000A22019803A901F0A9F8039B019A9342EC
:1004000000F0F180E060019345F00105D4E6334649
:1004100022461B490198FFF789FE0390002800F04F
:10042000E280019B984200F0DE80019045F00705D4
:10043000C2E633460A22019803A901F087F8039B1C
:10044000019A934200F0CF80A0600193B4E6334656
:100450000A22019803A901F079F8039B019A9342BB
:1004600000F0C1800C2808BF0020EDE740420B08D7
:1004700064440B0848440B0818440B082D420B0831
:1004800036420B0821450B08E8430B0833460A2285
:10049000019803A901F05AF8039B019A934200F0D6
:1004A000A2800138E061019345F0100584E63346EF
:1004B0000A22019803A901F049F8039B019A93428B
:1004C00000F091800138206101935EE733460A22F3
:1004D000019803A901F03AF8039B019A934200F0B6
:1004E00082806060B1E7019B1A780A2A00F02E81B1
:1004F00079E03246AC4901A8FFF7F8FD002872DB2D
:10050000A3682BB901287FF457AE0C23A36053E6F0
:100510000C33FBE733462246D8F8E4100198FFF786
:1005200005FE039000285ED0019045E63346224642
:100530009E49F3E7FAF752F80568FAF74FF80023F7
:100540000A22036003A93346019801F0A9F8824604
:100550008B46039A019BCDE904AB9A4243D0FAF74C
:100560003DF80368002B3ED1DDE904235B4508BF5D
:10057000524538D1214604A8FEF7DEFB844232D131
:10058000FAF72CF8039B05601F25019314E6334608
:100590000A22019803A900F0D9FF039B019A934214
:1005A00021D0206051E7019B1A78092A9EE7334643
:1005B00022467F49B2E733460A22019803A900F098
:1005C000C5FF039B019A93420DD00138A0610193AE
:1005D000CCE633460A22019803A900F0B7FF039B3B
:1005E000019A9342F2D1002007B0BDE8F08F334664
:1005F0000A22019803A900F0A9FFDDF80CB0019BC5
:1006000082469B45EFD06069CAEBCA0A00F26C7063
:10061000FFF755FDA36953441B1A002BE36102DA6F
:10062000A0610023E361CDF804B03DE733460A2220
:10063000019803A900F08AFFDDF80CB0019B824607
:100640009B45D0D0606900F26C70FFF738FD07233E
:10065000821D92FBF3F3C3EBC303D21A032ACCBF70
:10066000002307230AF1FF30C0EBC0000344A06958
:1006700003449B1A002BE361D5DAA261D1E733462C
:100680000A22019803A900F061FFDDF80CA0019B8C
:1006900083469A45A7D0606900F26C70FFF70FFDA2
:1006A0004FF0070C831D93FBFCF2A169C2EBC20261
:1006B00006319B1A91FBFCF2C2EBC202891ACBEB0A
:1006C000CB020A44D21A002AE26109DA013393FB11
:1006D000FCFCCCEBCC0CA3EB0C03A3610023E3618B
:1006E000CDF804A0E0E633462246D8F89C1078E620
:1006F00033462246D8F8981010E733460A2201986C
:1007000003A900F023FF039B019A93423FF46BAFD0
:10071000452800DC6430606101934DE633460A22CF
:10072000019803A900F012FF039B019A93423FF442
:100730005AAFA0F26C70EEE70137019B1A78252AB8
:10074000D4E6019A1178252902D1019B01337CE678
:10075000511C019152789A42F7D044E7019B1978D5
:100760009142C3E605F01403142B7FF407AD15F096
:10077000020303D1E1691E291EDC2361EB073FF56B
:10078000FDAC26690B4BE16953F826306069C91A44
:10079000E16000F26C70FFF77CFC10B1012E3FF7B6
:1007A000EDAC0131E160E9E48C440B088D300B08BD
:1007B000E6340B0840420B086069084E00F26C708A
:1007C000FFF767FC022356F823200244914202DB24
:1007D00001330C2BF7D1013BCFE700BF40420B08A0
:1007E000014BFFF7A3BC00BFDC00002038B5034677
:1007F0000C4669B9BDE83840FEF777BE0546431C94
:1008000021461846FEF771FE0028F7D1284638BD6C
:100810000025F5E72DE9F0410F46904602F084F9F6
:1008200004460D46B8F1000F11D0C7F30A53C3F1C7
:100830006B03002B0BDD00241B0503F17F5505F531
:10084000401522462B46FDF719FA04460D46204670
:100850002946BDE8F08100002DE9F04F9B460023BA
:10086000A1B01C93A14B82461F680E4638461792D2
:10087000FFF7E2FB4FF0000804464FF000091B961B
:100880001B9B1A782B2A4CD03AD80D2A33D8082A29
:1008900033D8002A3DD000230C931B9D2B78302B9E
:1008A00040F0AF806B7803F0DF03582B6CD10C9BCA
:1008B000504601931CAB00938D4ACDF808B01DAB98
:1008C0001BA901F037FA10F00706044605D0062EE2
:1008D00029D1002301351B950C93179B002B40F069
:1008E00096850C9BD3B1424609F100431046194648
:1008F00021B0BDE8F08F202ACDD101331B93BFE793
:100900002D2AC8D101220C925A1C1B925B78002B15
:10091000C3D1179B1B96002B40F0778542464B4670
:10092000E4E70022EFE71C9A3AB135211EA802F055
:10093000F2F950461C9901F02DFE013E052E07D814
:10094000DFE806F00E0B181D0E034FF00009C84635
:100950002107C2D549F00049BFE7DDE91E89F7E765
:100960001D9ADDE91E8302F2334223F4801343EA29
:100970000259EDE74FF00008DFF87891E8E76FF0F3
:1009800000494FF0FF38E3E71B9B5A1C1B925B7832
:10099000302BF9D0002BA0D0012307931B9B0A22F8
:1009A000089300239B46CDE905331B980578A5F1F4
:1009B0003003D9B2092926D922463946FFF744FB2C
:1009C000002832D000202B465C4602460490652B5E
:1009D00001D0452B13D11CB9079B034399D00024A8
:1009E0001B9E731C1B9373782B2B78D02D2B7BD0E5
:1009F0000027A3F13001092940F282801B960025CF
:100A00009EE00023C9E7BBF1080FD5BF0699059901
:100A100002FB013302FB013300F10100D4BF069356
:100A200005930BF1010B1B90BFE71B9B1A191B923F
:100A30001B5DBBF1000F36D05C460490A3F1300281
:100A4000092A12D90122C2E71B9B01305A1C1B92B2
:100A50005B78302BF8D0A3F13102082A00F2DC8455
:100A60000490002004461B9A0892303B00F10102DA
:100A700013D0049905191144049122460A21AA426F
:100A800013D12218082A04F1010404441BDC0A22B1
:100A9000069902FB0133069300221B9B1046591C4A
:100AA0001B915B78CAE75846D3E7082A04DC069F07
:100AB0004F4306970132E2E7571C102FDEBF059F18
:100AC0004F430597F6E7102CDFBF0A22059902FB7A
:100AD00001330593E0E70023012204937CE700271C
:100AE000B31C1B93B37884E70127F9E724460B086E
:100AF0007C420B080000F07F1B9B591C1B915B780C
:100B0000302BF9D0A3F1310108293FF678AF4FF02F
:100B10000A0EA3F1300C1B9B09931B9B591C1B91C4
:100B20005B78A3F13005092D35D9099D491B0829AA
:100B300044F61F6502DC6545A8BF654607B16D42F6
:100B4000002C4CD1079901437FF4C7AE002A7FF4F3
:100B5000E0AE692B26D023DC492B23D04E2B7FF42B
:100B6000D8AE9C491BA801F021FB00283FF4D1AE70
:100B70001B9B1B78282B2CD197491EAA1BA801F080
:100B800029FB052825D11F9BDDF8788043F0FF491C
:100B900049F4E009A1E60EFB0C3CACF1300CBCE7DB
:100BA0006E2BDCE78D491BA801F000FB00283FF409
:100BB000B0AE1B9B8A49013B1BA81B9301F0F6FAC0
:100BC00010B91B9B01331B934FF00008DFF82092F4
:100BD00083E6844802F0F2F8804689467DE6049B6D
:100BE000BBF1000F08BFA346EB1A102C069826464F
:100BF0000793A8BF1026FCF7C7FF092C804689463B
:100C000013DD794B03EBC60353E91223FDF736F8E6
:100C1000804605988946FCF7B7FF02460B464046DA
:100C20004946FCF775FE804689460F2C36DC079B4B
:100C3000002B3FF452AE22DD162B09DC6A4C4246F3
:100C400004EBC3044B46D4E90001FDF717F8C3E7F2
:100C5000079AC4F12503934220DB634DC4F10F04CE
:100C600005EBC4014246D1E900014B46FDF706F809
:100C7000079B1C1B05EBC405D5E90023E5E7079B93
:100C800016330BDB049B584A5D1B02EBC50540463F
:100C9000D5E900234946FDF71BF99DE7079BA61BF5
:100CA0001E44002E71DD16F00F030AD04E49424655
:100CB00001EBC301D1E900014B46FCF7DFFF8046A1
:100CC000894636F00F0650D0B6F59A7F27DD4FF0F3
:100CD000000BCDF810B0CDF820B0CDF818B022231D
:100CE0004FF00008DFF80891CAF80030089B002B8D
:100CF0003FF4F3AD50461C9901F04CFC5046069968
:100D000001F048FC5046049901F044FC5046089913
:100D100001F040FC5946504601F03CFCDDE5002363
:100D2000404649461F463611012E21DC0BB1804654
:100D300089462E4BA9F1547903EBC7074246D7E900
:100D400000014B46FCF79AFF294B0A460B40294904
:100D500080468B42BBD8A1F580118B4286BF4FF0F5
:100D6000FF38DFF8949002F15479002305937EE078
:100D7000F20707D51D4B03EBC703D3E90023FCF7AC
:100D80007DFF012301377610CEE7EED0764216F0D4
:100D90000F020AD0144B404603EBC2034946D3E985
:100DA0000023FDF795F8804689463611DDD01F2EC9
:100DB00024DD4FF0000BCDF810B0CDF820B0CDF809
:100DC00018B022234FF000084FF00009CAF8003095
:100DD0008CE700BFD1420B0890420B0870420B0811
:100DE00073420B08E6370B0860460B0838460B08C1
:100DF0000000F07F0000A07CFFFFEF7F16F01003E3
:100E000018BF6A234046059349460023B24FF207B4
:100E100004D5D7E90023FCF731FF0123761007F151
:100E20000807F4D10BB180468946059BBBB1C9F3D5
:100E30000A53C3F16B03002B494610DD1F2B40F30F
:100E40002B81342BD8BF4FF0FF324FF00008CFBFBB
:100E50004FF05C79203B02FA03F303EA0109002218
:100E6000002340464946FDF771F90028A1D1069BB1
:100E70005A46009350462346089901F0E0FB08903B
:100E800000283FF424AF049B4FF0000B5D1B079B31
:100E9000CDF810B0002BB4BF2B4600230E93079B58
:100EA00023EAE3731693089B5046596801F03EFB12
:100EB000069000283FF413AF089B0C301A6903F129
:100EC0000C0102329200FEF72DF81EAB01931DAB10
:100ED000009342464B465046CDE90A8901F09EFEFA
:100EE0001C9000283FF4FBAE0121504601F033FC7A
:100EF0000346049000283FF4F2AE1D9D1E9A002D7B
:100F0000ABBF0E9B169BEE185C1B059BA8BF169CE7
:100F1000A5EB03051544714B05F1FF35B8BF0E9ED7
:100F20009D42C2F1360280F2C9805B1B1F2B4FF03D
:100F30000107A2EB030200F3B680002507FA03F3D2
:100F40000F93B718059BBE4214441C443346A8BFF8
:100F50003B46A342A8BF2346002BC2BFFF1AE41A98
:100F6000F61A0E9B002B17DD1A465046049901F025
:100F700097FC049000283FF4B2AE01461C9A5046FC
:100F800001F0F2FB099000283FF4A9AE50461C99ED
:100F900001F000FB099B1C93002F00F39380079B3B
:100FA000002B08DD5046169A069901F079FC069050
:100FB00000283FF494AE002C08DD224650460699E6
:100FC00001F0BCFC069000283FF489AE002E08DD3D
:100FD00032465046049901F0B1FC049000283FF4D9
:100FE0007EAE5046069A1C9901F022FD83460028E9
:100FF0003FF475AE0024C3680499C4600D9301F0FA
:10100000FCFCA04270DA0D9B53EA080340F0968086
:10101000C9F31303002B40F0918029F000431B0D0E
:101020001B05B3F1D66F40F28980DBF8143023B989
:10103000DBF81030012B40F38180594601225046E5
:1010400001F07CFC0499834601F0D7FC002875DD93
:1010500005994B46224A002900F0918002EA0901D5
:10106000B1F1D66F00F38B80B1F15C7F7FF7A9AE51
:1010700000231C4A4046CDE914324946DDE91423D9
:10108000FCF7FCFD0B46034308BF2223804689463C
:1010900008BFCAF800302DE64FF0FF3202FA03F322
:1010A00003EA0808DBE6C5F17F4505F57F0505F590
:1010B0007B45E23507FA05F50F9742E70123002546
:1010C0000F933EE73A4650461C9901F037FC1C90BE
:1010D00000287FF464AF02E6A8420B0802FCFFFF81
:1010E0000000F07F00005039CDF8249066D10D9AB1
:1010F000C9F313035AB39C4A93422CD1059B404633
:1011000003B34B46994A4FF0FF311A40B2F1D46F06
:101110001BD8120DC2F16B0301FA03F398421AD1E6
:10112000934B099A9A4202D101303FF4D8AD4FF067
:1011300000088E4B099A1A4002F58019059B002B76
:1011400096D1D7E54FF0FF33E8E70B46E6E753EAE1
:1011500008033FF47DAFE5B1099B1D42EED00D9B26
:1011600040464946059AC3B1FFF754FB02460B4679
:10117000DDE90A01FCF7CCFB80468946DEE7134037
:10118000A3F580136FEA13594FF0FF386FEA09593E
:10119000D4E70F9B13EA080FE0E7FFF73BFB02469B
:1011A0000B46DDE90A01FCF7B1FB00220023804673
:1011B0008946FCF7CBFF0028C0D002E658460499C8
:1011C00001F07BFD00224FF0804306460F46FCF7FE
:1011D000D1FF002875D00D9B002B47D00026654F0E
:1011E000644D099B23F000431B0D1B050F930F9AC1
:1011F000614B9A4240F0C880DDE90A23CDE914230F
:10120000099B4046A3F15479494601F08DFC024602
:101210000B4630463946FCF731FD42464B46FCF75B
:1012200077FB0B465149554A1940914280465ED999
:101230000B9B02F15472934203D10A9B01333FF49A
:101240004EAD4FF0FF38DFF8289150461C9901F061
:10125000A1F95046069901F09DF95046049901F014
:1012600099F95946504601F095F91CE6B8F1000F7E
:1012700019D1099BC3F31303E3B900223046394661
:101280003C4BFCF76DFFC8B90022304639463C4B59
:10129000FCF7F4FC04460D4605F10043189419933D
:1012A000DDE918679DE7B8F1010F03D1099B002B19
:1012B0003FF487AD00260024324F91E70D9C304D5E
:1012C000EAE72F4B002230463946FCF7D7FC0D9B4E
:1012D00004460D4633B901F1004310901193DDE946
:1012E00010677EE702460B46CDE91023F7E703F1CE
:1012F0005479059B002BA8D129F000430F9A1B0DB0
:101300001B059A42A1D12046294601F0EDFDFCF7CC
:1013100087FC02460B4620462946FCF7F7FA0D9A51
:10132000C9F3130343EA0803134304460D4666D08A
:1013300009A3D3E90023FCF713FF00287FF4DAACFC
:1013400007A3D3E9002320462946FCF727FF0028FE
:101350003FF47BAFCEE400BF9535A094FFFFDF3FA5
:1013600035E5AF350000E03FFFFF0F000000F07FE4
:10137000FFFFEF7F0000F03F0000E07FFFFF9F7C5A
:101380000000E03F0000F0BF059B13B30F9BB3F1DB
:10139000D46F1ED826A3D3E9002320462946FCF7A4
:1013A000E9FE90B129462046FCF72AFF012838BF04
:1013B0000120FCF7E9FB0D9B04460D46D3B901F172
:1013C000004312901393DDE912670F9A07F1D66379
:1013D0009F1ADDE90A0101F0A7FB02460B463046E1
:1013E0003946FCF74BFCDDE90A23FCF791FA80460D
:1013F00089467EE702460B46CDE91223E3E70EA3BA
:10140000D3E90023FCF7ACFEA1E700230C931B9B60
:10141000179A1360FFF765BA652B3FF45CAB452B59
:101420003FF459AB0122FFF78DBB00BFAFF3008043
:101430000000C0FFFFFFDF419535A094FFFFCF3FC5
:101440000A4601460248034B0068FFF705BA00BF91
:1014500010000020DC0000202DE9F0478C46864675
:10146000394E60461CF8014BA55D15F00805F8D112
:101470002D2C33D14FF001089CF8004000F1020CF4
:10148000002B5CD0102B0CD1302C0AD19CF8000022
:1014900000F0DF0058284DD110239CF801400CF1DA
:1014A000020C002608F10047013FB7FBF3F9304674
:1014B00003FB197AA4F13005092D18D82C46A34254
:1014C00024DD751C07D081451DD301D1A2451ADB4F
:1014D000012600FB03401CF8014BEBE72B2C08BF57
:1014E0009CF80040A84608BF00F1020CC8E7A4F130
:1014F0004105192D01D8373CE1E7A4F16105192D0B
:1015000004D8573CDBE74FF0FF36E4E7731C06D105
:1015100022233846CEF8003042B9BDE8F087B8F152
:10152000000F00D04042002AF7D00EB10CF1FF317D
:101530001160F2E73024002BB3D10823B1E7302C3F
:10154000A4D00A23ADE700BF21450B0813460A4685
:10155000014602480068FFF77FBF00BF100000206F
:1015600013460A46014602480068FFF775BF00BFF0
:10157000100000202DE9F04F88461F460D46914689
:1015800087B0464A05902B4615F8014BA65C16F02D
:101590000806F8D12D2C47D101262C789D1C002F50
:1015A00077D0102F09D1302C07D12B7803F0DF032F
:1015B000582B69D110276C7802354FF0FF326FF04D
:1015C000004390194FEAE77B43EBE6713A465B46EE
:1015D000CDE90001FDF79EF9CDE90201BA46964634
:1015E000002300200021A4F1300CBCF1090F20D809
:1015F0006446A7422EDD5A1C13D0DDE902238B423C
:1016000008BF824223D301D1A64520DB0AFB01F3A8
:1016100000FB0B33AAFB000119440123001941EB25
:10162000E47115F8014BDEE72B2C04BF2C789D1CD0
:10163000B5E7A4F1410CBCF1190F01D8373CD8E74C
:10164000A4F1610CBCF1190F04D8573CD1E74FF05D
:10165000FF33E6E75A1C0AD1DDE900012223059A8F
:101660001360B9F1000F0AD107B0BDE8F08F16B1D1
:10167000404261EB4101B9F1000FF5D00BB105F12A
:10168000FF38C9F80080EFE73024002F95D10827F4
:1016900093E7302C89D00A278FE700BF21450B083C
:1016A00013460A46014602480068FFF763BF00BFC1
:1016B000100000202DE9F0438C4686463A4E6046E5
:1016C0001CF8014BA55D15F00805F8D12D2C34D17F
:1016D0004FF001089CF8004000F1020C002B5ED096
:1016E000102B0CD1302C0AD19CF8000000F0DF0048
:1016F00058284FD110239CF801400CF1020C4FF0F8
:10170000FF37B7FBF3F7002503FB07F928466FEA1D
:101710000909A4F13006092E18D83446A34224DD65
:10172000002D1FDB87421DD301D1A1451ADB012506
:1017300000FB03401CF8014BEBE72B2C08BF9CF887
:101740000040A84608BF00F1020CC7E7A4F141061B
:10175000192E01D8373CE1E7A4F16106192E04D80F
:10176000573CDBE74FF0FF35E4E7002D07DA222393
:101770004FF0FF30CEF8003042B9BDE8F083B8F149
:10178000000F00D04042002AF7D00DB10CF1FF311C
:101790001160F2E73024002BB1D10823AFE7302CE1
:1017A000A2D00A23ABE700BF21450B0813460A4627
:1017B000014602480068FFF77DBF00BF100000200F
:1017C0002DE9F74F804600F0E3FD40F2B1739845F4
:1017D00040F397806FF4F66340F26D1243449B1020
:1017E000A8F2B27502FB05356FF06302A8F26D73C3
:1017F00093FBF2F36FF4C8621D444FF4C873424484
:10180000B2FBF3F298FBF3F71544642203FB17874E
:1018100098FBF2F6B7FA87FC04464FF0070E02FB7E
:10182000168608F00303C0F804804FEA5C1C00F140
:10183000500B0093227A63694A2A28D10099EA184A
:1018400001B906B90FBB3B2BD4BF002301231344BE
:101850005A1EA3692C49283401FB02322368134421
:101860001A46DB1744E90223A345E3D1D0E9084532
:10187000D0E91223944275EB0303B4BF0123002384
:101880000360012003B0BDE8F08F0023DFE7442AA6
:1018900001D1EA18DDE7009A6ABB002E0CBFE046D2
:1018A0004FF001084FF0300AE2684FF00009019252
:1018B0002A4616490AFB0818A8F10408019909F1FB
:1018C0000109494558F829A017DC02F1040898FBE2
:1018D000FEF9C9EBC909A8EB0909B3EB09092369AA
:1018E00048BF09F10709013BC3EBC3034B44534510
:1018F00005DA1A44ADE7E046D4E75244DEE7073B99
:10190000F5E70020BEE700BF805101007C410B08D5
:10191000014800F0F5BD00BFCB040020014800F0F5
:10192000F1BD00BFCB040020014B186800F002B8E5
:10193000100000202DE9F04F8DB0074600F028FD83
:10194000B0490546384600F01BFDAF4E044670B95D
:10195000AE4BAF4A1860AF4B1860AF4B3068C3E96D
:101960000022F8F7F3FD34600DB0BDE8F08F316868
:1019700000295FD13068F8F7E9FD2046FEF75CFBEF
:10198000411C3846F8F722FE3060002857D12378F2
:101990000AAE3A2B08BF0134334620469F4AA0497D
:1019A000F8F7ECFD0028DFDD0A9BE718E35C2D2B40
:1019B00049D14FF0FF3401374FF000080DF1200AF4
:1019C0000DF11E0B33463846CDE9016A9549039661
:1019D000CDF800B007AAADF81E80ADF82080F8F76A
:1019E000CDFD4045C0DD3C21BDF81E30BDF82020B6
:1019F000DFF83C9201FB03224FF46161BDF81C301B
:101A000001FB03235C43854BAC62834C4A46236055
:101A10000A9B83491F4438463346F8F7AFFD4045DB
:101A200017DC2368AA6A6360784B1A60794BC3F8A5
:101A3000008099E7FDF770FD00289BD194E72146CF
:101A4000FDF774FDA3E72B2B4FF0010408BF01370E
:101A5000B2E70A9BC4F80490FC18FB5C2D2B40F005
:101A60008C804FF0FF37013400232046ADF81C3046
:101A7000ADF81E30ADF820300A93CDE902A633460A
:101A8000CDE900B6674907AAF8F778FD00287ADCA7
:101A9000AF6AA7F561672F654FF000092F460A9BD3
:101AA0001C4423782C2B08BF013494F80080B8F133
:101AB0004D0F7AD10DF12603CDE9016309AB0093F7
:101AC00020463346584903960DF12202F8F756FD99
:101AD00003287FF449AFBDF822104B1E0B2B3FF6B5
:101AE00043AFBDF82420531E042B3FF63DAFBDF895
:101AF0002630062B3FF638AFC7E9031287F8088077
:101B00007B610A9B04EB03080223ADF81C30002321
:101B1000ADF81E30ADF820300A9398F800302F2B26
:101B200009D133464046CDE902A6CDE900B63F498A
:101B300007AAF8F723FD3C21BDF81E30BDF8202090
:101B4000283701FB03224FF46161BDF81C3001FB13
:101B5000032347F8103C0A9C4444B9F1000F21D0FC
:101B60006868FFF72DFEAA6A284B1A602B6D9B1A36
:101B700018BF0123274A1360F6E62B2B4FF001070D
:101B800008BF013470E73C21BDF81E30BDF82020AD
:101B900001FB03224FF46161BDF81C3001FB0323FC
:101BA0005F4378E74FF001097BE7B8F14A0F0ABFBE
:101BB0004346442301340A2220460BA90593FFF72C
:101BC000F5FDDDF82C80059BA045ADF8260014D16D
:101BD0004D23B9F1000F07D103212B720223C5F861
:101BE0001490C5E903138FE70B2285F830300123E9
:101BF000C5E90D230023EB6386E780B23B72786171
:101C000082E700BFE4440B08B4040020BC040020B9
:101C1000E7440B08B804002074000020A70400204B
:101C2000EB440B080E450B08FA440B080D450B0856
:101C30009C0400200028B8BF4042704710B591FBBB
:101C4000F2F4002902FB141306DB002B01DA013445
:101C50009B1AC0E9004310BD002BC4BF04F1FF3440
:101C60009B18F6E703692DE9F043B3EB611F00F120
:101C700014044FEA611246DD11F01F0104EB8306E4
:101C800004EB82050CD1294600F11007B14235D38F
:101C90009B1A9B00EA1E964238BF0023234415E09E
:101CA000A14654F82270C1F12008CF4005F1040E7E
:101CB0007645F44616D89B1A9A00043A0135AE428E
:101CC00038BF0022A318A75007B10433A342A3EBE7
:101CD000040208BF00234FEAA202026108BF436169
:101CE000BDE8F083DCF800C00CFA08FC4CEA0707FA
:101CF00049F8047B5EF8047BCF40D9E751F804CB68
:101D000047F804CFC2E72346E0E7A0F13003092BF0
:101D100002D82038C0B27047A0F16103052B01D86A
:101D20004738F7E7A0F14103052B01D82738F1E741
:101D3000002070472DE9F04F8BB00693BA4B02900C
:101D40001B688B46184690460393FEF775F982464A
:101D5000039BDBF80020034413F8013C0793931C1A
:101D6000C2F1FF2202F57F02FE32D1181F4613F89E
:101D7000010B01913028F8D0FFF7C7FF0446002877
:101D80003AD1524638460399FEF75EF905460028D7
:101D900066D117F80A0007EB0A06FFF7B6FF00281E
:101DA00060D0334618781F46302803F10103F9D07C
:101DB000FFF7ABFF0123B0FA80F4354664090193C5
:101DC0003A46164630780132FFF79FFF0028F8D1D7
:101DD000524630460399FEF737F980B94DB906EB04
:101DE0000A052A46164630780132FFF78EFF002892
:101DF000F8D1AD1BAD0004E000242546E0E7002D3E
:101E0000F7D1337803F0DF03502B39D173782B2BC4
:101E10002AD02D2B2CD04FF00009711C0878FFF729
:101E200074FF431EDBB2182B2AD8A0F1100211F860
:101E3000010FFFF76AFF431EDBB2182B1BD9B9F164
:101E4000000F00D052421544CBF80010D4B1019BD2
:101E5000002B14BF0027062738460BB0BDE8F08FD3
:101E60003E4625460124CCE74FF00009B11CD5E7DA
:101E70004FF00109FAE70A2303FB0202103AD6E702
:101E80003146E1E72146F31B013B072B50DC02986A
:101E900000F04CFB4FF0000B044600F11409CAF1AE
:101EA0000103CDF81090CDF804B00893B74242D3A7
:101EB000049F019B47F8043BA7EB0907BF1027616C
:101EC000184600F0FAFB7F01D8F800603F1AB742CD
:101ED00065DDBF1B3946204600F040FF8246A8B1B1
:101EE0004FF0010A7B1E591159F8211003F01F020F
:101EF0000AFA02F20A4209D0534505DD2046B91E0E
:101F000000F02CFF002847D14FF0020A3946204646
:101F1000FFF7A8FE3D44D8F80830AB424DDA214621
:101F2000029800F037FB0023149AA327136093E76D
:101F300001315B10A9E7731E079A059316F8013C5F
:101F4000934219D0BBF1200F07D1049B019A43F8AB
:101F5000042B049300239B46019316F8010CFFF712
:101F6000D4FE019B00F00F0000FA0BF00343019335
:101F70000BF1040B059B0DE0059B089A1344BB4233
:101F8000E0D31846524603990993FEF75DF8099B82
:101F90000028D7D11E4689E74FF0030AB6E709DAD1
:101FA000F71B21463A46029800F0C8FC0446ED1B98
:101FB00000F114094FF0000AADE7D8F80400A84278
:101FC0006EDD451BAE4231DCD8F80C30022B22D03E
:101FD000032B24D0012B15D1AE4213D1012E0BD1EE
:101FE000D8F80430069A6227136001232361C9F8E8
:101FF0000030149B1C602FE72046711E00F0AEFEDF
:102000000028EDD12146029800F0C4FA0023149A6A
:102010005027136020E7159B002BF3D1E0E7159BB9
:10202000002BDDD1EEE700BF24460B086F1EBAF18E
:10203000000F32D127B13946204600F08FFE82468C
:1020400001217B1159F8233007F01F0701FA07F728
:102050001F424FF002072946204618BF4AF0020AE5
:10206000761BFFF7FFFDD8F80450BAF1000F48D0F7
:10207000D8F80C30022B15D0032B17D0012B09D127
:102080001AF0020F06D0D9F800004AEA000A1AF046
:10209000010F0ED147F0100733E04FF0010ACFE7F0
:1020A0000127E2E7159BC3F101031593159B002B54
:1020B000F0D04FF0000CD4F8109004F114034FEA64
:1020C000890B03EB8901184653F8042BB2F1FF3F4B
:1020D0001CD001320260022F04F1140338D1D8F869
:1020E0000020013AB2420AD10122711153F8213085
:1020F00006F01F0602FA06F61E4218BF174647F002
:102100002007149B1C60069B1D60A5E6994243F8BE
:1021100004CCD8D8A368994512DB616802980131D4
:1021200000F004FA8246226904F10C0102329200A6
:102130000C30FCF7F7FE2146029800F02BFA5446CB
:1021400023695A1C2261012204EB83035A61C2E70E
:1021500022694A450BDD01212046FFF783FDD8F8AF
:1021600008300135AB42FFF6DAAE0127C7E716F0BB
:102170001F06FAD09B445BF8040C00F09EFAC6F1EF
:102180002006B042E7DBF0E7C2F10802920070B52A
:10219000C2F120064368046803FA06F52C43D340D5
:1021A000046040F8043F8842F4D370BD30B5036842
:1021B000013311F8014B14B90360012030BD13F84D
:1021C000012BA2F14105192D98BF2032A242F0D077
:1021D0000020F3E72DE9F04F00250B6882465E11E1
:1021E00002EB860613F01F0318BF0436371F904614
:1021F000B9463C46AB4687B00168019346F8045C9B
:1022000002954A784B1C039342B310460591049201
:10221000FFF77BFD00284FD1049A0599202A18D892
:10222000029B9B4513DD4C4506D2072D04DC2A4654
:1022300049462046FFF7A8FF444550D90023A4F1A2
:10224000040944F8043C1D464C46CDF808B00399F7
:10225000D7E7292A56D10231CAF80010BBF1000F86
:1022600050D04C4506D2072D04DC2A46494620466C
:10227000FFF78AFF444534D92346A8F1040253F8F6
:10228000041B9F4242F8041FF9D23B1B23F00303B7
:1022900004330134033EB44288BF04230022434484
:1022A00043F8042B9F42FBD23B681BB9474527D11B
:1022B00001233B60052026E00135082D0BF1010BC1
:1022C00006DD4445C3D90023012544F8043C043C01
:1022D000226800F00F0040EA02122260B7E70825EA
:1022E000B5E7019B002BDFD04FF0FF32C3F1200395
:1022F00022FA03F356F8042C1A4046F8042CD3E7CC
:10230000043FD1E7042007B0BDE8F08F2DE9F84F76
:1023100007468946164600F08BFD184B1C689A4606
:1023200034B14B46984613F8011B39B13D29F9D118
:10233000384600F083FD0020BDE8F88FA8EB0908BF
:10234000A34654F8040B0028F2D042464946FDF754
:102350007BFE0028F4D154F8043C03EB080513F885
:1023600008303D2BECD1DAF800303846ABEB0303F4
:102370009B10336000F062FD681CDDE7480200201E
:1023800007B501AAFFF7C2FF03B05DF804FB000028
:1023900000487047800000202DE9F041D0E9006737
:1023A0000C460023304639464F4A00F04DFD394671
:1023B0000546002330464C4A00F046FD4FF461616B
:1023C000002ABCBF02F5A83202F5C072B2FBF1F3DD
:1023D00001FB13224FF03C01A360B2FBF1F301FBC0
:1023E000132222604FF0070205F52F20ACBF00F644
:1023F0006C2000F66B206360C31C93FBF2F2C2EB0F
:10240000C2029B1A48BF073300283849A361BDBFE9
:10241000A0F50E33A3F52C7393FBF1F190FBF1F1D2
:1024200048F6AC6240F2B45C314B40F26D1703FBEE
:102430000100B0FBF2F2B0FBFCF30244D21A2D4BC8
:102440006426B0FBF3F3D31AB3FBF7F5B3FBFCF34D
:10245000B5FBF6F2D31A0344992007FB153303EBBF
:10246000830C0CF1020CBCFBF0F74FF0050878432D
:102470000230B0FBF8F003F1010EAEEB000040F2C9
:10248000F95EF44594BF4FF0020C6FF0090C6744FD
:102490004FF4C87C0CFB0151012F98BF0131B3F5FB
:1024A000997F0CD3A3F59973E3610023A1F26C71BA
:1024B000E060C4E9047120462362BDE8F08115F0B4
:1024C000030F02D106FB12525AB94FF4C876B5FB7E
:1024D000F6F206FB1252B2FA82F252093B3313446F
:1024E000E2E70122FAE700BF80510100B13A0200A1
:1024F0004FC5FDFFB03A02000028B8BF4042704708
:10250000704770477047704782B001B901A942B166
:102510004BB113780B601278101E18BF012002B067
:1025200070471046FBE76FF00100F8E770B5466AA8
:1025300004460D463EB91020F8F700F8C0E90166E0
:1025400060620660C660666AF36883B1636ADB68CE
:1025500053F82500B8B9012101FA05F6721D20468D
:10256000920000F01CFC60B1C0E901560EE021228F
:102570000421204600F013FC636AF060DB68002B46
:10258000E4D1002070BD026843F825200023C0E993
:102590000333F7E770B5466A05460C463EB910208E
:1025A000F7F7CCFFC0E9016668620660C6603CB11F
:1025B0006B6A6268DB6853F82210216043F822409E
:1025C00070BD2DE9F04198460C4600230E69074680
:1025D00001F1140005680133A9B202FB01812D0C41
:1025E0004FEA114C02FB05C589B201EB05419E4241
:1025F0004FEA154840F8041BECDCB8F1000F1BD083
:10260000A368B34212DC616838460131FFF78EFFE0
:102610000546226904F10C01023292000C30FCF7ED
:1026200081FC21463846FFF7B5FF2C4604EB8603B4
:102630000136C3F8148026612046BDE8F0812DE9FB
:10264000F843154609221F4608330C4693FBF2F364
:102650000646012200219A4220DB3046FFF766FF42
:10266000089B092D43614FF00103036119DD04F15B
:102670000909C8462C4418F8013B01460A22304695
:10268000303BFFF79EFFA045F5D1A5F108044C446F
:102690002D1B6319BB4207DBBDE8F88352000131F3
:1026A000D9E709250A34F3E714F8013B01460A2269
:1026B0003046303BFFF785FFEBE7020C1204034680
:1026C000CAB90304102013F07F4F04BF1B02083067
:1026D00013F0704F04BF1B01043013F0404F04BFD0
:1026E0009B000230002B05DB13F0804F00F101004E
:1026F00008BF202070470020E5E70368024613F07A
:1027000007000BD0D90722D4980749BF5B089B0864
:10271000012013605CBF02201360704799B209B9B1
:1027200010201B0C13F0FF0F04BF1B0A0830190701
:1027300004BF1B090430990704BF9B080230D90766
:1027400003D45B0800F1010003D013607047002040
:1027500070472020704710B50C460121FFF7E6FEB8
:1027600001224461026110BD2DE9F04F15460A694E
:102770002B690C469A42BEBF0B462C461D46276964
:10278000D5F81090A368616807EB0906B342B8BF9B
:10279000013185B0FFF7CAFE00F114010B4600229B
:1027A00001EB860843451DD304F1140305F114021F
:1027B00003EB870702EB890302933B1B153B23F0D6
:1027C0000303043304F11505AF4238BF042301931A
:1027D000029B0392934208D8002E5ADC066105B092
:1027E000BDE8F08F43F8042BDCE7B2F800A0BAF1A3
:1027F000000F24D089464FF0000C04F1140E5EF84F
:10280000045BD9F800B0ABB21FFA8BFB0AFB03B331
:102810004FEA154BD9F8005063444FEA154C0AFBB8
:102820000BC505EB13459BB243EA054377454FEAD9
:10283000154C49F8043BE2D8019B41F803C0039BC7
:102840000432B3F80290B9F1000F20D08E464FF059
:10285000000A0B6804F1140CBCF80050BEF802B07A
:102860009BB209FB05B5AA4443EA0A434EF8043B70
:102870005CF8043BBEF800501B0C09FB0353674592
:1028800003EB1A434FEA134AE6D8019D4B5104313A
:102890009EE758F8043D002BA0D1013E9CE70000C4
:1028A0002DE9F843154612F0030206460F4607D0FD
:1028B000214C013A002354F82220FFF782FE0746FC
:1028C000AD1035D0746A3CB91020F7F737FEC0E977
:1028D000014470620460C460D6F82480D8F80840CF
:1028E0004CB940F271213046FFF735FF0023044612
:1028F000C8F8080003604FF00009EB070AD5394615
:1029000022463046FFF730FF804639463046FFF713
:1029100041FE47466D100BD0206838B9224621464B
:102920003046FFF721FF2060C0F800900446E4E73E
:102930003846BDE8F88300BF28470B082DE9F0476B
:102940000C46074691462369496803EB6218A36861
:102950004FEA621A08F10106B3423FDB3846FFF73F
:10296000E5FD0023054600F1140100F110021846B0
:10297000534536DB20692AEAEA7A04F1140319F098
:102980001F0901EB8A0103EB800C2ED08A4600223E
:10299000C9F1200E186800FA09F002434AF8042B26
:1029A00053F8042B9C4522FA0EF2F3D8ACEB040347
:1029B000153B23F00303043304F11500604588BF81
:1029C0000423CA500AB108F10206013E38462146E6
:1029D0002E61FFF7DFFD2846BDE8F08701315B007F
:1029E000BAE742F8040F0133C2E7043953F8042B65
:1029F0009C4541F8042FF9D8E7E703460A690069C6
:102A000030B5801A0DD11433143103EB820401EB7D
:102A1000820154F8045D51F8042D954202D004D38C
:102A2000012030BDA342F4D3FBE74FF0FF30F8E7BD
:102A30002DE9F84F0C460646114620469246FFF710
:102A4000DCFF051E08D129463046FFF76FFD012344
:102A5000C0E90435BDE8F88FA4BF5346A24630460E
:102A6000DAF80410A6BF1C4600250125FFF75EFD1D
:102A700000F11408DAF81070C5600AF110020AF1CA
:102A800014054FF0000CC246266904F1140905EB49
:102A9000870E09EB860652F804BF59F8043B1FFA6B
:102AA0008BF161441FFA83FC1B0CA1EB0C01C3EBFF
:102AB0001B4303EB214389B24FEA234C4E4541EAC5
:102AC00003434AF8043BE6D8331B153B23F00303CA
:102AD00015340433A64238BF04231D4443441E4624
:102AE0002C4674450ED30EF10302521B22F0030252
:102AF000033DAE4538BF00221A4452F8043D8BB165
:102B00000761A7E754F8048B1FFA88F26244111496
:102B100001EB184192B242EA01424FEA214C46F8D9
:102B2000042BDEE7013FE8E7114B0B40A3F15073A4
:102B3000002B02DD0020194670475B42B3F1A07FF5
:102B40004FF000004FF000014FEA235204DA4FF437
:102B5000002343FA02F17047A2F114031E2BD6BFE3
:102B60004FF00042012322FA03F31846704700BFDA
:102B70000000F07F2DE9F843076900F1140909EB23
:102B8000870757F8046CA7F104083046FFF795FD56
:102B9000C0F120030A280B601F4917DCC14528BF7C
:102BA0000022C0F10B0C26FA0CF338BF57F8082CA2
:102BB00043EA010500F1150306FA03F322FA0CF2C9
:102BC00043EA020420462946BDE8F883C1452EBFEA
:102BD000002257F8082CA7F10808B0F10B0316D013
:102BE000C3F1200722FA07F1C84506FA03F646EAC0
:102BF000010694BF002158F8041C46F07F5502FAE4
:102C000003F0F94045F4401540EA0104DAE71446C0
:102C100046EA0105D6E700BF0000F03F2DE9F34189
:102C20001C46DDE9086501219046FFF77FFCC4F3EF
:102C30001303C4F30A5407462CBB0193B8F10003F5
:102C400026D068460093FFF758FD0099F0B1019A2D
:102C5000C0F1200302FA03F30B43C2407B610192EF
:102C6000019B002B14BF02210121BB613961C4B15A
:102C7000A4F233440444C0F135003460286038467F
:102C800002B0BDE8F08143F48013D6E77961E7E74D
:102C900001A8FFF732FD0121019B39617B612030E2
:102CA000E5E707EB8103A0F2324030601869FFF7D7
:102CB00004FDC0EB41112960E1E72DE9F74F88469B
:102CC00069468146FFF756FF0F4604460D464046CB
:102CD00001A9FFF74FFFD9F81030D8F810208B4624
:102CE000A3EB020CDDE900329B1A03EB4C13002B23
:102CF000D5BF0A462A46C3EB033302EB0357D8BFBE
:102D000002EB035B5B46024639462046FBF7E0F8E0
:102D100003B0BDE8F08F013970B549111469013174
:102D200002F1140300EB810103EB8404051FA342AD
:102D30000CD3A31A113B23F003031132A24288BF24
:102D4000002318440023884205D370BD53F8046B58
:102D500045F8046FEBE740F8043BF4E700F1140298
:102D600000694B11984210B511DB0ADD11F01F010B
:102D700007D052F8234024FA01F000FA01F18C4206
:102D80000BD102EB8303934203D8002010BD03460E
:102D9000F7E753F8041D0029F5D00120F6E738B510
:102DA00002FB01F52946F7F711FC044618B12A4643
:102DB0000021FCF7DFF8204638BD00000020014963
:102DC000704700BF0000F87F2DE9F84305460F4625
:102DD000984600EB02094D450FD0414615F8010B0E
:102DE00000F00EF84146044617F8010B00F008F811
:102DF0000646201A02D1002EEDD10020BDE8F8834E
:102E0000034BC35C03F00303012B08BF2030704762
:102E100021450B080346084641B1FF2A04D98A22FE
:102E20004FF0FF301A60704701200A7070470000B1
:102E30000148FFF766BB00BFCA0400200148FFF746
:102E400062BB00BFCA0400207BB972B90029BEBFB3
:102E500000204FF0004106E008BF00281CBF6FF0C3
:102E600000414FF0FF30FBF721BFADF1080C6DE9D9
:102E700004CE002909DB002B1ADBFBF7B5FDDDF8DA
:102E800004E0DDE9022304B07047404261EB4101F8
:102E9000002B1BDBFBF7A8FDDDF804E0DDE90223D6
:102EA00004B0404261EB4101524263EB430370477F
:102EB000524263EB4303FBF797FDDDF804E0DDE9E5
:102EC000022304B0404261EB41017047524263EB80
:102ED0004303FBF789FDDDF804E0DDE9022304B0DC
:102EE000524263EB4303704738B50C460546214612
:102EF000284600220023FBF733F928B9284621464B
:102F0000BDE83840FBF752BD284604F10041FBF70D
:102F10004DFD404261EB410138BD00BF21000A0870
:102F200061000A0889000A088D000A0800000000F4
:102F30003A0074727565007072696E74454550523E
:102F40004F4D00636C656172454550524F4D0067AF
:102F50006574454550524F4D4D656D6F727955738F
:102F60006167650073657453797374656D4D6F6443
:102F7000650073657446616E5370656564006765CE
:102F80007446616E52504D007377697463684C6586
:102F9000640073776974636853746572696F00675E
:102FA000657453746572696F446961676E6F73000D
:102FB0007377697463685576630073657454696DDB
:102FC000655A6F6E650073657454696D650073654D
:102FD0007443726564656E7469616C7300707269C4
:102FE0006E74437265647300726573657400726514
:102FF00074726976654D61634164647273006D61DA
:103000006341646472730076312E31390046575F34
:1030100056455200417572610061707000617070B8
:103020002E6E6574776F726B000000000000000068
:10303000000000000000000000000000AD000A08D1
:10304000D5000A08000000000000000099030A08EB
:10305000CD030A08DDB80A08D7000A08656E616268
:103060006C6564006C65645F7363686564756C654A
:1030700072007374617465006C65642D7377697494
:10308000636800737461727400656E640025483A69
:10309000254D00312E352E3700737570706F7274A8
:1030A0002E6C6564004C4544207475726E65642016
:1030B0006F666600312E352E36004C4544207475FF
:1030C000726E6564206F6E0000000000000000005A
:1030D000C50B0A08E10B0A08C10B0A080000000032
:1030E00000000000F1100A087576632D737769748B
:1030F000636800312E352E3400737570706F7274F2
:103100002E75766300555643207475726E65642083
:103110006F6E00312E352E35005556432074757272
:103120006E6564206F666600312E352E3800555668
:1031300043207475726E6564206175746F000000C1
:10314000000000000000000011130A08312E342E88
:103150003200737570706F72742E66616E00466116
:103160006E206F6E2028454E5445525F4155544F96
:103170005F4D4F4445290046616E206F6E20284503
:103180004E5445525F484947485F4D2F4C4F572F8B
:1031900053494C454E542F4E494748542900312E2F
:1031A000342E330046616E206F66662028454E54EB
:1031B00045525F4F46465F4D290046616E206F6E57
:1031C000202846414E5F4155544F2900312E342E60
:1031D000310046616E20646F65736E277420776FCF
:1031E000726B2070726F7065726C79000000000065
:1031F0000000000041190A0873746572696F2D732D
:10320000776974636800312E352E320073757070E3
:103210006F72742E73746572696F6E697A6572006D
:1032200053747265696F6E697A6572207475726E17
:103230006564206F6E00312E352E33005374726535
:10324000696F6E697A6572207475726E6564206F3D
:10325000666600312E352E390053747265696F6EC3
:10326000697A6572207475726E6564206175746F19
:1032700000312E352E310053746572696F6E697A94
:10328000657220646F65736E277420776F726B2090
:1032900070726F7065726C790000000000000000B1
:1032A00000000000D11D0A0800000000000000001E
:1032B000ED1F0A08312E31302E3100737570706F9A
:1032C00072742E636F766572005468652066726F43
:1032D0006E7420636F766572206F70656E65640032
:1032E000312E31302E32005468652066726F6E7454
:1032F00020636F76657220636C6F73656400636F23
:1033000076657253746174650073636865640077F1
:10331000686F616D690073746172742D74696D6595
:1033200000746D702D706572696F640073697A65E1
:1033300000312E312E313100737570706F72742E22
:103340006D6F646573005363686564756C657220A6
:10335000646566696E6974696F6E2072656D6F76FB
:1033600065640064656661756C7400616374697698
:10337000652D6D6F646500312E312E3400456E74FD
:1033800065722068696768206D6F646500312E3151
:103390002E3600456E746572206C6F77206D6F64F9
:1033A0006500312E312E313200456E746572207306
:1033B000696C656E74206D6F646500312E312E313D
:1033C0003600456E746572206F6666206D6F6465A9
:1033D00000312E312E313800456E746572206D61DA
:1033E0006E75616C2031206D6F646500312E312E59
:1033F000323000456E746572206D616E75616C20AF
:1034000032206D6F646500312E312E323200456EF0
:10341000746572206D616E75616C2033206D6F6410
:10342000650063757272656E7400312E312E320044
:1034300044656661756C74206D6F64652077617397
:103440002073657420746F3A20006175746F2D735A
:10345000696C656E742D7377697463680053657465
:10346000206175746F2073696C656E74206D6F6474
:1034700065206F6E00312E312E3139005365742076
:103480006175746F2073696C656E74206D6F64650F
:10349000206F666600312E312E3000456E746572E5
:1034A000206175746F206D6F646500312E312E338D
:1034B0000044656661756C74206D6F64652072658B
:1034C0007374617274656420746F204175746F0049
:1034D000706F736974696F6E003A30300025642034
:1034E000256D2025592025483A254D3A25530000C1
:1034F000000000000000000011220A0865220A08EE
:103500006D210A08456E746572204D616E75616C9F
:103510002032206D6F646500312E312E323100452E
:10352000786974204D616E75616C2032206D6F6416
:1035300065000000000000000000000091340A084F
:103540003D360A08312E312E3800456E74657220E2
:103550006E69676874206D6F646500312E312E3995
:103560000045786974206E69676874206D6F6465C2
:10357000000000000000000000000000B9390A0847
:103580004D3A0A08456E746572204D616E75616C26
:103590002031206D6F64650045786974204D616E3F
:1035A00075616C2031206D6F6465000000000000C3
:1035B00000000000193B0A08C53C0A08312E312ED4
:1035C000370045786974206C6F77206D6F646500F3
:1035D0000000000000000000793D0A08253F0A08AD
:1035E000456E746572204D616E75616C2033206D7F
:1035F0006F646500312E312E3233004578697420B6
:103600004D616E75616C2033206D6F646500000044
:103610000000000000000000D93F0A0885410A08A8
:10362000312E312E3500457869742068696768202D
:103630006D6F6465000000000000000000000000E5
:1036400039420A08E5430A08312E312E313300454C
:103650007869742073696C656E74206D6F646500A1
:10366000000000000000000089450A081D460A0805
:103670000000000000000000AD000A08AD000A08CC
:10368000312E312E31370045786974206F666620FF
:103690006D6F646500000000000000000000000085
:1036A00031470A08DD480A08636F6465006E616D82
:1036B00065006D6573736167650061757261646251
:1036C000007B22636F6465223A2200222C20226E46
:1036D000616D65223A2200222C20227479706522C5
:1036E0003A2200222C20226D657373616765223AAD
:1036F0002200227D00000000000000000000000009
:1037000091490A08A5490A08859A0A084D980A08A5
:10371000F5970A08D3970A08DD990A0831980A082C
:10372000417572614D66675473745746005353492F
:103730004400454550524F4D436F6E74656E7400A2
:10374000312E382E3100737570706F72742E637263
:103750006564730057692D46692063726564732040
:1037600072656D6F766564207375636365737366E8
:10377000756C6C7900312E382E330057692D4669EF
:10378000206372656473207761732073657420739E
:1037900075636365737366756C6C790029200069C5
:1037A0006E7465726E616C5F737570706F727400A9
:1037B000454550524F4D206D61726B6564206173B9
:1037C000206E6F7420696E697469616C697A6564D2
:1037D000004E554C4C002F2F22225C5C6208660C78
:1037E0006E0A720D7409006E756C6C00652D0066B2
:1037F000616C736500312E322E3100737570706FFD
:1038000072742E656570726F6D0054686520454551
:1038100050524F4D20636C6561726564207375630F
:103820006365737366756C6C790000000000F03F8F
:10383000000000009999B93F9A9999994D62503FBB
:10384000FCA9F1D2F2D77A3E48AFBC9AAF03D23C82
:103850001656E79ED639803980688965FC53DA327E
:103860000DD1319645549125C2DEB781B207FE0ACB
:10387000148BD77D9999B93F9A999999E17A843FA8
:103880007B14AE47E2361A3F2D431CEB8E79453E42
:103890003A8C30E2B2D29C3CBC89D89723F64939A5
:1038A00033A7A8D5FD0FA5323DA7F44408BA5B2580
:1038B0009D978CCF2806C80A436FAC640000244053
:1038C0000000000000005940000000000088C340D4
:1038D0000000000084D797410000000079C34143F5
:1038E0000080E037B5B89346176E05B5034F384DE5
:1038F000F5F93FE94877825A321D30F9DD4F1575E9
:103900003CBF737F7363686564000000312E392EFD
:103910003100737570706F72742E627574746F6E8F
:1039200000427574746F6E206379636C65642074F3
:103930006F3A2000315F00325F00335F00345F0078
:10394000355F00365F00375F00385F00395F003158
:103950003000312E312E3100335F30303A30305F5D
:103960003000335F3000345F30007265736F747203
:103970006554696D655A6F6E6500312E332E3100C6
:10398000737570706F72742E74696D657A6F6E6581
:1039900000496E76616C69642074696D657A6F6E3A
:1039A000652076616C756500312E332E32005469C6
:1039B0006D657A6F6E652000207761732073657482
:1039C000202620736176656420746F20454550522F
:1039D0004F4D207375636365737366756C6C790006
:1039E00072656D6F7665416C6C00FFFFFFFFFFFF36
:1039F000312E362E3300737570706F72742E7367AC
:103A00007033300053475033302068756D696469F6
:103A1000747920636F6D70656E736174696F6E2069
:103A20006661696C656400312E362E340053475050
:103A30003330206D6561737572656D656E742066D7
:103A400061696C656400312E362E31005347503366
:103A5000302073746172747570207465737420669D
:103A600061696C656400312E362E32005347503345
:103A700030207365747570206661696C6564002020
:103A8000322061200320087B227631223A252E3114
:103A9000662C20227632223A252E31662C20227680
:103AA00033223A25642C20227634223A25642C20B5
:103AB000227635223A25642C20227636223A256455
:103AC0002C20227637223A2225632563222C2022BD
:103AD0007638223A252E31662C20227639223A2554
:103AE0002E31662C2022763130223A25642C202279
:103AF000763131223A205B25642C2025642C202548
:103B0000642C2025642C2025642C2025642C202561
:103B1000642C2025642C2025642C2025642C202551
:103B2000642C2025642C2025642C2025642C202541
:103B3000642C2025642C2025642C2025642C202531
:103B4000642C2025642C2025642C2025642C202521
:103B5000642C2025642C2025642C2025642C202511
:103B6000642C2025642C2025642C2025642C202501
:103B7000642C2025642C2025642C2025642C2025F1
:103B8000642C2025642C2025642C2025642C2025E1
:103B9000642C2025642C2025642C2025642C2025D1
:103BA000642C2025642C2025642C2025642C2025C1
:103BB000642C2025642C2025642C2025645D207D28
:103BC00000312E372E3100737570706F72742E684D
:103BD000646331303830004844433130383020732A
:103BE00065747570206661696C656400312E372ECE
:103BF000320048444331303830206D65617375724E
:103C0000656D656E74206661696C65640053595317
:103C100054454D5F54485245414428454E41424C1D
:103C20004544292069732072657175697265640065
:103C30005075626C69736851756575654173796E0D
:103C40006300636C6561724576656E7473206E7592
:103C50006D4576656E74733D25642073697A653DA4
:103C60002564007175657565696E67206576656E9A
:103C7000744E616D653D257320646174613D2573EB
:103C80002074746C3D256420666C616773313D253A
:103C90006420666C616773323D25642073697A65C0
:103CA0003D256400736176696E67206576656E7484
:103CB000206174206E657874467265653D256400E8
:103CC000616674657220736176696E67206E756DCA
:103CD0004576656E74733D2564206E657874467212
:103CE00065653D256420656E643D256400646973E7
:103CF000636172644F6C646573744576656E74209D
:103D00007365636F6E644576656E743D25642073DC
:103D1000746172743D2564206E6578743D2564205D
:103D20006E657874467265653D25640061667465EC
:103D30007220646973636172644F6C646573744567
:103D400076656E74206E756D4576656E74733D256F
:103D500064206E657874467265653D256400726501
:103D60007461696E6564206E756D4576656E7473F9
:103D70003D256400617420696E6974206E756D451F
:103D800076656E74733D2564206E65787446726541
:103D9000653D2564007075626C697368696E6720A3
:103DA00025732025732074746C3D256420666C6136
:103DB00067733D2578007075626C69736820636174
:103DC0006E63656C6564007075626C6973686564C8
:103DD000207375636365737366756C6C79007075B9
:103DE000626C697368206661696C65642C20776910
:103DF0006C6C20726574727920696E20256C752058
:103E00006D73006170702E707562710000000000AB
:103E10000000000000000000000000008D960A086D
:103E2000AD000A08AD000A08AD000A08AD000A0896
:103E3000AD000A08000000000000000091970A0889
:103E4000A5970A08859A0A084D980A08F5970A085E
:103E5000D3970A08DD990A0831980A0862617564E7
:103E60000053657269616C00555342536572696114
:103E70006C31004A534F4E53747265616D4C6F67DD
:103E800048616E646C657200253031307520005DCC
:103E900020002C200028293A2000205B00636F645A
:103EA00065203D200025690064657461696C73209C
:103EB0003D20000D0A006C6E00666E006465746142
:103EC000696C0000000000000000000057AC0A0808
:103ED0007DAC0A083DAC0A08FBCD0A0800000000D2
:103EE0000000000009B10A0821B10A08DDB80A087B
:103EF000D7000A08000000000000000035B10A08E1
:103F000049B10A0885BA0A0845AC0A080000000051
:103F10000000000055AC0A088BAC0A0819B80A0862
:103F200047AC0A08000000000000000053AC0A087B
:103F300099AC0A0831B00A08B5AC0A08252B303311
:103F4000643A253032750025592D256D2D25645490
:103F500025483A254D3A2553257A006173637469E3
:103F60006D650000000000000000000065C10A0847
:103F70006BC10A08A9C10A0879C10A0867C10A0801
:103F8000000000000000000013C70A0811C70A085B
:103F900045C70A080000000000000000DDC70A084D
:103FA00043C80A081BC80A0837AB0A080DC80A0824
:103FB000DFC70A08EFC70A083DC80A08FFC70A0892
:103FC000D9C70A080000000000000000A1C90A08C3
:103FD00009CA0A08E5C90A0837AB0A08B5C90A08B8
:103FE000D1C90A08C3C90A08DFC90A08A3C90A084F
:103FF000A7C90A08000000000000000005CB0A085D
:104000004FCB0A0827CB0A0807CB0A082FCB0A0890
:1040100037CB0A083FCB0A0847CB0A08000000004C
:1040200000000000AFCC0A08A5CC0A089BCC0A0807
:104030002FCC0A083B4C0A08474C0A0831CD0A0825
:1040400039CD0A088FCC0A0887CC0A087DCC0A082B
:10405000534C0A0839CC0A08000000000000000098
:10406000F1CC0A08FBCC0A0805CD0A080FCD0A08D6
:1040700019CD0A0825CD0A0831CD0A0839CD0A081C
:1040800041CD0A084DCD0A0855CD0A085FCD0A0872
:1040900069CD0A08257500752530347800000000C8
:1040A00065787066000000000000003F000000BF5F
:1040B0008071313F807131BFD1F71737D1F717B712
:1040C000252E337320252E337325336420252E327D
:1040D000643A252E32643A252E32642025640A0083
:1040E00053756E4D6F6E54756557656454687546AB
:1040F00072695361744A616E4665624D61724170C6
:10410000724D61794A756E4A756C41756753657079
:104110004F63744E6F764465630000001F0000001B
:104120001C0000001F0000001E0000001F00000017
:104130001E0000001F0000001F0000001E00000005
:104140001F0000001E0000001F0000000000000013
:104150001F0000003B0000005A0000007800000033
:1041600097000000B5000000D4000000F30000003C
:1041700011010000300100004E0100001F0000008E
:104180001C0000001F0000001E0000001F000000B7
:104190001E0000001F0000001F0000001E000000A5
:1041A0001F0000001E0000001F0000001F00000094
:1041B0001D0000001F0000001E0000001F00000086
:1041C0001E0000001F0000001F0000001E00000075
:1041D0001F0000001E0000001F0000002573252E98
:1041E0002A6400257325302E2A64002B00253264B2
:1041F00000252E32642F252E32642F252E326400A6
:10420000256C75002E2A7500252E336400256C6CF4
:104210006400252E32643A252E32643A252E32640B
:1042200000252B30336C64252E326C6400256D2FF5
:1042300025642F25790025592D256D2D2564000035
:10424000000000001F0000003B0000005A000000BA
:104250007800000097000000B5000000D4000000C6
:10426000F300000011010000300100004E010000C9
:104270006E6600696E697479000000003500000008
:10428000CEFBFFFFCB030000010000000000000098
:1042900034000000CEFBFFFFCB0300000100000054
:1042A0000000000000000000BC89D897B2D29C3CFE
:1042B00033A7A8D523F649393DA7F444FD0FA5320D
:1042C0009D978CCF08BA5B25436FAC6428066811B4
:1042D0004A616E00466562004D6172004170720075
:1042E0004D6179004A756E004A756C004175670032
:1042F000536570004F6374004E6F76004465630031
:104300004A616E7561727900466562727561727993
:10431000004D6172636800417072696C004A756E8D
:1043200065004A756C790041756775737400536553
:104330007074656D626572004F63746F62657200C0
:104340004E6F76656D62657200446563656D62658A
:10435000720053756E004D6F6E00547565005765A1
:1043600064005468750046726900536174005375A7
:104370006E646179004D6F6E646179005475657388
:10438000646179005765646E65736461790054688F
:104390007572736461790046726964617900536172
:1043A000747572646179002561202562202565207D
:1043B00025483A254D3A255320255900414D0025E1
:1043C000612025622025652025483A254D3A255350
:1043D00020255A202559006D640025493A254D3A7B
:1043E0002553202570000000D0420B08D4420B0852
:1043F000D8420B08DC420B08E0420B08E4420B08F1
:10440000E8420B08EC420B08F0420B08F4420B08A0
:10441000F8420B08FC420B0800430B0808430B084A
:1044200011430B0817430B08E0420B081D430B0810
:1044300022430B0827430B082E430B0838430B0875
:1044400040430B0849430B0852430B0856430B08E3
:104450005A430B085E430B0862430B0866430B0884
:104460006A430B086E430B0875430B087C430B082B
:1044700084430B088E430B0897430B089E430B089D
:10448000E6340B082D420B08A7430B08BC430B086E
:10449000852F0B08BF430B0800430B0808430B088C
:1044A00011430B0817430B08E0420B081D430B0890
:1044B00022430B0827430B082E430B0838430B08F5
:1044C00040430B0849430B08D7430B08DA430B085A
:1044D000E6370B08E6370B08E6370B08E6370B081C
:1044E000E6370B08545A00474D54002531305B5EC7
:1044F000302D392C2B2D5D256E004D256875256ED0
:104500002E256875256E2E256875256E002F256869
:1045100075256E3A256875256E3A256875256E00F5
:104520000020202020202020202028282828282083
:10453000202020202020202020202020202020207B
:1045400020881010101010101010101010101010E3
:1045500010040404040404040404041010101010D3
:10456000101041414141414101010101010101019D
:1045700001010101010101010101010110101010EF
:10458000101042424242424202020202020202026F
:1045900002020202020202020202020210101010C3
:1045A00020000000000000000000000000000000EB
:1045B00000000000000000000000000000000000FB
:1045C00000000000000000000000000000000000EB
:1045D00000000000000000000000000000000000DB
:1045E00000000000000000000000000000000000CB
:1045F00000000000000000000000000000000000BB
:1046000000000000000000000000000000000000AA
:10461000000000000000000000000000000000009A
:10462000002E000021460B08E6370B08D8000020BA
:104630004300504F534958000080E03779C341434D
:10464000176E05B5B5B89346F5F93FE9034F384DF8
:10465000321D30F94877825A3CBF737FDD4F1575A4
:10466000000000000000F03F0000000000002440B7
:1046700000000000000059400000000000408F4092
:10468000000000000088C34000000000006AF840FD
:104690000000000080842E4100000000D012634121
:1046A0000000000084D797410000000065CDCD4197
:1046B000000000205FA00242000000E87648374278
:1046C000000000A2941A6D42000040E59C30A24216
:1046D0000000901EC4BCD64200003426F56B0C438B
:1046E0000080E03779C3414300A0D8855734764332
:1046F00000C84E676DC1AB43003D9160E458E14393
:10470000408CB5781DAF154450EFE2D6E41A4B4407
:1047100092D54D06CFF08044F64AE1C7022DB5444C
:10472000B49DD9794378EA440500000019000000DF
:104730007D00000085080A08594B0A0895520A08AE
:10474000D5740A08C19C0A08BDA60A08CDB80A0893
:104750007DBF0A08FDBF0A08DDCC0A08B9CD0A08EA
:104760000DD40A0800000000000000000000000056
:0847700078A2FF7F01000000A8
:104778000000000000000000000000000000000031
:104788000000000000000000000000000000000021
:104798000000000000000000000000000000000011
:1047A8000000000000000000000000000000000001
:1047B80000000000000000000000000000000000F1
:1047C80000000000000000000000000000000000E1
:1047D80000000000000000000000000000000000D1
:1047E80000000000000000000000000000000000C1
:1047F80000000000000000000000000000000000B1
:1048080000000000000000000000000000000000A0
:104818000000000000000000000000000000000090
:104828000000000000000000000000000000000080
:104838000000000000000000000000000000000070
:104848000000000000000000000000000000000060
:104858000000000000000000000000000000000050
:104868000000000000000000000000000000000040
:104878000000000000000000000000000000000030
:104888000000000000000000000000000000000020
:104898000000000000000000000000000000000010
:1048A8000000000000000000000000000000000000
:1048B80000000000000000000000000000000000F0
:1048C80000000000000000000000000000000000E0
:1048D80000000000000000000000000000000000D0
:1048E80000000000000000000000000000000000C0
:1048F80000000000000000000000000000000000B0
:10490800000000000000000000000000000000009F
:10491800000000000000000000000000000000008F
:10492800000000000000000000000000000000007F
:10493800000000000000000000000000000000006F
:10494800000000000000000000000000000000005F
:10495800000000000000000000000000000000004F
:10496800000000000000000000000000000000003F
:10497800000000000000000000000000000000002F
:10498800000000000000000000000000000000001F
:10499800000000000000000000000000000000000F
:1049A80000000000000000000000000000000000FF
:1049B80000000000000000000000000000000000EF
:1049C80000000000000000000000000000000000DF
:1049D80000000000000000000000000000000000CF
:1049E80000000000000000000000000000000000BF
:1049F80000000000000000000000000000000000AF
:104A0800000000000000000000000000000000009E
:104A1800000000000000000000000000000000008E
:104A2800000000000000000000000000000000007E
:104A3800000000000000000000000000000000006E
:104A4800000000000000000000000000000000005E
:104A5800000000000000000000000000000000004E
:104A6800000000000000000000000000000000003E
:104A7800000000000000000000000000000000002E
:104A8800000000000000000000000000000000001E
:104A9800000000000000000000000000000000000E
:104AA80000000000000000000000000000000000FE
:104AB80000000000000000000000000000000000EE
:104AC80000000000000000000000000000000000DE
:104AD80000000000000000000000000000000000CE
:104AE80000000000000000000000000000000000BE
:104AF80000000000000000000000000000000000AE
:104B0800000000000000000000000000000000009D
:104B1800000000000000000000000000000000008D
:104B2800000000000000000000000000000000007D
:104B3800000000000000000000000000000000006D
:104B4800000000000000000000000000000000005D
:104B5800000000000000000000000000000000004D
:104B6800000000000000000000000000000000003D
:104B7800000000000000000000000000000000002D
:104B8800000000000000000000000000000000001D
:104B9800000000000000000000000000000000000D
:104BA80000000000000000000000000000000000FD
:104BB80000000000000000000000000000000000ED
:104BC80000000000000000000000000000000000DD
:104BD80000000000000000000000000000000000CD
:104BE80000000000000000000000000000000000BD
:104BF80000000000000000000000000000000000AD
:104C0800000000000000000000000000000000009C
:104C1800000000000000000000000000000000008C
:104C2800000000000000000000000000000000007C
:104C3800000000000000000000000000000000006C
:104C4800000000000000000000000000000000005C
:104C5800000000000000000000000000000000004C
:104C6800000000000000000000000000000000003C
:104C7800000000000000000000000000000000002C
:104C8800000000000000000000000000000000001C
:104C9800000000000000000000000000000000000C
:104CA80000000000000000000000000000000000FC
:104CB80000000000000000000000000000000000EC
:104CC80000000000000000000000000000000000DC
:104CD80000000000000000000000000000000000CC
:104CE80000000000000000000000000000000000BC
:104CF80000000000000000000000000000000000AC
:104D0800000000000000000000000000000000009B
:104D1800000000000000000000000000000000008B
:104D2800000000000000000000000000000000007B
:104D3800000000000000000000000000000000006B
:104D4800000000000000000000000000000000005B
:104D5800000000000000000000000000000000004B
:104D6800000000000000000000000000000000003B
:104D7800000000000000000000000000000000002B
:104D8800000000000000000000000000000000001B
:104D9800000000000000000000000000000000000B
:104DA80000000000000000000000000000000000FB
:104DB80000000000000000000000000000000000EB
:104DC80000000000000000000000000000000000DB
:104DD80000000000000000000000000000000000CB
:104DE80000000000000000000000000000000000BB
:104DF80000000000000000000000000000000000AB
:104E0800000000000000000000000000000000009A
:104E1800000000000000000000000000000000008A
:104E2800000000000000000000000000000000007A
:104E3800000000000000000000000000000000006A
:104E4800000000000000000000000000000000005A
:104E5800000000000000000000000000000000004A
:104E6800000000000000000000000000000000003A
:104E7800000000000000000000000000000000002A
:104E8800000000000000000000000000000000001A
:104E9800000000000000000000000000000000000A
:104EA80000000000000000000000000000000000FA
:104EB80000000000000000000000000000000000EA
:104EC80000000000000000000000000000000000DA
:104ED80000000000000000000000000000000000CA
:104EE80000000000000000000000000000000000BA
:104EF80000000000000000000000000000000000AA
:104F08000000000000000000000000000000000099
:104F18000000000000000000000000000000000089
:104F28000000000000000000000000000000000079
:104F38000000000000000000000000000000000069
:104F48000000000000000000000000000000000059
:104F58000000000000000000000000000000000049
:104F68000000000000000000000000000000000039
:044F78000000000035
:104F7C00143F0B082C3F0B085B3F0B080100000093
:104F8C0014000020000000000000000000000000E1
:104F9C000000000000000000000000000000000005
:104FAC0000000000000000000000000000000000F5
:104FBC0000000000000000000000000000000000E5
:104FCC0000000000000000000000000000000000D5
:104FDC0000000000000000000000000000000000C5
:104FEC0000000000E7440B08E7440B080000000039
:104FFC0001000000000000004A000000000000005A
:10500C000000000000000000000000000000000094
:10501C000000000000000000000000000000000084
:10502C004A0000000000000000000000000000002A
:10503C000000000000000000000000000000000064
:10504C000000000000000000FF0000004300000012
:10505C000000000000000000000000000000000044
:10506C0000000000000000000000000043000000F1
:10507C000000000000000000000000000000000024
:10508C0000000000000000000000000043000000D1
:10509C000000000000000000000000000000000004
:1050AC0000000000000000000000000043000000B1
:1050BC0000000000000000000000000000000000E4
:1050CC000000000000000000000000004300000091
:1050DC0000000000000000000000000000000000C4
:1050EC000000000000000000000000004300000071
:1050FC0000000000000000000000000000000000A4
:10510C000000000000000000000000004300000050
:10511C000000000000000000000000000000000083
:10512C00000000000000000000000000152E0B081D
:10513C0009250B080000000020450B0821460B0830
:10514C00E6370B08E6370B08E6370B08E6370B0893
:10515C00E6370B08E6370B08E6370B08E6370B0883
:10516C00E6370B08FFFFFFFFFFFFFFFFFFFFFFFF0F
:10517C00FFFF0000010041534349490000000000BB
:10518C000000000000000000000000000000000013
:10519C00000000000000415343494900000000009A
:1051AC0000000000000000000000000000000000F3
:0C51BC000000000000000000C004002003
:1051C800FFFFFFFF16253800000001020304050653
:1051D8000708090A0B0C0D0E0F10111213141516DF
:0C51E8001718191A1B1C1D1E1F20280080
:0451F40078563412A3
:04000005080A0020C5
:00000001FF
